== ../../data/genuine/optima.txt
C3: N=15 V=15 E=30 F=17 free=0  all pass
  HexChoice: distinct faces                                  ok   min slack 1.000 e0
  InClass: KConnected 3                                      ok   min slack 1.000 e0
  InClass: V - E + F - 2                                     ok   max|res| 0.e-19
  InClass: degrees 3 to 5                                    ok   min slack 1.000 e0
  InClass: face sizes 3 to 6                                 ok   min slack 1.000 e0
  Realisation: 0 < d                                         ok   min slack 9.365 e-1
  Realisation: convex (StrictSupportFace)                    ok   min slack 1.029 e-1
  Realisation: corner < pi                                   ok   min slack 1.593 e-1
  Realisation: corner >= alpha d                             ok   min slack -7.998 e-41
  Realisation: d < pi/2                                      ok   min slack 6.343 e-1
  Realisation: edge sdist = d                                ok   max|res| 1.367 e-40
  Realisation: sep                                           ok   min slack -1.806 e-41
  Realisation: unit                                          ok   max|res| 3.689 e-41
  RelSys: pent eta in [-1,1]                                 ok   min slack 3.234 e-1
  RelSys: pent u0                                            ok   max|res| 1.417 e-40
  RelSys: pent u2                                            ok   max|res| 1.517 e-40
  RelSys: pent u3                                            ok   max|res| 1.599 e-40
  RelSys: rhombus fc1 = rho d fc0                            ok   max|res| 1.400 e-40
  RelSys: rhombus fc2 = fc0                                  ok   max|res| 1.766 e-40
  RelSys: tri                                                ok   max|res| 1.758 e-40
  RelSys: vertex_sum                                         ok   max|res| 1.510 e-41
  angular: least corner unique (gap)                         ok   min slack 1.190 e0
  angular: rot is a permutation                              ok   min slack 1.000 e0
  angular: rot keeps the vertex                              ok   min slack 1.000 e0
  glue: BFS tree spans                                       ok   min slack 1.000 e0
  glue: Gram of glueY = Gram of x                            ok   max|res| 2.807 e-40
  glue: orientation kept                                     ok   min slack 1.000 e0
  library: same faces                                        ok   min slack 1.000 e0
  range at d = psi*: d <= dhi                                ok   min slack 5.260 e-2
  range at d = psi*: dlo <= d                                ok   min slack 2.268 e-9
C3-mirror: N=15 V=15 E=30 F=17 free=0  all pass
  HexChoice: distinct faces                                  ok   min slack 1.000 e0
  InClass: KConnected 3                                      ok   min slack 1.000 e0
  InClass: V - E + F - 2                                     ok   max|res| 0.e-19
  InClass: degrees 3 to 5                                    ok   min slack 1.000 e0
  InClass: face sizes 3 to 6                                 ok   min slack 1.000 e0
  Realisation: 0 < d                                         ok   min slack 9.365 e-1
  Realisation: convex (StrictSupportFace)                    ok   min slack 1.029 e-1
  Realisation: corner < pi                                   ok   min slack 1.593 e-1
  Realisation: corner >= alpha d                             ok   min slack -7.998 e-41
  Realisation: d < pi/2                                      ok   min slack 6.343 e-1
  Realisation: edge sdist = d                                ok   max|res| 1.367 e-40
  Realisation: sep                                           ok   min slack -1.806 e-41
  Realisation: unit                                          ok   max|res| 3.689 e-41
  RelSys: pent eta in [-1,1]                                 ok   min slack 3.234 e-1
  RelSys: pent u0                                            ok   max|res| 1.417 e-40
  RelSys: pent u2                                            ok   max|res| 1.599 e-40
  RelSys: pent u3                                            ok   max|res| 1.517 e-40
  RelSys: rhombus fc1 = rho d fc0                            ok   max|res| 1.399 e-40
  RelSys: rhombus fc2 = fc0                                  ok   max|res| 1.766 e-40
  RelSys: tri                                                ok   max|res| 1.758 e-40
  RelSys: vertex_sum                                         ok   max|res| 1.510 e-41
  angular: least corner unique (gap)                         ok   min slack 1.190 e0
  angular: rot is a permutation                              ok   min slack 1.000 e0
  angular: rot keeps the vertex                              ok   min slack 1.000 e0
  glue: BFS tree spans                                       ok   min slack 1.000 e0
  glue: Gram of glueY = Gram of x                            ok   max|res| 2.808 e-40
  glue: orientation kept                                     ok   min slack 1.000 e0
  library: same faces                                        ok   min slack 1.000 e0
  range at d = psi*: d <= dhi                                ok   min slack 5.260 e-2
  range at d = psi*: dlo <= d                                ok   min slack 2.268 e-9
C1: N=15 V=15 E=30 F=17 free=0  all pass
  HexChoice: distinct faces                                  ok   min slack 1.000 e0
  InClass: KConnected 3                                      ok   min slack 1.000 e0
  InClass: V - E + F - 2                                     ok   max|res| 0.e-19
  InClass: degrees 3 to 5                                    ok   min slack 1.000 e0
  InClass: face sizes 3 to 6                                 ok   min slack 1.000 e0
  Realisation: 0 < d                                         ok   min slack 9.365 e-1
  Realisation: convex (StrictSupportFace)                    ok   min slack 1.029 e-1
  Realisation: corner < pi                                   ok   min slack 1.593 e-1
  Realisation: corner >= alpha d                             ok   min slack -7.998 e-41
  Realisation: d < pi/2                                      ok   min slack 6.343 e-1
  Realisation: edge sdist = d                                ok   max|res| 1.367 e-40
  Realisation: sep                                           ok   min slack -1.806 e-41
  Realisation: unit                                          ok   max|res| 3.689 e-41
  RelSys: pent eta in [-1,1]                                 ok   min slack 3.234 e-1
  RelSys: pent u0                                            ok   max|res| 1.417 e-40
  RelSys: pent u2                                            ok   max|res| 1.517 e-40
  RelSys: pent u3                                            ok   max|res| 1.599 e-40
  RelSys: rhombus fc1 = rho d fc0                            ok   max|res| 1.400 e-40
  RelSys: rhombus fc2 = fc0                                  ok   max|res| 1.766 e-40
  RelSys: tri                                                ok   max|res| 1.758 e-40
  RelSys: vertex_sum                                         ok   max|res| 1.510 e-41
  angular: least corner unique (gap)                         ok   min slack 1.190 e0
  angular: rot is a permutation                              ok   min slack 1.000 e0
  angular: rot keeps the vertex                              ok   min slack 1.000 e0
  glue: BFS tree spans                                       ok   min slack 1.000 e0
  glue: Gram of glueY = Gram of x                            ok   max|res| 2.853 e-40
  glue: orientation kept                                     ok   min slack 1.000 e0
  library: same faces                                        ok   min slack 1.000 e0
  range at d = psi*: d <= dhi                                ok   min slack 5.260 e-2
  range at d = psi*: dlo <= d                                ok   min slack 2.268 e-9
C1-mirror: N=15 V=15 E=30 F=17 free=0  all pass
  HexChoice: distinct faces                                  ok   min slack 1.000 e0
  InClass: KConnected 3                                      ok   min slack 1.000 e0
  InClass: V - E + F - 2                                     ok   max|res| 0.e-19
  InClass: degrees 3 to 5                                    ok   min slack 1.000 e0
  InClass: face sizes 3 to 6                                 ok   min slack 1.000 e0
  Realisation: 0 < d                                         ok   min slack 9.365 e-1
  Realisation: convex (StrictSupportFace)                    ok   min slack 1.029 e-1
  Realisation: corner < pi                                   ok   min slack 1.593 e-1
  Realisation: corner >= alpha d                             ok   min slack -7.998 e-41
  Realisation: d < pi/2                                      ok   min slack 6.343 e-1
  Realisation: edge sdist = d                                ok   max|res| 1.367 e-40
  Realisation: sep                                           ok   min slack -1.806 e-41
  Realisation: unit                                          ok   max|res| 3.689 e-41
  RelSys: pent eta in [-1,1]                                 ok   min slack 3.234 e-1
  RelSys: pent u0                                            ok   max|res| 1.417 e-40
  RelSys: pent u2                                            ok   max|res| 1.599 e-40
  RelSys: pent u3                                            ok   max|res| 1.517 e-40
  RelSys: rhombus fc1 = rho d fc0                            ok   max|res| 1.399 e-40
  RelSys: rhombus fc2 = fc0                                  ok   max|res| 1.766 e-40
  RelSys: tri                                                ok   max|res| 1.758 e-40
  RelSys: vertex_sum                                         ok   max|res| 1.510 e-41
  angular: least corner unique (gap)                         ok   min slack 1.190 e0
  angular: rot is a permutation                              ok   min slack 1.000 e0
  angular: rot keeps the vertex                              ok   min slack 1.000 e0
  glue: BFS tree spans                                       ok   min slack 1.000 e0
  glue: Gram of glueY = Gram of x                            ok   max|res| 2.851 e-40
  glue: orientation kept                                     ok   min slack 1.000 e0
  library: same faces                                        ok   min slack 1.000 e0
  range at d = psi*: d <= dhi                                ok   min slack 5.260 e-2
  range at d = psi*: dlo <= d                                ok   min slack 2.268 e-9
frame-7-10-9: N=15 V=15 E=30 F=17 free=0  all pass
  HexChoice: distinct faces                                  ok   min slack 1.000 e0
  InClass: KConnected 3                                      ok   min slack 1.000 e0
  InClass: V - E + F - 2                                     ok   max|res| 0.e-19
  InClass: degrees 3 to 5                                    ok   min slack 1.000 e0
  InClass: face sizes 3 to 6                                 ok   min slack 1.000 e0
  Realisation: 0 < d                                         ok   min slack 9.365 e-1
  Realisation: convex (StrictSupportFace)                    ok   min slack 1.029 e-1
  Realisation: corner < pi                                   ok   min slack 1.593 e-1
  Realisation: corner >= alpha d                             ok   min slack -7.998 e-41
  Realisation: d < pi/2                                      ok   min slack 6.343 e-1
  Realisation: edge sdist = d                                ok   max|res| 1.367 e-40
  Realisation: sep                                           ok   min slack -1.806 e-41
  Realisation: unit                                          ok   max|res| 3.689 e-41
  RelSys: pent eta in [-1,1]                                 ok   min slack 3.234 e-1
  RelSys: pent u0                                            ok   max|res| 1.417 e-40
  RelSys: pent u2                                            ok   max|res| 1.517 e-40
  RelSys: pent u3                                            ok   max|res| 1.599 e-40
  RelSys: rhombus fc1 = rho d fc0                            ok   max|res| 1.400 e-40
  RelSys: rhombus fc2 = fc0                                  ok   max|res| 1.766 e-40
  RelSys: tri                                                ok   max|res| 1.758 e-40
  RelSys: vertex_sum                                         ok   max|res| 1.510 e-41
  angular: least corner unique (gap)                         ok   min slack 1.190 e0
  angular: rot is a permutation                              ok   min slack 1.000 e0
  angular: rot keeps the vertex                              ok   min slack 1.000 e0
  glue: BFS tree spans                                       ok   min slack 1.000 e0
  glue: Gram of glueY = Gram of x                            ok   max|res| 2.853 e-40
  glue: orientation kept                                     ok   min slack 1.000 e0
  library: same faces                                        ok   min slack 1.000 e0
  range at d = psi*: d <= dhi                                ok   min slack 5.260 e-2
  range at d = psi*: dlo <= d                                ok   min slack 2.268 e-9
frame-7-10-9-mirror: N=15 V=15 E=30 F=17 free=0  all pass
  HexChoice: distinct faces                                  ok   min slack 1.000 e0
  InClass: KConnected 3                                      ok   min slack 1.000 e0
  InClass: V - E + F - 2                                     ok   max|res| 0.e-19
  InClass: degrees 3 to 5                                    ok   min slack 1.000 e0
  InClass: face sizes 3 to 6                                 ok   min slack 1.000 e0
  Realisation: 0 < d                                         ok   min slack 9.365 e-1
  Realisation: convex (StrictSupportFace)                    ok   min slack 1.029 e-1
  Realisation: corner < pi                                   ok   min slack 1.593 e-1
  Realisation: corner >= alpha d                             ok   min slack -7.998 e-41
  Realisation: d < pi/2                                      ok   min slack 6.343 e-1
  Realisation: edge sdist = d                                ok   max|res| 1.367 e-40
  Realisation: sep                                           ok   min slack -1.806 e-41
  Realisation: unit                                          ok   max|res| 3.689 e-41
  RelSys: pent eta in [-1,1]                                 ok   min slack 3.234 e-1
  RelSys: pent u0                                            ok   max|res| 1.417 e-40
  RelSys: pent u2                                            ok   max|res| 1.599 e-40
  RelSys: pent u3                                            ok   max|res| 1.517 e-40
  RelSys: rhombus fc1 = rho d fc0                            ok   max|res| 1.399 e-40
  RelSys: rhombus fc2 = fc0                                  ok   max|res| 1.766 e-40
  RelSys: tri                                                ok   max|res| 1.758 e-40
  RelSys: vertex_sum                                         ok   max|res| 1.510 e-41
  angular: least corner unique (gap)                         ok   min slack 1.190 e0
  angular: rot is a permutation                              ok   min slack 1.000 e0
  angular: rot keeps the vertex                              ok   min slack 1.000 e0
  glue: BFS tree spans                                       ok   min slack 1.000 e0
  glue: Gram of glueY = Gram of x                            ok   max|res| 2.851 e-40
  glue: orientation kept                                     ok   min slack 1.000 e0
  library: same faces                                        ok   min slack 1.000 e0
  range at d = psi*: d <= dhi                                ok   min slack 5.260 e-2
  range at d = psi*: dlo <= d                                ok   min slack 2.268 e-9
frame-7-10-11: N=15 V=15 E=30 F=17 free=0  all pass
  HexChoice: distinct faces                                  ok   min slack 1.000 e0
  InClass: KConnected 3                                      ok   min slack 1.000 e0
  InClass: V - E + F - 2                                     ok   max|res| 0.e-19
  InClass: degrees 3 to 5                                    ok   min slack 1.000 e0
  InClass: face sizes 3 to 6                                 ok   min slack 1.000 e0
  Realisation: 0 < d                                         ok   min slack 9.365 e-1
  Realisation: convex (StrictSupportFace)                    ok   min slack 1.029 e-1
  Realisation: corner < pi                                   ok   min slack 1.593 e-1
  Realisation: corner >= alpha d                             ok   min slack -7.998 e-41
  Realisation: d < pi/2                                      ok   min slack 6.343 e-1
  Realisation: edge sdist = d                                ok   max|res| 1.367 e-40
  Realisation: sep                                           ok   min slack -1.806 e-41
  Realisation: unit                                          ok   max|res| 3.689 e-41
  RelSys: pent eta in [-1,1]                                 ok   min slack 3.234 e-1
  RelSys: pent u0                                            ok   max|res| 1.417 e-40
  RelSys: pent u2                                            ok   max|res| 1.517 e-40
  RelSys: pent u3                                            ok   max|res| 1.599 e-40
  RelSys: rhombus fc1 = rho d fc0                            ok   max|res| 1.400 e-40
  RelSys: rhombus fc2 = fc0                                  ok   max|res| 1.766 e-40
  RelSys: tri                                                ok   max|res| 1.758 e-40
  RelSys: vertex_sum                                         ok   max|res| 1.510 e-41
  angular: least corner unique (gap)                         ok   min slack 1.190 e0
  angular: rot is a permutation                              ok   min slack 1.000 e0
  angular: rot keeps the vertex                              ok   min slack 1.000 e0
  glue: BFS tree spans                                       ok   min slack 1.000 e0
  glue: Gram of glueY = Gram of x                            ok   max|res| 2.853 e-40
  glue: orientation kept                                     ok   min slack 1.000 e0
  library: same faces                                        ok   min slack 1.000 e0
  range at d = psi*: d <= dhi                                ok   min slack 5.260 e-2
  range at d = psi*: dlo <= d                                ok   min slack 2.268 e-9
frame-7-10-11-mirror: N=15 V=15 E=30 F=17 free=0  all pass
  HexChoice: distinct faces                                  ok   min slack 1.000 e0
  InClass: KConnected 3                                      ok   min slack 1.000 e0
  InClass: V - E + F - 2                                     ok   max|res| 0.e-19
  InClass: degrees 3 to 5                                    ok   min slack 1.000 e0
  InClass: face sizes 3 to 6                                 ok   min slack 1.000 e0
  Realisation: 0 < d                                         ok   min slack 9.365 e-1
  Realisation: convex (StrictSupportFace)                    ok   min slack 1.029 e-1
  Realisation: corner < pi                                   ok   min slack 1.593 e-1
  Realisation: corner >= alpha d                             ok   min slack -7.998 e-41
  Realisation: d < pi/2                                      ok   min slack 6.343 e-1
  Realisation: edge sdist = d                                ok   max|res| 1.367 e-40
  Realisation: sep                                           ok   min slack -1.806 e-41
  Realisation: unit                                          ok   max|res| 3.689 e-41
  RelSys: pent eta in [-1,1]                                 ok   min slack 3.234 e-1
  RelSys: pent u0                                            ok   max|res| 1.417 e-40
  RelSys: pent u2                                            ok   max|res| 1.599 e-40
  RelSys: pent u3                                            ok   max|res| 1.517 e-40
  RelSys: rhombus fc1 = rho d fc0                            ok   max|res| 1.399 e-40
  RelSys: rhombus fc2 = fc0                                  ok   max|res| 1.766 e-40
  RelSys: tri                                                ok   max|res| 1.758 e-40
  RelSys: vertex_sum                                         ok   max|res| 1.510 e-41
  angular: least corner unique (gap)                         ok   min slack 1.190 e0
  angular: rot is a permutation                              ok   min slack 1.000 e0
  angular: rot keeps the vertex                              ok   min slack 1.000 e0
  glue: BFS tree spans                                       ok   min slack 1.000 e0
  glue: Gram of glueY = Gram of x                            ok   max|res| 2.851 e-40
  glue: orientation kept                                     ok   min slack 1.000 e0
  library: same faces                                        ok   min slack 1.000 e0
  range at d = psi*: d <= dhi                                ok   min slack 5.260 e-2
  range at d = psi*: dlo <= d                                ok   min slack 2.268 e-9
frame-12-8-9: N=15 V=15 E=30 F=17 free=0  all pass
  HexChoice: distinct faces                                  ok   min slack 1.000 e0
  InClass: KConnected 3                                      ok   min slack 1.000 e0
  InClass: V - E + F - 2                                     ok   max|res| 0.e-19
  InClass: degrees 3 to 5                                    ok   min slack 1.000 e0
  InClass: face sizes 3 to 6                                 ok   min slack 1.000 e0
  Realisation: 0 < d                                         ok   min slack 9.365 e-1
  Realisation: convex (StrictSupportFace)                    ok   min slack 1.029 e-1
  Realisation: corner < pi                                   ok   min slack 1.593 e-1
  Realisation: corner >= alpha d                             ok   min slack -7.998 e-41
  Realisation: d < pi/2                                      ok   min slack 6.343 e-1
  Realisation: edge sdist = d                                ok   max|res| 1.367 e-40
  Realisation: sep                                           ok   min slack -1.806 e-41
  Realisation: unit                                          ok   max|res| 3.689 e-41
  RelSys: pent eta in [-1,1]                                 ok   min slack 3.234 e-1
  RelSys: pent u0                                            ok   max|res| 1.417 e-40
  RelSys: pent u2                                            ok   max|res| 1.517 e-40
  RelSys: pent u3                                            ok   max|res| 1.599 e-40
  RelSys: rhombus fc1 = rho d fc0                            ok   max|res| 1.400 e-40
  RelSys: rhombus fc2 = fc0                                  ok   max|res| 1.766 e-40
  RelSys: tri                                                ok   max|res| 1.758 e-40
  RelSys: vertex_sum                                         ok   max|res| 1.510 e-41
  angular: least corner unique (gap)                         ok   min slack 1.190 e0
  angular: rot is a permutation                              ok   min slack 1.000 e0
  angular: rot keeps the vertex                              ok   min slack 1.000 e0
  glue: BFS tree spans                                       ok   min slack 1.000 e0
  glue: Gram of glueY = Gram of x                            ok   max|res| 2.853 e-40
  glue: orientation kept                                     ok   min slack 1.000 e0
  library: same faces                                        ok   min slack 1.000 e0
  range at d = psi*: d <= dhi                                ok   min slack 5.260 e-2
  range at d = psi*: dlo <= d                                ok   min slack 2.268 e-9
frame-12-8-9-mirror: N=15 V=15 E=30 F=17 free=0  all pass
  HexChoice: distinct faces                                  ok   min slack 1.000 e0
  InClass: KConnected 3                                      ok   min slack 1.000 e0
  InClass: V - E + F - 2                                     ok   max|res| 0.e-19
  InClass: degrees 3 to 5                                    ok   min slack 1.000 e0
  InClass: face sizes 3 to 6                                 ok   min slack 1.000 e0
  Realisation: 0 < d                                         ok   min slack 9.365 e-1
  Realisation: convex (StrictSupportFace)                    ok   min slack 1.029 e-1
  Realisation: corner < pi                                   ok   min slack 1.593 e-1
  Realisation: corner >= alpha d                             ok   min slack -7.998 e-41
  Realisation: d < pi/2                                      ok   min slack 6.343 e-1
  Realisation: edge sdist = d                                ok   max|res| 1.367 e-40
  Realisation: sep                                           ok   min slack -1.806 e-41
  Realisation: unit                                          ok   max|res| 3.689 e-41
  RelSys: pent eta in [-1,1]                                 ok   min slack 3.234 e-1
  RelSys: pent u0                                            ok   max|res| 1.417 e-40
  RelSys: pent u2                                            ok   max|res| 1.599 e-40
  RelSys: pent u3                                            ok   max|res| 1.517 e-40
  RelSys: rhombus fc1 = rho d fc0                            ok   max|res| 1.399 e-40
  RelSys: rhombus fc2 = fc0                                  ok   max|res| 1.766 e-40
  RelSys: tri                                                ok   max|res| 1.758 e-40
  RelSys: vertex_sum                                         ok   max|res| 1.510 e-41
  angular: least corner unique (gap)                         ok   min slack 1.190 e0
  angular: rot is a permutation                              ok   min slack 1.000 e0
  angular: rot keeps the vertex                              ok   min slack 1.000 e0
  glue: BFS tree spans                                       ok   min slack 1.000 e0
  glue: Gram of glueY = Gram of x                            ok   max|res| 2.854 e-40
  glue: orientation kept                                     ok   min slack 1.000 e0
  library: same faces                                        ok   min slack 1.000 e0
  range at d = psi*: d <= dhi                                ok   min slack 5.260 e-2
  range at d = psi*: dlo <= d                                ok   min slack 2.268 e-9
frame-12-8-11: N=15 V=15 E=30 F=17 free=0  all pass
  HexChoice: distinct faces                                  ok   min slack 1.000 e0
  InClass: KConnected 3                                      ok   min slack 1.000 e0
  InClass: V - E + F - 2                                     ok   max|res| 0.e-19
  InClass: degrees 3 to 5                                    ok   min slack 1.000 e0
  InClass: face sizes 3 to 6                                 ok   min slack 1.000 e0
  Realisation: 0 < d                                         ok   min slack 9.365 e-1
  Realisation: convex (StrictSupportFace)                    ok   min slack 1.029 e-1
  Realisation: corner < pi                                   ok   min slack 1.593 e-1
  Realisation: corner >= alpha d                             ok   min slack -7.998 e-41
  Realisation: d < pi/2                                      ok   min slack 6.343 e-1
  Realisation: edge sdist = d                                ok   max|res| 1.367 e-40
  Realisation: sep                                           ok   min slack -1.806 e-41
  Realisation: unit                                          ok   max|res| 3.689 e-41
  RelSys: pent eta in [-1,1]                                 ok   min slack 3.234 e-1
  RelSys: pent u0                                            ok   max|res| 1.417 e-40
  RelSys: pent u2                                            ok   max|res| 1.517 e-40
  RelSys: pent u3                                            ok   max|res| 1.599 e-40
  RelSys: rhombus fc1 = rho d fc0                            ok   max|res| 1.400 e-40
  RelSys: rhombus fc2 = fc0                                  ok   max|res| 1.766 e-40
  RelSys: tri                                                ok   max|res| 1.758 e-40
  RelSys: vertex_sum                                         ok   max|res| 1.510 e-41
  angular: least corner unique (gap)                         ok   min slack 1.190 e0
  angular: rot is a permutation                              ok   min slack 1.000 e0
  angular: rot keeps the vertex                              ok   min slack 1.000 e0
  glue: BFS tree spans                                       ok   min slack 1.000 e0
  glue: Gram of glueY = Gram of x                            ok   max|res| 2.853 e-40
  glue: orientation kept                                     ok   min slack 1.000 e0
  library: same faces                                        ok   min slack 1.000 e0
  range at d = psi*: d <= dhi                                ok   min slack 5.260 e-2
  range at d = psi*: dlo <= d                                ok   min slack 2.268 e-9
frame-12-8-11-mirror: N=15 V=15 E=30 F=17 free=0  all pass
  HexChoice: distinct faces                                  ok   min slack 1.000 e0
  InClass: KConnected 3                                      ok   min slack 1.000 e0
  InClass: V - E + F - 2                                     ok   max|res| 0.e-19
  InClass: degrees 3 to 5                                    ok   min slack 1.000 e0
  InClass: face sizes 3 to 6                                 ok   min slack 1.000 e0
  Realisation: 0 < d                                         ok   min slack 9.365 e-1
  Realisation: convex (StrictSupportFace)                    ok   min slack 1.029 e-1
  Realisation: corner < pi                                   ok   min slack 1.593 e-1
  Realisation: corner >= alpha d                             ok   min slack -7.998 e-41
  Realisation: d < pi/2                                      ok   min slack 6.343 e-1
  Realisation: edge sdist = d                                ok   max|res| 1.367 e-40
  Realisation: sep                                           ok   min slack -1.806 e-41
  Realisation: unit                                          ok   max|res| 3.689 e-41
  RelSys: pent eta in [-1,1]                                 ok   min slack 3.234 e-1
  RelSys: pent u0                                            ok   max|res| 1.417 e-40
  RelSys: pent u2                                            ok   max|res| 1.599 e-40
  RelSys: pent u3                                            ok   max|res| 1.517 e-40
  RelSys: rhombus fc1 = rho d fc0                            ok   max|res| 1.399 e-40
  RelSys: rhombus fc2 = fc0                                  ok   max|res| 1.766 e-40
  RelSys: tri                                                ok   max|res| 1.758 e-40
  RelSys: vertex_sum                                         ok   max|res| 1.510 e-41
  angular: least corner unique (gap)                         ok   min slack 1.190 e0
  angular: rot is a permutation                              ok   min slack 1.000 e0
  angular: rot keeps the vertex                              ok   min slack 1.000 e0
  glue: BFS tree spans                                       ok   min slack 1.000 e0
  glue: Gram of glueY = Gram of x                            ok   max|res| 2.854 e-40
  glue: orientation kept                                     ok   min slack 1.000 e0
  library: same faces                                        ok   min slack 1.000 e0
  range at d = psi*: d <= dhi                                ok   min slack 5.260 e-2
  range at d = psi*: dlo <= d                                ok   min slack 2.268 e-9
frame-12-10-9: N=15 V=15 E=30 F=17 free=0  all pass
  HexChoice: distinct faces                                  ok   min slack 1.000 e0
  InClass: KConnected 3                                      ok   min slack 1.000 e0
  InClass: V - E + F - 2                                     ok   max|res| 0.e-19
  InClass: degrees 3 to 5                                    ok   min slack 1.000 e0
  InClass: face sizes 3 to 6                                 ok   min slack 1.000 e0
  Realisation: 0 < d                                         ok   min slack 9.365 e-1
  Realisation: convex (StrictSupportFace)                    ok   min slack 1.029 e-1
  Realisation: corner < pi                                   ok   min slack 1.593 e-1
  Realisation: corner >= alpha d                             ok   min slack -7.998 e-41
  Realisation: d < pi/2                                      ok   min slack 6.343 e-1
  Realisation: edge sdist = d                                ok   max|res| 1.367 e-40
  Realisation: sep                                           ok   min slack -1.806 e-41
  Realisation: unit                                          ok   max|res| 3.689 e-41
  RelSys: pent eta in [-1,1]                                 ok   min slack 3.234 e-1
  RelSys: pent u0                                            ok   max|res| 1.417 e-40
  RelSys: pent u2                                            ok   max|res| 1.517 e-40
  RelSys: pent u3                                            ok   max|res| 1.599 e-40
  RelSys: rhombus fc1 = rho d fc0                            ok   max|res| 1.400 e-40
  RelSys: rhombus fc2 = fc0                                  ok   max|res| 1.766 e-40
  RelSys: tri                                                ok   max|res| 1.758 e-40
  RelSys: vertex_sum                                         ok   max|res| 1.510 e-41
  angular: least corner unique (gap)                         ok   min slack 1.190 e0
  angular: rot is a permutation                              ok   min slack 1.000 e0
  angular: rot keeps the vertex                              ok   min slack 1.000 e0
  glue: BFS tree spans                                       ok   min slack 1.000 e0
  glue: Gram of glueY = Gram of x                            ok   max|res| 2.856 e-40
  glue: orientation kept                                     ok   min slack 1.000 e0
  library: same faces                                        ok   min slack 1.000 e0
  range at d = psi*: d <= dhi                                ok   min slack 5.260 e-2
  range at d = psi*: dlo <= d                                ok   min slack 2.268 e-9
frame-12-10-9-mirror: N=15 V=15 E=30 F=17 free=0  all pass
  HexChoice: distinct faces                                  ok   min slack 1.000 e0
  InClass: KConnected 3                                      ok   min slack 1.000 e0
  InClass: V - E + F - 2                                     ok   max|res| 0.e-19
  InClass: degrees 3 to 5                                    ok   min slack 1.000 e0
  InClass: face sizes 3 to 6                                 ok   min slack 1.000 e0
  Realisation: 0 < d                                         ok   min slack 9.365 e-1
  Realisation: convex (StrictSupportFace)                    ok   min slack 1.029 e-1
  Realisation: corner < pi                                   ok   min slack 1.593 e-1
  Realisation: corner >= alpha d                             ok   min slack -7.998 e-41
  Realisation: d < pi/2                                      ok   min slack 6.343 e-1
  Realisation: edge sdist = d                                ok   max|res| 1.367 e-40
  Realisation: sep                                           ok   min slack -1.806 e-41
  Realisation: unit                                          ok   max|res| 3.689 e-41
  RelSys: pent eta in [-1,1]                                 ok   min slack 3.234 e-1
  RelSys: pent u0                                            ok   max|res| 1.417 e-40
  RelSys: pent u2                                            ok   max|res| 1.599 e-40
  RelSys: pent u3                                            ok   max|res| 1.517 e-40
  RelSys: rhombus fc1 = rho d fc0                            ok   max|res| 1.399 e-40
  RelSys: rhombus fc2 = fc0                                  ok   max|res| 1.766 e-40
  RelSys: tri                                                ok   max|res| 1.758 e-40
  RelSys: vertex_sum                                         ok   max|res| 1.510 e-41
  angular: least corner unique (gap)                         ok   min slack 1.190 e0
  angular: rot is a permutation                              ok   min slack 1.000 e0
  angular: rot keeps the vertex                              ok   min slack 1.000 e0
  glue: BFS tree spans                                       ok   min slack 1.000 e0
  glue: Gram of glueY = Gram of x                            ok   max|res| 2.851 e-40
  glue: orientation kept                                     ok   min slack 1.000 e0
  library: same faces                                        ok   min slack 1.000 e0
  range at d = psi*: d <= dhi                                ok   min slack 5.260 e-2
  range at d = psi*: dlo <= d                                ok   min slack 2.268 e-9
frame-12-10-11: N=15 V=15 E=30 F=17 free=0  all pass
  HexChoice: distinct faces                                  ok   min slack 1.000 e0
  InClass: KConnected 3                                      ok   min slack 1.000 e0
  InClass: V - E + F - 2                                     ok   max|res| 0.e-19
  InClass: degrees 3 to 5                                    ok   min slack 1.000 e0
  InClass: face sizes 3 to 6                                 ok   min slack 1.000 e0
  Realisation: 0 < d                                         ok   min slack 9.365 e-1
  Realisation: convex (StrictSupportFace)                    ok   min slack 1.029 e-1
  Realisation: corner < pi                                   ok   min slack 1.593 e-1
  Realisation: corner >= alpha d                             ok   min slack -7.998 e-41
  Realisation: d < pi/2                                      ok   min slack 6.343 e-1
  Realisation: edge sdist = d                                ok   max|res| 1.367 e-40
  Realisation: sep                                           ok   min slack -1.806 e-41
  Realisation: unit                                          ok   max|res| 3.689 e-41
  RelSys: pent eta in [-1,1]                                 ok   min slack 3.234 e-1
  RelSys: pent u0                                            ok   max|res| 1.417 e-40
  RelSys: pent u2                                            ok   max|res| 1.517 e-40
  RelSys: pent u3                                            ok   max|res| 1.599 e-40
  RelSys: rhombus fc1 = rho d fc0                            ok   max|res| 1.400 e-40
  RelSys: rhombus fc2 = fc0                                  ok   max|res| 1.766 e-40
  RelSys: tri                                                ok   max|res| 1.758 e-40
  RelSys: vertex_sum                                         ok   max|res| 1.510 e-41
  angular: least corner unique (gap)                         ok   min slack 1.190 e0
  angular: rot is a permutation                              ok   min slack 1.000 e0
  angular: rot keeps the vertex                              ok   min slack 1.000 e0
  glue: BFS tree spans                                       ok   min slack 1.000 e0
  glue: Gram of glueY = Gram of x                            ok   max|res| 2.856 e-40
  glue: orientation kept                                     ok   min slack 1.000 e0
  library: same faces                                        ok   min slack 1.000 e0
  range at d = psi*: d <= dhi                                ok   min slack 5.260 e-2
  range at d = psi*: dlo <= d                                ok   min slack 2.268 e-9
frame-12-10-11-mirror: N=15 V=15 E=30 F=17 free=0  all pass
  HexChoice: distinct faces                                  ok   min slack 1.000 e0
  InClass: KConnected 3                                      ok   min slack 1.000 e0
  InClass: V - E + F - 2                                     ok   max|res| 0.e-19
  InClass: degrees 3 to 5                                    ok   min slack 1.000 e0
  InClass: face sizes 3 to 6                                 ok   min slack 1.000 e0
  Realisation: 0 < d                                         ok   min slack 9.365 e-1
  Realisation: convex (StrictSupportFace)                    ok   min slack 1.029 e-1
  Realisation: corner < pi                                   ok   min slack 1.593 e-1
  Realisation: corner >= alpha d                             ok   min slack -7.998 e-41
  Realisation: d < pi/2                                      ok   min slack 6.343 e-1
  Realisation: edge sdist = d                                ok   max|res| 1.367 e-40
  Realisation: sep                                           ok   min slack -1.806 e-41
  Realisation: unit                                          ok   max|res| 3.689 e-41
  RelSys: pent eta in [-1,1]                                 ok   min slack 3.234 e-1
  RelSys: pent u0                                            ok   max|res| 1.417 e-40
  RelSys: pent u2                                            ok   max|res| 1.599 e-40
  RelSys: pent u3                                            ok   max|res| 1.517 e-40
  RelSys: rhombus fc1 = rho d fc0                            ok   max|res| 1.399 e-40
  RelSys: rhombus fc2 = fc0                                  ok   max|res| 1.766 e-40
  RelSys: tri                                                ok   max|res| 1.758 e-40
  RelSys: vertex_sum                                         ok   max|res| 1.510 e-41
  angular: least corner unique (gap)                         ok   min slack 1.190 e0
  angular: rot is a permutation                              ok   min slack 1.000 e0
  angular: rot keeps the vertex                              ok   min slack 1.000 e0
  glue: BFS tree spans                                       ok   min slack 1.000 e0
  glue: Gram of glueY = Gram of x                            ok   max|res| 2.851 e-40
  glue: orientation kept                                     ok   min slack 1.000 e0
  library: same faces                                        ok   min slack 1.000 e0
  range at d = psi*: d <= dhi                                ok   min slack 5.260 e-2
  range at d = psi*: dlo <= d                                ok   min slack 2.268 e-9
== ../../data/genuine/flex-C1.txt
C1-rm3-1: N=15 V=15 E=27 F=14 free=0  all pass
  HexChoice: distinct faces                                  ok   min slack 1.000 e0
  InClass: KConnected 3                                      ok   min slack 1.000 e0
  InClass: V - E + F - 2                                     ok   max|res| 0.e-19
  InClass: degrees 3 to 5                                    ok   min slack 1.000 e0
  InClass: face sizes 3 to 6                                 ok   min slack 1.000 e0
  Realisation: 0 < d                                         ok   min slack 9.365 e-1
  Realisation: convex (StrictSupportFace)                    ok   min slack 1.029 e-1
  Realisation: corner < pi                                   ok   min slack 1.593 e-1
  Realisation: corner >= alpha d                             ok   min slack -8.001 e-41
  Realisation: d < pi/2                                      ok   min slack 6.343 e-1
  Realisation: edge sdist = d                                ok   max|res| 1.367 e-40
  Realisation: sep                                           ok   min slack -1.806 e-41
  Realisation: unit                                          ok   max|res| 3.689 e-41
  RelSys: pent eta in [-1,1]                                 ok   min slack 3.234 e-1
  RelSys: pent u0                                            ok   max|res| 1.429 e-40
  RelSys: pent u2                                            ok   max|res| 1.517 e-40
  RelSys: pent u3                                            ok   max|res| 1.599 e-40
  RelSys: rhombus fc1 = rho d fc0                            ok   max|res| 2.647 e-40
  RelSys: rhombus fc2 = fc0                                  ok   max|res| 2.998 e-40
  RelSys: tri                                                ok   max|res| 1.758 e-40
  RelSys: vertex_sum                                         ok   max|res| 1.828 e-41
  angular: least corner unique (gap)                         ok   min slack 1.190 e0
  angular: rot is a permutation                              ok   min slack 1.000 e0
  angular: rot keeps the vertex                              ok   min slack 1.000 e0
  glue: BFS tree spans                                       ok   min slack 1.000 e0
  glue: Gram of glueY = Gram of x                            ok   max|res| 2.831 e-40
  glue: orientation kept                                     ok   min slack 1.000 e0
  library: same faces                                        ok   min slack 1.000 e0
  range at d = psi*: d <= dhi                                ok   min slack 5.260 e-2
  range at d = psi*: dlo <= d                                ok   min slack 2.268 e-9
C1-rm3-2: N=15 V=15 E=27 F=14 free=0  all pass
  HexChoice: distinct faces                                  ok   min slack 1.000 e0
  InClass: KConnected 3                                      ok   min slack 1.000 e0
  InClass: V - E + F - 2                                     ok   max|res| 0.e-19
  InClass: degrees 3 to 5                                    ok   min slack 1.000 e0
  InClass: face sizes 3 to 6                                 ok   min slack 1.000 e0
  Realisation: 0 < d                                         ok   min slack 9.365 e-1
  Realisation: convex (StrictSupportFace)                    ok   min slack 1.029 e-1
  Realisation: corner < pi                                   ok   min slack 1.592 e-1
  Realisation: corner >= alpha d                             ok   min slack -6.731 e-41
  Realisation: d < pi/2                                      ok   min slack 6.343 e-1
  Realisation: edge sdist = d                                ok   max|res| 1.318 e-40
  Realisation: sep                                           ok   min slack -6.821 e-41
  Realisation: unit                                          ok   max|res| 5.517 e-41
  RelSys: pent eta in [-1,1]                                 ok   min slack 3.234 e-1
  RelSys: pent u0                                            ok   max|res| 2.363 e-40
  RelSys: pent u2                                            ok   max|res| 2.472 e-40
  RelSys: pent u3                                            ok   max|res| 2.406 e-40
  RelSys: rhombus fc1 = rho d fc0                            ok   max|res| 2.152 e-40
  RelSys: rhombus fc2 = fc0                                  ok   max|res| 1.918 e-40
  RelSys: tri                                                ok   max|res| 1.187 e-40
  RelSys: vertex_sum                                         ok   max|res| 1.895 e-41
  angular: least corner unique (gap)                         ok   min slack 1.190 e0
  angular: rot is a permutation                              ok   min slack 1.000 e0
  angular: rot keeps the vertex                              ok   min slack 1.000 e0
  glue: BFS tree spans                                       ok   min slack 1.000 e0
  glue: Gram of glueY = Gram of x                            ok   max|res| 2.615 e-40
  glue: orientation kept                                     ok   min slack 1.000 e0
  library: same faces                                        ok   min slack 1.000 e0
  range, d below psi* (not in the reduction when < 0): d - dlo info value -9.998 e-6
C1-rm3-3: N=15 V=15 E=27 F=14 free=0  all pass
  HexChoice: distinct faces                                  ok   min slack 1.000 e0
  InClass: KConnected 3                                      ok   min slack 1.000 e0
  InClass: V - E + F - 2                                     ok   max|res| 0.e-19
  InClass: degrees 3 to 5                                    ok   min slack 1.000 e0
  InClass: face sizes 3 to 6                                 ok   min slack 1.000 e0
  Realisation: 0 < d                                         ok   min slack 9.355 e-1
  Realisation: convex (StrictSupportFace)                    ok   min slack 9.255 e-2
  Realisation: corner < pi                                   ok   min slack 1.434 e-1
  Realisation: corner >= alpha d                             ok   min slack -1.155 e-40
  Realisation: d < pi/2                                      ok   min slack 6.353 e-1
  Realisation: edge sdist = d                                ok   max|res| 1.149 e-40
  Realisation: sep                                           ok   min slack -8.290 e-41
  Realisation: unit                                          ok   max|res| 6.039 e-41
  RelSys: pent eta in [-1,1]                                 ok   min slack 3.184 e-1
  RelSys: pent u0                                            ok   max|res| 1.242 e-40
  RelSys: pent u2                                            ok   max|res| 1.040 e-40
  RelSys: pent u3                                            ok   max|res| 1.126 e-40
  RelSys: rhombus fc1 = rho d fc0                            ok   max|res| 1.409 e-40
  RelSys: rhombus fc2 = fc0                                  ok   max|res| 1.595 e-40
  RelSys: tri                                                ok   max|res| 1.608 e-40
  RelSys: vertex_sum                                         ok   max|res| 7.092 e-41
  angular: least corner unique (gap)                         ok   min slack 1.189 e0
  angular: rot is a permutation                              ok   min slack 1.000 e0
  angular: rot keeps the vertex                              ok   min slack 1.000 e0
  glue: BFS tree spans                                       ok   min slack 1.000 e0
  glue: Gram of glueY = Gram of x                            ok   max|res| 2.373 e-40
  glue: orientation kept                                     ok   min slack 1.000 e0
  library: same faces                                        ok   min slack 1.000 e0
  range, d below psi* (not in the reduction when < 0): d - dlo info value -1.000 e-3
C1-rm3-4: N=15 V=15 E=27 F=14 free=0  all pass
  HexChoice: distinct faces                                  ok   min slack 1.000 e0
  InClass: KConnected 3                                      ok   min slack 1.000 e0
  InClass: V - E + F - 2                                     ok   max|res| 0.e-19
  InClass: degrees 3 to 5                                    ok   min slack 1.000 e0
  InClass: face sizes 3 to 6                                 ok   min slack 1.000 e0
  Realisation: 0 < d                                         ok   min slack 9.365 e-1
  Realisation: convex (StrictSupportFace)                    ok   min slack 1.029 e-1
  Realisation: corner < pi                                   ok   min slack 1.593 e-1
  Realisation: corner >= alpha d                             ok   min slack -8.172 e-41
  Realisation: d < pi/2                                      ok   min slack 6.343 e-1
  Realisation: edge sdist = d                                ok   max|res| 1.213 e-40
  Realisation: sep                                           ok   min slack -3.676 e-41
  Realisation: unit                                          ok   max|res| 4.250 e-41
  RelSys: pent eta in [-1,1]                                 ok   min slack 3.234 e-1
  RelSys: pent u0                                            ok   max|res| 1.750 e-40
  RelSys: pent u2                                            ok   max|res| 1.841 e-40
  RelSys: pent u3                                            ok   max|res| 1.792 e-40
  RelSys: rhombus fc1 = rho d fc0                            ok   max|res| 1.412 e-40
  RelSys: rhombus fc2 = fc0                                  ok   max|res| 1.311 e-40
  RelSys: tri                                                ok   max|res| 8.172 e-41
  RelSys: vertex_sum                                         ok   max|res| 4.168 e-41
  angular: least corner unique (gap)                         ok   min slack 1.190 e0
  angular: rot is a permutation                              ok   min slack 1.000 e0
  angular: rot keeps the vertex                              ok   min slack 1.000 e0
  glue: BFS tree spans                                       ok   min slack 1.000 e0
  glue: Gram of glueY = Gram of x                            ok   max|res| 2.561 e-40
  glue: orientation kept                                     ok   min slack 1.000 e0
  library: same faces                                        ok   min slack 1.000 e0
  range, d below psi* (not in the reduction when < 0): d - dlo info value -9.773 e-8
C1-rm3-5: N=15 V=15 E=27 F=14 free=0  all pass
  HexChoice: distinct faces                                  ok   min slack 1.000 e0
  InClass: KConnected 3                                      ok   min slack 1.000 e0
  InClass: V - E + F - 2                                     ok   max|res| 0.e-19
  InClass: degrees 3 to 5                                    ok   min slack 1.000 e0
  InClass: face sizes 3 to 6                                 ok   min slack 1.000 e0
  Realisation: 0 < d                                         ok   min slack 9.365 e-1
  Realisation: convex (StrictSupportFace)                    ok   min slack 1.027 e-1
  Realisation: corner < pi                                   ok   min slack 1.590 e-1
  Realisation: corner >= alpha d                             ok   min slack -8.183 e-41
  Realisation: d < pi/2                                      ok   min slack 6.343 e-1
  Realisation: edge sdist = d                                ok   max|res| 1.395 e-40
  Realisation: sep                                           ok   min slack -7.175 e-41
  Realisation: unit                                          ok   max|res| 4.577 e-41
  RelSys: pent eta in [-1,1]                                 ok   min slack 3.234 e-1
  RelSys: pent u0                                            ok   max|res| 1.488 e-40
  RelSys: pent u2                                            ok   max|res| 1.224 e-40
  RelSys: pent u3                                            ok   max|res| 1.176 e-40
  RelSys: rhombus fc1 = rho d fc0                            ok   max|res| 1.983 e-40
  RelSys: rhombus fc2 = fc0                                  ok   max|res| 1.555 e-40
  RelSys: tri                                                ok   max|res| 1.300 e-40
  RelSys: vertex_sum                                         ok   max|res| 4.238 e-41
  angular: least corner unique (gap)                         ok   min slack 1.190 e0
  angular: rot is a permutation                              ok   min slack 1.000 e0
  angular: rot keeps the vertex                              ok   min slack 1.000 e0
  glue: BFS tree spans                                       ok   min slack 1.000 e0
  glue: Gram of glueY = Gram of x                            ok   max|res| 2.800 e-40
  glue: orientation kept                                     ok   min slack 1.000 e0
  library: same faces                                        ok   min slack 1.000 e0
  range, d below psi* (not in the reduction when < 0): d - dlo info value -9.998 e-6
C1-rm3-6: N=15 V=15 E=27 F=14 free=0  all pass
  HexChoice: distinct faces                                  ok   min slack 1.000 e0
  InClass: KConnected 3                                      ok   min slack 1.000 e0
  InClass: V - E + F - 2                                     ok   max|res| 0.e-19
  InClass: degrees 3 to 5                                    ok   min slack 1.000 e0
  InClass: face sizes 3 to 6                                 ok   min slack 1.000 e0
  Realisation: 0 < d                                         ok   min slack 9.365 e-1
  Realisation: convex (StrictSupportFace)                    ok   min slack 1.029 e-1
  Realisation: corner < pi                                   ok   min slack 1.593 e-1
  Realisation: corner >= alpha d                             ok   min slack -6.438 e-41
  Realisation: d < pi/2                                      ok   min slack 6.343 e-1
  Realisation: edge sdist = d                                ok   max|res| 1.485 e-40
  Realisation: sep                                           ok   min slack -5.397 e-41
  Realisation: unit                                          ok   max|res| 5.439 e-41
  RelSys: pent eta in [-1,1]                                 ok   min slack 3.234 e-1
  RelSys: pent u0                                            ok   max|res| 1.647 e-40
  RelSys: pent u2                                            ok   max|res| 1.240 e-40
  RelSys: pent u3                                            ok   max|res| 1.213 e-40
  RelSys: rhombus fc1 = rho d fc0                            ok   max|res| 1.393 e-40
  RelSys: rhombus fc2 = fc0                                  ok   max|res| 1.925 e-40
  RelSys: tri                                                ok   max|res| 1.306 e-40
  RelSys: vertex_sum                                         ok   max|res| 2.265 e-41
  angular: least corner unique (gap)                         ok   min slack 1.190 e0
  angular: rot is a permutation                              ok   min slack 1.000 e0
  angular: rot keeps the vertex                              ok   min slack 1.000 e0
  glue: BFS tree spans                                       ok   min slack 1.000 e0
  glue: Gram of glueY = Gram of x                            ok   max|res| 2.970 e-40
  glue: orientation kept                                     ok   min slack 1.000 e0
  library: same faces                                        ok   min slack 1.000 e0
  range, d below psi* (not in the reduction when < 0): d - dlo info value -9.773 e-8
C1-rm3-7: N=15 V=15 E=27 F=14 free=0  all pass
  HexChoice: distinct faces                                  ok   min slack 1.000 e0
  InClass: KConnected 3                                      ok   min slack 1.000 e0
  InClass: V - E + F - 2                                     ok   max|res| 0.e-19
  InClass: degrees 3 to 5                                    ok   min slack 1.000 e0
  InClass: face sizes 3 to 6                                 ok   min slack 1.000 e0
  Realisation: 0 < d                                         ok   min slack 9.355 e-1
  Realisation: convex (StrictSupportFace)                    ok   min slack 8.812 e-2
  Realisation: corner < pi                                   ok   min slack 1.364 e-1
  Realisation: corner >= alpha d                             ok   min slack -9.277 e-41
  Realisation: d < pi/2                                      ok   min slack 6.353 e-1
  Realisation: edge sdist = d                                ok   max|res| 1.666 e-40
  Realisation: sep                                           ok   min slack -6.731 e-41
  Realisation: unit                                          ok   max|res| 5.820 e-41
  RelSys: pent eta in [-1,1]                                 ok   min slack 3.174 e-1
  RelSys: pent u0                                            ok   max|res| 1.423 e-40
  RelSys: pent u2                                            ok   max|res| 1.226 e-40
  RelSys: pent u3                                            ok   max|res| 1.360 e-40
  RelSys: rhombus fc1 = rho d fc0                            ok   max|res| 1.463 e-40
  RelSys: rhombus fc2 = fc0                                  ok   max|res| 1.042 e-40
  RelSys: tri                                                ok   max|res| 1.132 e-40
  RelSys: vertex_sum                                         ok   max|res| 3.595 e-41
  angular: least corner unique (gap)                         ok   min slack 1.189 e0
  angular: rot is a permutation                              ok   min slack 1.000 e0
  angular: rot keeps the vertex                              ok   min slack 1.000 e0
  glue: BFS tree spans                                       ok   min slack 1.000 e0
  glue: Gram of glueY = Gram of x                            ok   max|res| 2.593 e-40
  glue: orientation kept                                     ok   min slack 1.000 e0
  library: same faces                                        ok   min slack 1.000 e0
  range, d below psi* (not in the reduction when < 0): d - dlo info value -1.000 e-3
C1-rm3-8: N=15 V=15 E=27 F=14 free=0  all pass
  HexChoice: distinct faces                                  ok   min slack 1.000 e0
  InClass: KConnected 3                                      ok   min slack 1.000 e0
  InClass: V - E + F - 2                                     ok   max|res| 0.e-19
  InClass: degrees 3 to 5                                    ok   min slack 1.000 e0
  InClass: face sizes 3 to 6                                 ok   min slack 1.000 e0
  Realisation: 0 < d                                         ok   min slack 9.365 e-1
  Realisation: convex (StrictSupportFace)                    ok   min slack 1.028 e-1
  Realisation: corner < pi                                   ok   min slack 1.591 e-1
  Realisation: corner >= alpha d                             ok   min slack -6.358 e-41
  Realisation: d < pi/2                                      ok   min slack 6.343 e-1
  Realisation: edge sdist = d                                ok   max|res| 1.528 e-40
  Realisation: sep                                           ok   min slack -8.170 e-41
  Realisation: unit                                          ok   max|res| 6.232 e-41
  RelSys: pent eta in [-1,1]                                 ok   min slack 3.234 e-1
  RelSys: pent u0                                            ok   max|res| 1.070 e-40
  RelSys: pent u2                                            ok   max|res| 8.454 e-41
  RelSys: pent u3                                            ok   max|res| 8.912 e-41
  RelSys: rhombus fc1 = rho d fc0                            ok   max|res| 1.397 e-40
  RelSys: rhombus fc2 = fc0                                  ok   max|res| 1.576 e-40
  RelSys: tri                                                ok   max|res| 1.179 e-40
  RelSys: vertex_sum                                         ok   max|res| 3.181 e-41
  angular: least corner unique (gap)                         ok   min slack 1.190 e0
  angular: rot is a permutation                              ok   min slack 1.000 e0
  angular: rot keeps the vertex                              ok   min slack 1.000 e0
  glue: BFS tree spans                                       ok   min slack 1.000 e0
  glue: Gram of glueY = Gram of x                            ok   max|res| 2.087 e-40
  glue: orientation kept                                     ok   min slack 1.000 e0
  library: same faces                                        ok   min slack 1.000 e0
  range, d below psi* (not in the reduction when < 0): d - dlo info value -9.998 e-6
C1-rm3-9: N=15 V=15 E=27 F=14 free=0  all pass
  HexChoice: distinct faces                                  ok   min slack 1.000 e0
  InClass: KConnected 3                                      ok   min slack 1.000 e0
  InClass: V - E + F - 2                                     ok   max|res| 0.e-19
  InClass: degrees 3 to 5                                    ok   min slack 1.000 e0
  InClass: face sizes 3 to 6                                 ok   min slack 1.000 e0
  Realisation: 0 < d                                         ok   min slack 9.355 e-1
  Realisation: convex (StrictSupportFace)                    ok   min slack 7.781 e-2
  Realisation: corner < pi                                   ok   min slack 1.204 e-1
  Realisation: corner >= alpha d                             ok   min slack -7.472 e-41
  Realisation: d < pi/2                                      ok   min slack 6.353 e-1
  Realisation: edge sdist = d                                ok   max|res| 1.611 e-40
  Realisation: sep                                           ok   min slack -4.253 e-41
  Realisation: unit                                          ok   max|res| 5.411 e-41
  RelSys: pent eta in [-1,1]                                 ok   min slack 3.134 e-1
  RelSys: pent u0                                            ok   max|res| 1.557 e-40
  RelSys: pent u2                                            ok   max|res| 1.487 e-40
  RelSys: pent u3                                            ok   max|res| 1.636 e-40
  RelSys: rhombus fc1 = rho d fc0                            ok   max|res| 1.915 e-40
  RelSys: rhombus fc2 = fc0                                  ok   max|res| 1.334 e-40
  RelSys: tri                                                ok   max|res| 1.831 e-40
  RelSys: vertex_sum                                         ok   max|res| 5.810 e-41
  angular: least corner unique (gap)                         ok   min slack 1.189 e0
  angular: rot is a permutation                              ok   min slack 1.000 e0
  angular: rot keeps the vertex                              ok   min slack 1.000 e0
  glue: BFS tree spans                                       ok   min slack 1.000 e0
  glue: Gram of glueY = Gram of x                            ok   max|res| 3.069 e-40
  glue: orientation kept                                     ok   min slack 1.000 e0
  library: same faces                                        ok   min slack 1.000 e0
  range, d below psi* (not in the reduction when < 0): d - dlo info value -1.000 e-3
C1-rm3-10: N=15 V=15 E=27 F=14 free=0  all pass
  HexChoice: distinct faces                                  ok   min slack 1.000 e0
  InClass: KConnected 3                                      ok   min slack 1.000 e0
  InClass: V - E + F - 2                                     ok   max|res| 0.e-19
  InClass: degrees 3 to 5                                    ok   min slack 1.000 e0
  InClass: face sizes 3 to 6                                 ok   min slack 1.000 e0
  Realisation: 0 < d                                         ok   min slack 9.365 e-1
  Realisation: convex (StrictSupportFace)                    ok   min slack 1.029 e-1
  Realisation: corner < pi                                   ok   min slack 1.593 e-1
  Realisation: corner >= alpha d                             ok   min slack -5.313 e-41
  Realisation: d < pi/2                                      ok   min slack 6.343 e-1
  Realisation: edge sdist = d                                ok   max|res| 1.323 e-40
  Realisation: sep                                           ok   min slack -8.062 e-41
  Realisation: unit                                          ok   max|res| 4.657 e-41
  RelSys: pent eta in [-1,1]                                 ok   min slack 3.234 e-1
  RelSys: pent u0                                            ok   max|res| 1.619 e-40
  RelSys: pent u2                                            ok   max|res| 1.495 e-40
  RelSys: pent u3                                            ok   max|res| 1.497 e-40
  RelSys: rhombus fc1 = rho d fc0                            ok   max|res| 1.627 e-40
  RelSys: rhombus fc2 = fc0                                  ok   max|res| 1.316 e-40
  RelSys: tri                                                ok   max|res| 8.674 e-41
  RelSys: vertex_sum                                         ok   max|res| 4.998 e-41
  angular: least corner unique (gap)                         ok   min slack 1.190 e0
  angular: rot is a permutation                              ok   min slack 1.000 e0
  angular: rot keeps the vertex                              ok   min slack 1.000 e0
  glue: BFS tree spans                                       ok   min slack 1.000 e0
  glue: Gram of glueY = Gram of x                            ok   max|res| 2.900 e-40
  glue: orientation kept                                     ok   min slack 1.000 e0
  library: same faces                                        ok   min slack 1.000 e0
  range, d below psi* (not in the reduction when < 0): d - dlo info value -9.773 e-8
C1-rm3-11: N=15 V=15 E=27 F=14 free=0  all pass
  HexChoice: distinct faces                                  ok   min slack 1.000 e0
  InClass: KConnected 3                                      ok   min slack 1.000 e0
  InClass: V - E + F - 2                                     ok   max|res| 0.e-19
  InClass: degrees 3 to 5                                    ok   min slack 1.000 e0
  InClass: face sizes 3 to 6                                 ok   min slack 1.000 e0
  Realisation: 0 < d                                         ok   min slack 9.265 e-1
  Realisation: convex (StrictSupportFace)                    ok   min slack 1.223 e-1
  Realisation: corner < pi                                   ok   min slack 1.925 e-1
  Realisation: corner >= alpha d                             ok   min slack -5.578 e-41
  Realisation: d < pi/2                                      ok   min slack 6.443 e-1
  Realisation: edge sdist = d                                ok   max|res| 1.697 e-40
  Realisation: sep                                           ok   min slack -4.300 e-41
  Realisation: unit                                          ok   max|res| 5.606 e-41
  RelSys: pent eta in [-1,1]                                 ok   min slack 3.213 e-1
  RelSys: pent u0                                            ok   max|res| 1.296 e-40
  RelSys: pent u2                                            ok   max|res| 1.135 e-40
  RelSys: pent u3                                            ok   max|res| 1.230 e-40
  RelSys: rhombus fc1 = rho d fc0                            ok   max|res| 1.519 e-40
  RelSys: rhombus fc2 = fc0                                  ok   max|res| 1.833 e-40
  RelSys: tri                                                ok   max|res| 1.196 e-40
  RelSys: vertex_sum                                         ok   max|res| 5.820 e-41
  angular: least corner unique (gap)                         ok   min slack 1.186 e0
  angular: rot is a permutation                              ok   min slack 1.000 e0
  angular: rot keeps the vertex                              ok   min slack 1.000 e0
  glue: BFS tree spans                                       ok   min slack 1.000 e0
  glue: Gram of glueY = Gram of x                            ok   max|res| 3.126 e-40
  glue: orientation kept                                     ok   min slack 1.000 e0
  library: same faces                                        ok   min slack 1.000 e0
  range, d below psi* (not in the reduction when < 0): d - dlo info value -1.000 e-2
C1-rm3-12: N=15 V=15 E=27 F=14 free=0  all pass
  HexChoice: distinct faces                                  ok   min slack 1.000 e0
  InClass: KConnected 3                                      ok   min slack 1.000 e0
  InClass: V - E + F - 2                                     ok   max|res| 0.e-19
  InClass: degrees 3 to 5                                    ok   min slack 1.000 e0
  InClass: face sizes 3 to 6                                 ok   min slack 1.000 e0
  Realisation: 0 < d                                         ok   min slack 9.365 e-1
  Realisation: convex (StrictSupportFace)                    ok   min slack 1.029 e-1
  Realisation: corner < pi                                   ok   min slack 1.593 e-1
  Realisation: corner >= alpha d                             ok   min slack -7.385 e-41
  Realisation: d < pi/2                                      ok   min slack 6.343 e-1
  Realisation: edge sdist = d                                ok   max|res| 1.391 e-40
  Realisation: sep                                           ok   min slack -6.557 e-41
  Realisation: unit                                          ok   max|res| 5.630 e-41
  RelSys: pent eta in [-1,1]                                 ok   min slack 3.234 e-1
  RelSys: pent u0                                            ok   max|res| 2.374 e-40
  RelSys: pent u2                                            ok   max|res| 2.396 e-40
  RelSys: pent u3                                            ok   max|res| 2.332 e-40
  RelSys: rhombus fc1 = rho d fc0                            ok   max|res| 1.593 e-40
  RelSys: rhombus fc2 = fc0                                  ok   max|res| 1.797 e-40
  RelSys: tri                                                ok   max|res| 9.968 e-41
  RelSys: vertex_sum                                         ok   max|res| 4.925 e-41
  angular: least corner unique (gap)                         ok   min slack 1.190 e0
  angular: rot is a permutation                              ok   min slack 1.000 e0
  angular: rot keeps the vertex                              ok   min slack 1.000 e0
  glue: BFS tree spans                                       ok   min slack 1.000 e0
  glue: Gram of glueY = Gram of x                            ok   max|res| 2.291 e-40
  glue: orientation kept                                     ok   min slack 1.000 e0
  library: same faces                                        ok   min slack 1.000 e0
  range, d below psi* (not in the reduction when < 0): d - dlo info value -9.998 e-6
C1-rm4-13: N=15 V=15 E=26 F=13 free=0  all pass
  HexChoice: distinct faces                                  ok   min slack 1.000 e0
  InClass: KConnected 3                                      ok   min slack 1.000 e0
  InClass: V - E + F - 2                                     ok   max|res| 0.e-19
  InClass: degrees 3 to 5                                    ok   min slack 1.000 e0
  InClass: face sizes 3 to 6                                 ok   min slack 1.000 e0
  Realisation: 0 < d                                         ok   min slack 9.365 e-1
  Realisation: convex (StrictSupportFace)                    ok   min slack 1.029 e-1
  Realisation: corner < pi                                   ok   min slack 1.593 e-1
  Realisation: corner >= alpha d                             ok   min slack -7.922 e-41
  Realisation: d < pi/2                                      ok   min slack 6.343 e-1
  Realisation: edge sdist = d                                ok   max|res| 1.358 e-40
  Realisation: sep                                           ok   min slack -4.952 e-41
  Realisation: unit                                          ok   max|res| 4.252 e-41
  RelSys: pent eta in [-1,1]                                 ok   min slack 3.234 e-1
  RelSys: pent u0                                            ok   max|res| 1.632 e-40
  RelSys: pent u2                                            ok   max|res| 1.608 e-40
  RelSys: pent u3                                            ok   max|res| 1.565 e-40
  RelSys: rhombus fc1 = rho d fc0                            ok   max|res| 1.764 e-40
  RelSys: rhombus fc2 = fc0                                  ok   max|res| 1.440 e-40
  RelSys: tri                                                ok   max|res| 7.922 e-41
  RelSys: vertex_sum                                         ok   max|res| 2.392 e-41
  angular: least corner unique (gap)                         ok   min slack 1.190 e0
  angular: rot is a permutation                              ok   min slack 1.000 e0
  angular: rot keeps the vertex                              ok   min slack 1.000 e0
  glue: BFS tree spans                                       ok   min slack 1.000 e0
  glue: Gram of glueY = Gram of x                            ok   max|res| 2.600 e-40
  glue: orientation kept                                     ok   min slack 1.000 e0
  library: same faces                                        ok   min slack 1.000 e0
  range, d below psi* (not in the reduction when < 0): d - dlo info value -9.773 e-8
C1-rm4-14: N=15 V=15 E=26 F=13 free=0  all pass
  HexChoice: distinct faces                                  ok   min slack 1.000 e0
  InClass: KConnected 3                                      ok   min slack 1.000 e0
  InClass: V - E + F - 2                                     ok   max|res| 0.e-19
  InClass: degrees 3 to 5                                    ok   min slack 1.000 e0
  InClass: face sizes 3 to 6                                 ok   min slack 1.000 e0
  Realisation: 0 < d                                         ok   min slack 9.365 e-1
  Realisation: convex (StrictSupportFace)                    ok   min slack 1.028 e-1
  Realisation: corner < pi                                   ok   min slack 1.591 e-1
  Realisation: corner >= alpha d                             ok   min slack -8.581 e-41
  Realisation: d < pi/2                                      ok   min slack 6.343 e-1
  Realisation: edge sdist = d                                ok   max|res| 1.340 e-40
  Realisation: sep                                           ok   min slack -5.828 e-41
  Realisation: unit                                          ok   max|res| 6.334 e-41
  RelSys: pent eta in [-1,1]                                 ok   min slack 3.234 e-1
  RelSys: pent u0                                            ok   max|res| 1.358 e-40
  RelSys: pent u2                                            ok   max|res| 1.249 e-40
  RelSys: pent u3                                            ok   max|res| 1.216 e-40
  RelSys: rhombus fc1 = rho d fc0                            ok   max|res| 1.736 e-40
  RelSys: rhombus fc2 = fc0                                  ok   max|res| 1.195 e-40
  RelSys: tri                                                ok   max|res| 1.075 e-40
  RelSys: vertex_sum                                         ok   max|res| 7.319 e-41
  angular: least corner unique (gap)                         ok   min slack 1.190 e0
  angular: rot is a permutation                              ok   min slack 1.000 e0
  angular: rot keeps the vertex                              ok   min slack 1.000 e0
  glue: BFS tree spans                                       ok   min slack 1.000 e0
  glue: Gram of glueY = Gram of x                            ok   max|res| 2.418 e-40
  glue: orientation kept                                     ok   min slack 1.000 e0
  library: same faces                                        ok   min slack 1.000 e0
  range, d below psi* (not in the reduction when < 0): d - dlo info value -9.998 e-6
C1-rm4-15: N=15 V=15 E=26 F=13 free=0  all pass
  HexChoice: distinct faces                                  ok   min slack 1.000 e0
  InClass: KConnected 3                                      ok   min slack 1.000 e0
  InClass: V - E + F - 2                                     ok   max|res| 0.e-19
  InClass: degrees 3 to 5                                    ok   min slack 1.000 e0
  InClass: face sizes 3 to 6                                 ok   min slack 1.000 e0
  Realisation: 0 < d                                         ok   min slack 9.355 e-1
  Realisation: convex (StrictSupportFace)                    ok   min slack 8.941 e-2
  Realisation: corner < pi                                   ok   min slack 1.384 e-1
  Realisation: corner >= alpha d                             ok   min slack -5.249 e-41
  Realisation: d < pi/2                                      ok   min slack 6.353 e-1
  Realisation: edge sdist = d                                ok   max|res| 1.475 e-40
  Realisation: sep                                           ok   min slack -9.422 e-41
  Realisation: unit                                          ok   max|res| 4.496 e-41
  RelSys: pent eta in [-1,1]                                 ok   min slack 3.177 e-1
  RelSys: pent u0                                            ok   max|res| 1.347 e-40
  RelSys: pent u2                                            ok   max|res| 1.341 e-40
  RelSys: pent u3                                            ok   max|res| 1.465 e-40
  RelSys: rhombus fc1 = rho d fc0                            ok   max|res| 1.531 e-40
  RelSys: rhombus fc2 = fc0                                  ok   max|res| 1.490 e-40
  RelSys: tri                                                ok   max|res| 7.273 e-41
  RelSys: vertex_sum                                         ok   max|res| 3.411 e-41
  angular: least corner unique (gap)                         ok   min slack 1.189 e0
  angular: rot is a permutation                              ok   min slack 1.000 e0
  angular: rot keeps the vertex                              ok   min slack 1.000 e0
  glue: BFS tree spans                                       ok   min slack 1.000 e0
  glue: Gram of glueY = Gram of x                            ok   max|res| 2.801 e-40
  glue: orientation kept                                     ok   min slack 1.000 e0
  library: same faces                                        ok   min slack 1.000 e0
  range, d below psi* (not in the reduction when < 0): d - dlo info value -1.000 e-3
C1-rm4-16: N=15 V=15 E=26 F=13 free=0  all pass
  HexChoice: distinct faces                                  ok   min slack 1.000 e0
  InClass: KConnected 3                                      ok   min slack 1.000 e0
  InClass: V - E + F - 2                                     ok   max|res| 0.e-19
  InClass: degrees 3 to 5                                    ok   min slack 1.000 e0
  InClass: face sizes 3 to 6                                 ok   min slack 1.000 e0
  Realisation: 0 < d                                         ok   min slack 9.265 e-1
  Realisation: convex (StrictSupportFace)                    ok   min slack 1.087 e-1
  Realisation: corner < pi                                   ok   min slack 1.709 e-1
  Realisation: corner >= alpha d                             ok   min slack -9.436 e-41
  Realisation: d < pi/2                                      ok   min slack 6.443 e-1
  Realisation: edge sdist = d                                ok   max|res| 1.071 e-40
  Realisation: sep                                           ok   min slack -7.290 e-41
  Realisation: unit                                          ok   max|res| 4.308 e-41
  RelSys: pent eta in [-1,1]                                 ok   min slack 3.136 e-1
  RelSys: pent u0                                            ok   max|res| 1.737 e-40
  RelSys: pent u2                                            ok   max|res| 1.715 e-40
  RelSys: pent u3                                            ok   max|res| 1.688 e-40
  RelSys: rhombus fc1 = rho d fc0                            ok   max|res| 2.075 e-40
  RelSys: rhombus fc2 = fc0                                  ok   max|res| 1.876 e-40
  RelSys: tri                                                ok   max|res| 1.388 e-40
  RelSys: vertex_sum                                         ok   max|res| 4.741 e-41
  angular: least corner unique (gap)                         ok   min slack 1.186 e0
  angular: rot is a permutation                              ok   min slack 1.000 e0
  angular: rot keeps the vertex                              ok   min slack 1.000 e0
  glue: BFS tree spans                                       ok   min slack 1.000 e0
  glue: Gram of glueY = Gram of x                            ok   max|res| 2.635 e-40
  glue: orientation kept                                     ok   min slack 1.000 e0
  library: same faces                                        ok   min slack 1.000 e0
  range, d below psi* (not in the reduction when < 0): d - dlo info value -1.000 e-2
C1-rm4-17: N=15 V=15 E=26 F=13 free=0  all pass
  HexChoice: distinct faces                                  ok   min slack 1.000 e0
  InClass: KConnected 3                                      ok   min slack 1.000 e0
  InClass: V - E + F - 2                                     ok   max|res| 0.e-19
  InClass: degrees 3 to 5                                    ok   min slack 1.000 e0
  InClass: face sizes 3 to 6                                 ok   min slack 1.000 e0
  Realisation: 0 < d                                         ok   min slack 9.365 e-1
  Realisation: convex (StrictSupportFace)                    ok   min slack 1.029 e-1
  Realisation: corner < pi                                   ok   min slack 1.593 e-1
  Realisation: corner >= alpha d                             ok   min slack -1.040 e-40
  Realisation: d < pi/2                                      ok   min slack 6.343 e-1
  Realisation: edge sdist = d                                ok   max|res| 1.377 e-40
  Realisation: sep                                           ok   min slack -1.931 e-41
  Realisation: unit                                          ok   max|res| 4.327 e-41
  RelSys: pent eta in [-1,1]                                 ok   min slack 3.234 e-1
  RelSys: pent u0                                            ok   max|res| 1.321 e-40
  RelSys: pent u2                                            ok   max|res| 1.336 e-40
  RelSys: pent u3                                            ok   max|res| 1.301 e-40
  RelSys: rhombus fc1 = rho d fc0                            ok   max|res| 1.509 e-40
  RelSys: rhombus fc2 = fc0                                  ok   max|res| 1.093 e-40
  RelSys: tri                                                ok   max|res| 1.040 e-40
  RelSys: vertex_sum                                         ok   max|res| 4.673 e-41
  angular: least corner unique (gap)                         ok   min slack 1.190 e0
  angular: rot is a permutation                              ok   min slack 1.000 e0
  angular: rot keeps the vertex                              ok   min slack 1.000 e0
  glue: BFS tree spans                                       ok   min slack 1.000 e0
  glue: Gram of glueY = Gram of x                            ok   max|res| 2.667 e-40
  glue: orientation kept                                     ok   min slack 1.000 e0
  library: same faces                                        ok   min slack 1.000 e0
  range, d below psi* (not in the reduction when < 0): d - dlo info value -9.773 e-8
C1-rattler-18: N=15 V=14 E=27 F=15 free=1  all pass
  HexChoice: distinct faces                                  ok   min slack 1.000 e0
  HexChoice: free point strictly inside exactly one face     ok   min slack 1.000 e0
  HexChoice: its face has size 6                             ok   min slack 1.000 e0
  InClass: KConnected 3                                      ok   min slack 1.000 e0
  InClass: V - E + F - 2                                     ok   max|res| 0.e-19
  InClass: degrees 3 to 5                                    ok   min slack 1.000 e0
  InClass: face sizes 3 to 6                                 ok   min slack 1.000 e0
  Realisation: 0 < d                                         ok   min slack 9.365 e-1
  Realisation: convex (StrictSupportFace)                    ok   min slack 1.029 e-1
  Realisation: corner < pi                                   ok   min slack 1.593 e-1
  Realisation: corner >= alpha d                             ok   min slack -8.245 e-41
  Realisation: d < pi/2                                      ok   min slack 6.343 e-1
  Realisation: edge sdist = d                                ok   max|res| 1.367 e-40
  Realisation: inside                                        ok   min slack 6.022 e-1
  Realisation: sep                                           ok   min slack -1.806 e-41
  Realisation: unit                                          ok   max|res| 3.689 e-41
  RelSys: hex eta in [-1,1]                                  ok   min slack 7.061 e-1
  RelSys: hex u0                                             ok   max|res| 1.198 e-40
  RelSys: hex u2                                             ok   max|res| 1.198 e-40
  RelSys: hex u4                                             ok   max|res| 1.198 e-40
  RelSys: hexDiag                                            ok   min slack 1.190 e0
  RelSys: pent eta in [-1,1]                                 ok   min slack 3.234 e-1
  RelSys: pent u0                                            ok   max|res| 1.429 e-40
  RelSys: pent u2                                            ok   max|res| 1.517 e-40
  RelSys: pent u3                                            ok   max|res| 1.599 e-40
  RelSys: rhombus fc1 = rho d fc0                            ok   max|res| 1.400 e-40
  RelSys: rhombus fc2 = fc0                                  ok   max|res| 1.766 e-40
  RelSys: tri                                                ok   max|res| 1.758 e-40
  RelSys: vertex_sum                                         ok   max|res| 1.828 e-41
  RelSys: wheel angle sum 2 pi                               ok   max|res| 2.745 e-40
  RelSys: wheel d <= r                                       ok   min slack 8.703 e-41
  RelSys: wheel eta in [-1,1]                                ok   min slack 4.045 e-1
  RelSys: wheel r <= 3d                                      ok   min slack 1.449 e0
  RelSys: wheel u = gam + gam                                ok   max|res| 7.037 e-41
  angular: least corner unique (gap)                         ok   min slack 1.190 e0
  angular: rot is a permutation                              ok   min slack 1.000 e0
  angular: rot keeps the vertex                              ok   min slack 1.000 e0
  glue: BFS tree spans                                       ok   min slack 1.000 e0
  glue: Gram of glueY = Gram of x                            ok   max|res| 2.807 e-40
  glue: orientation kept                                     ok   min slack 1.000 e0
  library: same faces                                        ok   min slack 1.000 e0
  range at d = psi*: d <= dhi                                ok   min slack 5.260 e-2
  range at d = psi*: dlo <= d                                ok   min slack 2.268 e-9
C1-rattler-19: N=15 V=14 E=25 F=13 free=1  all pass
  HexChoice: distinct faces                                  ok   min slack 1.000 e0
  HexChoice: free point strictly inside exactly one face     ok   min slack 1.000 e0
  HexChoice: its face has size 6                             ok   min slack 1.000 e0
  InClass: KConnected 3                                      ok   min slack 1.000 e0
  InClass: V - E + F - 2                                     ok   max|res| 0.e-19
  InClass: degrees 3 to 5                                    ok   min slack 1.000 e0
  InClass: face sizes 3 to 6                                 ok   min slack 1.000 e0
  Realisation: 0 < d                                         ok   min slack 9.365 e-1
  Realisation: convex (StrictSupportFace)                    ok   min slack 1.029 e-1
  Realisation: corner < pi                                   ok   min slack 1.593 e-1
  Realisation: corner >= alpha d                             ok   min slack -1.092 e-40
  Realisation: d < pi/2                                      ok   min slack 6.343 e-1
  Realisation: edge sdist = d                                ok   max|res| 1.472 e-40
  Realisation: inside                                        ok   min slack 6.022 e-1
  Realisation: sep                                           ok   min slack -7.341 e-41
  Realisation: unit                                          ok   max|res| 4.112 e-41
  RelSys: hex eta in [-1,1]                                  ok   min slack 7.061 e-1
  RelSys: hex u0                                             ok   max|res| 1.854 e-40
  RelSys: hex u2                                             ok   max|res| 1.854 e-40
  RelSys: hex u4                                             ok   max|res| 1.854 e-40
  RelSys: hexDiag                                            ok   min slack 1.190 e0
  RelSys: pent eta in [-1,1]                                 ok   min slack 3.234 e-1
  RelSys: pent u0                                            ok   max|res| 1.776 e-40
  RelSys: pent u2                                            ok   max|res| 1.762 e-40
  RelSys: pent u3                                            ok   max|res| 1.690 e-40
  RelSys: rhombus fc1 = rho d fc0                            ok   max|res| 1.239 e-40
  RelSys: rhombus fc2 = fc0                                  ok   max|res| 7.308 e-41
  RelSys: tri                                                ok   max|res| 1.092 e-40
  RelSys: vertex_sum                                         ok   max|res| 2.936 e-41
  RelSys: wheel angle sum 2 pi                               ok   max|res| 2.410 e-40
  RelSys: wheel d <= r                                       ok   min slack 7.179 e-7
  RelSys: wheel eta in [-1,1]                                ok   min slack 4.045 e-1
  RelSys: wheel r <= 3d                                      ok   min slack 1.449 e0
  RelSys: wheel u = gam + gam                                ok   max|res| 7.186 e-41
  angular: least corner unique (gap)                         ok   min slack 1.190 e0
  angular: rot is a permutation                              ok   min slack 1.000 e0
  angular: rot keeps the vertex                              ok   min slack 1.000 e0
  glue: BFS tree spans                                       ok   min slack 1.000 e0
  glue: Gram of glueY = Gram of x                            ok   max|res| 2.846 e-40
  glue: orientation kept                                     ok   min slack 1.000 e0
  library: same faces                                        ok   min slack 1.000 e0
  range, d below psi* (not in the reduction when < 0): d - dlo info value -9.773 e-8
C1-rattler-20: N=15 V=14 E=25 F=13 free=1  all pass
  HexChoice: distinct faces                                  ok   min slack 1.000 e0
  HexChoice: free point strictly inside exactly one face     ok   min slack 1.000 e0
  HexChoice: its face has size 6                             ok   min slack 1.000 e0
  InClass: KConnected 3                                      ok   min slack 1.000 e0
  InClass: V - E + F - 2                                     ok   max|res| 0.e-19
  InClass: degrees 3 to 5                                    ok   min slack 1.000 e0
  InClass: face sizes 3 to 6                                 ok   min slack 1.000 e0
  Realisation: 0 < d                                         ok   min slack 9.365 e-1
  Realisation: convex (StrictSupportFace)                    ok   min slack 1.027 e-1
  Realisation: corner < pi                                   ok   min slack 1.590 e-1
  Realisation: corner >= alpha d                             ok   min slack -1.003 e-40
  Realisation: d < pi/2                                      ok   min slack 6.343 e-1
  Realisation: edge sdist = d                                ok   max|res| 1.420 e-40
  Realisation: inside                                        ok   min slack 6.023 e-1
  Realisation: sep                                           ok   min slack -7.963 e-41
  Realisation: unit                                          ok   max|res| 4.879 e-41
  RelSys: hex eta in [-1,1]                                  ok   min slack 7.061 e-1
  RelSys: hex u0                                             ok   max|res| 9.428 e-41
  RelSys: hex u2                                             ok   max|res| 9.428 e-41
  RelSys: hex u4                                             ok   max|res| 9.428 e-41
  RelSys: hexDiag                                            ok   min slack 1.190 e0
  RelSys: pent eta in [-1,1]                                 ok   min slack 3.234 e-1
  RelSys: pent u0                                            ok   max|res| 1.318 e-40
  RelSys: pent u2                                            ok   max|res| 1.426 e-40
  RelSys: pent u3                                            ok   max|res| 1.388 e-40
  RelSys: rhombus fc1 = rho d fc0                            ok   max|res| 1.750 e-40
  RelSys: rhombus fc2 = fc0                                  ok   max|res| 1.598 e-40
  RelSys: tri                                                ok   max|res| 1.472 e-40
  RelSys: vertex_sum                                         ok   max|res| 2.591 e-41
  RelSys: wheel angle sum 2 pi                               ok   max|res| 1.427 e-40
  RelSys: wheel d <= r                                       ok   min slack 6.548 e-5
  RelSys: wheel eta in [-1,1]                                ok   min slack 4.045 e-1
  RelSys: wheel r <= 3d                                      ok   min slack 1.449 e0
  RelSys: wheel u = gam + gam                                ok   max|res| 8.326 e-41
  angular: least corner unique (gap)                         ok   min slack 1.190 e0
  angular: rot is a permutation                              ok   min slack 1.000 e0
  angular: rot keeps the vertex                              ok   min slack 1.000 e0
  glue: BFS tree spans                                       ok   min slack 1.000 e0
  glue: Gram of glueY = Gram of x                            ok   max|res| 2.270 e-40
  glue: orientation kept                                     ok   min slack 1.000 e0
  library: same faces                                        ok   min slack 1.000 e0
  range, d below psi* (not in the reduction when < 0): d - dlo info value -9.998 e-6
C1-rattler-21: N=15 V=14 E=25 F=13 free=1  all pass
  HexChoice: distinct faces                                  ok   min slack 1.000 e0
  HexChoice: free point strictly inside exactly one face     ok   min slack 1.000 e0
  HexChoice: its face has size 6                             ok   min slack 1.000 e0
  InClass: KConnected 3                                      ok   min slack 1.000 e0
  InClass: V - E + F - 2                                     ok   max|res| 0.e-19
  InClass: degrees 3 to 5                                    ok   min slack 1.000 e0
  InClass: face sizes 3 to 6                                 ok   min slack 1.000 e0
  Realisation: 0 < d                                         ok   min slack 9.355 e-1
  Realisation: convex (StrictSupportFace)                    ok   min slack 9.176 e-2
  Realisation: corner < pi                                   ok   min slack 1.421 e-1
  Realisation: corner >= alpha d                             ok   min slack -5.071 e-41
  Realisation: d < pi/2                                      ok   min slack 6.353 e-1
  Realisation: edge sdist = d                                ok   max|res| 1.388 e-40
  Realisation: inside                                        ok   min slack 6.061 e-1
  Realisation: sep                                           ok   min slack -6.468 e-41
  Realisation: unit                                          ok   max|res| 3.749 e-41
  RelSys: hex eta in [-1,1]                                  ok   min slack 7.103 e-1
  RelSys: hex u0                                             ok   max|res| 1.195 e-40
  RelSys: hex u2                                             ok   max|res| 1.195 e-40
  RelSys: hex u4                                             ok   max|res| 1.195 e-40
  RelSys: hexDiag                                            ok   min slack 1.212 e0
  RelSys: pent eta in [-1,1]                                 ok   min slack 3.189 e-1
  RelSys: pent u0                                            ok   max|res| 8.239 e-41
  RelSys: pent u2                                            ok   max|res| 8.373 e-41
  RelSys: pent u3                                            ok   max|res| 8.170 e-41
  RelSys: rhombus fc1 = rho d fc0                            ok   max|res| 1.682 e-40
  RelSys: rhombus fc2 = fc0                                  ok   max|res| 1.177 e-40
  RelSys: tri                                                ok   max|res| 1.140 e-40
  RelSys: vertex_sum                                         ok   max|res| 1.712 e-41
  RelSys: wheel angle sum 2 pi                               ok   max|res| 1.828 e-40
  RelSys: wheel d <= r                                       ok   min slack 7.591 e-3
  RelSys: wheel eta in [-1,1]                                ok   min slack 4.134 e-1
  RelSys: wheel r <= 3d                                      ok   min slack 1.460 e0
  RelSys: wheel u = gam + gam                                ok   max|res| 6.650 e-41
  angular: least corner unique (gap)                         ok   min slack 1.189 e0
  angular: rot is a permutation                              ok   min slack 1.000 e0
  angular: rot keeps the vertex                              ok   min slack 1.000 e0
  glue: BFS tree spans                                       ok   min slack 1.000 e0
  glue: Gram of glueY = Gram of x                            ok   max|res| 2.733 e-40
  glue: orientation kept                                     ok   min slack 1.000 e0
  library: same faces                                        ok   min slack 1.000 e0
  range, d below psi* (not in the reduction when < 0): d - dlo info value -1.000 e-3
C1-rattler-22: N=15 V=14 E=25 F=13 free=1  all pass
  HexChoice: distinct faces                                  ok   min slack 1.000 e0
  HexChoice: free point strictly inside exactly one face     ok   min slack 1.000 e0
  HexChoice: its face has size 6                             ok   min slack 1.000 e0
  InClass: KConnected 3                                      ok   min slack 1.000 e0
  InClass: V - E + F - 2                                     ok   max|res| 0.e-19
  InClass: degrees 3 to 5                                    ok   min slack 1.000 e0
  InClass: face sizes 3 to 6                                 ok   min slack 1.000 e0
  Realisation: 0 < d                                         ok   min slack 9.365 e-1
  Realisation: convex (StrictSupportFace)                    ok   min slack 1.029 e-1
  Realisation: corner < pi                                   ok   min slack 1.593 e-1
  Realisation: corner >= alpha d                             ok   min slack -1.333 e-40
  Realisation: d < pi/2                                      ok   min slack 6.343 e-1
  Realisation: edge sdist = d                                ok   max|res| 1.449 e-40
  Realisation: inside                                        ok   min slack 6.022 e-1
  Realisation: sep                                           ok   min slack -2.838 e-41
  Realisation: unit                                          ok   max|res| 5.212 e-41
  RelSys: hex eta in [-1,1]                                  ok   min slack 7.061 e-1
  RelSys: hex u0                                             ok   max|res| 1.932 e-40
  RelSys: hex u2                                             ok   max|res| 1.932 e-40
  RelSys: hex u4                                             ok   max|res| 1.932 e-40
  RelSys: hexDiag                                            ok   min slack 1.190 e0
  RelSys: pent eta in [-1,1]                                 ok   min slack 3.234 e-1
  RelSys: pent u0                                            ok   max|res| 1.283 e-40
  RelSys: pent u2                                            ok   max|res| 1.271 e-40
  RelSys: pent u3                                            ok   max|res| 1.396 e-40
  RelSys: rhombus fc1 = rho d fc0                            ok   max|res| 2.697 e-40
  RelSys: rhombus fc2 = fc0                                  ok   max|res| 2.022 e-40
  RelSys: tri                                                ok   max|res| 1.333 e-40
  RelSys: vertex_sum                                         ok   max|res| 1.328 e-41
  RelSys: wheel angle sum 2 pi                               ok   max|res| 2.736 e-40
  RelSys: wheel d <= r                                       ok   min slack 6.544 e-7
  RelSys: wheel eta in [-1,1]                                ok   min slack 4.045 e-1
  RelSys: wheel r <= 3d                                      ok   min slack 1.449 e0
  RelSys: wheel u = gam + gam                                ok   max|res| 7.300 e-41
  angular: least corner unique (gap)                         ok   min slack 1.190 e0
  angular: rot is a permutation                              ok   min slack 1.000 e0
  angular: rot keeps the vertex                              ok   min slack 1.000 e0
  glue: BFS tree spans                                       ok   min slack 1.000 e0
  glue: Gram of glueY = Gram of x                            ok   max|res| 2.586 e-40
  glue: orientation kept                                     ok   min slack 1.000 e0
  library: same faces                                        ok   min slack 1.000 e0
  range, d below psi* (not in the reduction when < 0): d - dlo info value -9.773 e-8
C1-rattler-23: N=15 V=14 E=27 F=15 free=1  all pass
  HexChoice: distinct faces                                  ok   min slack 1.000 e0
  HexChoice: free point strictly inside exactly one face     ok   min slack 1.000 e0
  HexChoice: its face has size 6                             ok   min slack 1.000 e0
  InClass: KConnected 3                                      ok   min slack 1.000 e0
  InClass: V - E + F - 2                                     ok   max|res| 0.e-19
  InClass: degrees 3 to 5                                    ok   min slack 1.000 e0
  InClass: face sizes 3 to 6                                 ok   min slack 1.000 e0
  Realisation: 0 < d                                         ok   min slack 9.365 e-1
  Realisation: convex (StrictSupportFace)                    ok   min slack 1.029 e-1
  Realisation: corner < pi                                   ok   min slack 1.593 e-1
  Realisation: corner >= alpha d                             ok   min slack -8.245 e-41
  Realisation: d < pi/2                                      ok   min slack 6.343 e-1
  Realisation: edge sdist = d                                ok   max|res| 1.367 e-40
  Realisation: inside                                        ok   min slack 6.022 e-1
  Realisation: sep                                           ok   min slack -1.806 e-41
  Realisation: unit                                          ok   max|res| 3.689 e-41
  RelSys: hex eta in [-1,1]                                  ok   min slack 7.061 e-1
  RelSys: hex u0                                             ok   max|res| 1.104 e-40
  RelSys: hex u2                                             ok   max|res| 1.104 e-40
  RelSys: hex u4                                             ok   max|res| 1.104 e-40
  RelSys: hexDiag                                            ok   min slack 1.190 e0
  RelSys: pent eta in [-1,1]                                 ok   min slack 3.234 e-1
  RelSys: pent u0                                            ok   max|res| 1.429 e-40
  RelSys: pent u2                                            ok   max|res| 1.453 e-40
  RelSys: pent u3                                            ok   max|res| 1.414 e-40
  RelSys: rhombus fc1 = rho d fc0                            ok   max|res| 1.400 e-40
  RelSys: rhombus fc2 = fc0                                  ok   max|res| 1.766 e-40
  RelSys: tri                                                ok   max|res| 1.758 e-40
  RelSys: vertex_sum                                         ok   max|res| 1.828 e-41
  RelSys: wheel angle sum 2 pi                               ok   max|res| 3.191 e-40
  RelSys: wheel d <= r                                       ok   min slack 8.703 e-41
  RelSys: wheel eta in [-1,1]                                ok   min slack 4.045 e-1
  RelSys: wheel r <= 3d                                      ok   min slack 1.449 e0
  RelSys: wheel u = gam + gam                                ok   max|res| 8.324 e-41
  angular: least corner unique (gap)                         ok   min slack 1.190 e0
  angular: rot is a permutation                              ok   min slack 1.000 e0
  angular: rot keeps the vertex                              ok   min slack 1.000 e0
  glue: BFS tree spans                                       ok   min slack 1.000 e0
  glue: Gram of glueY = Gram of x                            ok   max|res| 2.871 e-40
  glue: orientation kept                                     ok   min slack 1.000 e0
  library: same faces                                        ok   min slack 1.000 e0
  range at d = psi*: d <= dhi                                ok   min slack 5.260 e-2
  range at d = psi*: dlo <= d                                ok   min slack 2.268 e-9
C1-rattler-24: N=15 V=14 E=25 F=13 free=1  all pass
  HexChoice: distinct faces                                  ok   min slack 1.000 e0
  HexChoice: free point strictly inside exactly one face     ok   min slack 1.000 e0
  HexChoice: its face has size 6                             ok   min slack 1.000 e0
  InClass: KConnected 3                                      ok   min slack 1.000 e0
  InClass: V - E + F - 2                                     ok   max|res| 0.e-19
  InClass: degrees 3 to 5                                    ok   min slack 1.000 e0
  InClass: face sizes 3 to 6                                 ok   min slack 1.000 e0
  Realisation: 0 < d                                         ok   min slack 9.365 e-1
  Realisation: convex (StrictSupportFace)                    ok   min slack 1.029 e-1
  Realisation: corner < pi                                   ok   min slack 1.593 e-1
  Realisation: corner >= alpha d                             ok   min slack -1.292 e-40
  Realisation: d < pi/2                                      ok   min slack 6.343 e-1
  Realisation: edge sdist = d                                ok   max|res| 1.551 e-40
  Realisation: inside                                        ok   min slack 6.022 e-1
  Realisation: sep                                           ok   min slack -1.859 e-41
  Realisation: unit                                          ok   max|res| 5.229 e-41
  RelSys: hex eta in [-1,1]                                  ok   min slack 7.061 e-1
  RelSys: hex u0                                             ok   max|res| 1.752 e-40
  RelSys: hex u2                                             ok   max|res| 1.752 e-40
  RelSys: hex u4                                             ok   max|res| 1.752 e-40
  RelSys: hexDiag                                            ok   min slack 1.190 e0
  RelSys: pent eta in [-1,1]                                 ok   min slack 3.234 e-1
  RelSys: pent u0                                            ok   max|res| 1.554 e-40
  RelSys: pent u2                                            ok   max|res| 1.517 e-40
  RelSys: pent u3                                            ok   max|res| 1.476 e-40
  RelSys: rhombus fc1 = rho d fc0                            ok   max|res| 1.301 e-40
  RelSys: rhombus fc2 = fc0                                  ok   max|res| 1.037 e-40
  RelSys: tri                                                ok   max|res| 1.292 e-40
  RelSys: vertex_sum                                         ok   max|res| 6.286 e-41
  RelSys: wheel angle sum 2 pi                               ok   max|res| 1.872 e-40
  RelSys: wheel d <= r                                       ok   min slack 8.475 e-7
  RelSys: wheel eta in [-1,1]                                ok   min slack 4.045 e-1
  RelSys: wheel r <= 3d                                      ok   min slack 1.449 e0
  RelSys: wheel u = gam + gam                                ok   max|res| 1.285 e-40
  angular: least corner unique (gap)                         ok   min slack 1.190 e0
  angular: rot is a permutation                              ok   min slack 1.000 e0
  angular: rot keeps the vertex                              ok   min slack 1.000 e0
  glue: BFS tree spans                                       ok   min slack 1.000 e0
  glue: Gram of glueY = Gram of x                            ok   max|res| 2.723 e-40
  glue: orientation kept                                     ok   min slack 1.000 e0
  library: same faces                                        ok   min slack 1.000 e0
  range, d below psi* (not in the reduction when < 0): d - dlo info value -9.773 e-8
C1-rattler-25: N=15 V=14 E=25 F=13 free=1  all pass
  HexChoice: distinct faces                                  ok   min slack 1.000 e0
  HexChoice: free point strictly inside exactly one face     ok   min slack 1.000 e0
  HexChoice: its face has size 6                             ok   min slack 1.000 e0
  InClass: KConnected 3                                      ok   min slack 1.000 e0
  InClass: V - E + F - 2                                     ok   max|res| 0.e-19
  InClass: degrees 3 to 5                                    ok   min slack 1.000 e0
  InClass: face sizes 3 to 6                                 ok   min slack 1.000 e0
  Realisation: 0 < d                                         ok   min slack 9.365 e-1
  Realisation: convex (StrictSupportFace)                    ok   min slack 1.029 e-1
  Realisation: corner < pi                                   ok   min slack 1.592 e-1
  Realisation: corner >= alpha d                             ok   min slack -7.921 e-41
  Realisation: d < pi/2                                      ok   min slack 6.343 e-1
  Realisation: edge sdist = d                                ok   max|res| 1.213 e-40
  Realisation: inside                                        ok   min slack 6.023 e-1
  Realisation: sep                                           ok   min slack -9.242 e-41
  Realisation: unit                                          ok   max|res| 6.318 e-41
  RelSys: hex eta in [-1,1]                                  ok   min slack 7.061 e-1
  RelSys: hex u0                                             ok   max|res| 1.355 e-40
  RelSys: hex u2                                             ok   max|res| 1.355 e-40
  RelSys: hex u4                                             ok   max|res| 1.355 e-40
  RelSys: hexDiag                                            ok   min slack 1.190 e0
  RelSys: pent eta in [-1,1]                                 ok   min slack 3.234 e-1
  RelSys: pent u0                                            ok   max|res| 1.196 e-40
  RelSys: pent u2                                            ok   max|res| 1.088 e-40
  RelSys: pent u3                                            ok   max|res| 1.059 e-40
  RelSys: rhombus fc1 = rho d fc0                            ok   max|res| 1.328 e-40
  RelSys: rhombus fc2 = fc0                                  ok   max|res| 1.000 e-40
  RelSys: tri                                                ok   max|res| 1.203 e-40
  RelSys: vertex_sum                                         ok   max|res| 7.557 e-41
  RelSys: wheel angle sum 2 pi                               ok   max|res| 8.585 e-41
  RelSys: wheel d <= r                                       ok   min slack 7.018 e-5
  RelSys: wheel eta in [-1,1]                                ok   min slack 4.045 e-1
  RelSys: wheel r <= 3d                                      ok   min slack 1.449 e0
  RelSys: wheel u = gam + gam                                ok   max|res| 1.067 e-40
  angular: least corner unique (gap)                         ok   min slack 1.190 e0
  angular: rot is a permutation                              ok   min slack 1.000 e0
  angular: rot keeps the vertex                              ok   min slack 1.000 e0
  glue: BFS tree spans                                       ok   min slack 1.000 e0
  glue: Gram of glueY = Gram of x                            ok   max|res| 2.737 e-40
  glue: orientation kept                                     ok   min slack 1.000 e0
  library: same faces                                        ok   min slack 1.000 e0
  range, d below psi* (not in the reduction when < 0): d - dlo info value -9.998 e-6
C1-rattler-26: N=15 V=14 E=25 F=13 free=1  all pass
  HexChoice: distinct faces                                  ok   min slack 1.000 e0
  HexChoice: free point strictly inside exactly one face     ok   min slack 1.000 e0
  HexChoice: its face has size 6                             ok   min slack 1.000 e0
  InClass: KConnected 3                                      ok   min slack 1.000 e0
  InClass: V - E + F - 2                                     ok   max|res| 0.e-19
  InClass: degrees 3 to 5                                    ok   min slack 1.000 e0
  InClass: face sizes 3 to 6                                 ok   min slack 1.000 e0
  Realisation: 0 < d                                         ok   min slack 9.355 e-1
  Realisation: convex (StrictSupportFace)                    ok   min slack 1.204 e-1
  Realisation: corner < pi                                   ok   min slack 1.870 e-1
  Realisation: corner >= alpha d                             ok   min slack -9.526 e-41
  Realisation: d < pi/2                                      ok   min slack 6.353 e-1
  Realisation: edge sdist = d                                ok   max|res| 1.186 e-40
  Realisation: inside                                        ok   min slack 6.073 e-1
  Realisation: sep                                           ok   min slack -6.643 e-41
  Realisation: unit                                          ok   max|res| 3.248 e-41
  RelSys: hex eta in [-1,1]                                  ok   min slack 7.115 e-1
  RelSys: hex u0                                             ok   max|res| 1.641 e-40
  RelSys: hex u2                                             ok   max|res| 1.641 e-40
  RelSys: hex u4                                             ok   max|res| 1.641 e-40
  RelSys: hexDiag                                            ok   min slack 1.217 e0
  RelSys: pent eta in [-1,1]                                 ok   min slack 3.283 e-1
  RelSys: pent u0                                            ok   max|res| 1.817 e-40
  RelSys: pent u2                                            ok   max|res| 2.032 e-40
  RelSys: pent u3                                            ok   max|res| 1.975 e-40
  RelSys: rhombus fc1 = rho d fc0                            ok   max|res| 8.406 e-41
  RelSys: rhombus fc2 = fc0                                  ok   max|res| 5.445 e-41
  RelSys: tri                                                ok   max|res| 1.254 e-40
  RelSys: vertex_sum                                         ok   max|res| 3.825 e-41
  RelSys: wheel angle sum 2 pi                               ok   max|res| 3.837 e-40
  RelSys: wheel d <= r                                       ok   min slack 9.384 e-3
  RelSys: wheel eta in [-1,1]                                ok   min slack 4.163 e-1
  RelSys: wheel r <= 3d                                      ok   min slack 1.464 e0
  RelSys: wheel u = gam + gam                                ok   max|res| 1.003 e-40
  angular: least corner unique (gap)                         ok   min slack 1.189 e0
  angular: rot is a permutation                              ok   min slack 1.000 e0
  angular: rot keeps the vertex                              ok   min slack 1.000 e0
  glue: BFS tree spans                                       ok   min slack 1.000 e0
  glue: Gram of glueY = Gram of x                            ok   max|res| 2.795 e-40
  glue: orientation kept                                     ok   min slack 1.000 e0
  library: same faces                                        ok   min slack 1.000 e0
  range, d below psi* (not in the reduction when < 0): d - dlo info value -1.000 e-3
C1-rattler-27: N=15 V=14 E=25 F=13 free=1  all pass
  HexChoice: distinct faces                                  ok   min slack 1.000 e0
  HexChoice: free point strictly inside exactly one face     ok   min slack 1.000 e0
  HexChoice: its face has size 6                             ok   min slack 1.000 e0
  InClass: KConnected 3                                      ok   min slack 1.000 e0
  InClass: V - E + F - 2                                     ok   max|res| 0.e-19
  InClass: degrees 3 to 5                                    ok   min slack 1.000 e0
  InClass: face sizes 3 to 6                                 ok   min slack 1.000 e0
  Realisation: 0 < d                                         ok   min slack 9.365 e-1
  Realisation: convex (StrictSupportFace)                    ok   min slack 1.029 e-1
  Realisation: corner < pi                                   ok   min slack 1.593 e-1
  Realisation: corner >= alpha d                             ok   min slack -8.547 e-41
  Realisation: d < pi/2                                      ok   min slack 6.343 e-1
  Realisation: edge sdist = d                                ok   max|res| 1.551 e-40
  Realisation: inside                                        ok   min slack 6.022 e-1
  Realisation: sep                                           ok   min slack -2.307 e-41
  Realisation: unit                                          ok   max|res| 5.229 e-41
  RelSys: hex eta in [-1,1]                                  ok   min slack 7.061 e-1
  RelSys: hex u0                                             ok   max|res| 1.752 e-40
  RelSys: hex u2                                             ok   max|res| 1.752 e-40
  RelSys: hex u4                                             ok   max|res| 1.752 e-40
  RelSys: hexDiag                                            ok   min slack 1.190 e0
  RelSys: pent eta in [-1,1]                                 ok   min slack 3.234 e-1
  RelSys: pent u0                                            ok   max|res| 1.222 e-40
  RelSys: pent u2                                            ok   max|res| 1.230 e-40
  RelSys: pent u3                                            ok   max|res| 1.351 e-40
  RelSys: rhombus fc1 = rho d fc0                            ok   max|res| 2.122 e-40
  RelSys: rhombus fc2 = fc0                                  ok   max|res| 1.787 e-40
  RelSys: tri                                                ok   max|res| 1.845 e-40
  RelSys: vertex_sum                                         ok   max|res| 2.777 e-41
  RelSys: wheel angle sum 2 pi                               ok   max|res| 1.872 e-40
  RelSys: wheel d <= r                                       ok   min slack 8.475 e-7
  RelSys: wheel eta in [-1,1]                                ok   min slack 4.045 e-1
  RelSys: wheel r <= 3d                                      ok   min slack 1.449 e0
  RelSys: wheel u = gam + gam                                ok   max|res| 1.285 e-40
  angular: least corner unique (gap)                         ok   min slack 1.190 e0
  angular: rot is a permutation                              ok   min slack 1.000 e0
  angular: rot keeps the vertex                              ok   min slack 1.000 e0
  glue: BFS tree spans                                       ok   min slack 1.000 e0
  glue: Gram of glueY = Gram of x                            ok   max|res| 2.733 e-40
  glue: orientation kept                                     ok   min slack 1.000 e0
  library: same faces                                        ok   min slack 1.000 e0
  range, d below psi* (not in the reduction when < 0): d - dlo info value -9.773 e-8
C1-rattler-28: N=15 V=14 E=27 F=15 free=1  all pass
  HexChoice: distinct faces                                  ok   min slack 1.000 e0
  HexChoice: free point strictly inside exactly one face     ok   min slack 1.000 e0
  HexChoice: its face has size 6                             ok   min slack 1.000 e0
  InClass: KConnected 3                                      ok   min slack 1.000 e0
  InClass: V - E + F - 2                                     ok   max|res| 0.e-19
  InClass: degrees 3 to 5                                    ok   min slack 1.000 e0
  InClass: face sizes 3 to 6                                 ok   min slack 1.000 e0
  Realisation: 0 < d                                         ok   min slack 9.365 e-1
  Realisation: convex (StrictSupportFace)                    ok   min slack 1.029 e-1
  Realisation: corner < pi                                   ok   min slack 1.593 e-1
  Realisation: corner >= alpha d                             ok   min slack -8.245 e-41
  Realisation: d < pi/2                                      ok   min slack 6.343 e-1
  Realisation: edge sdist = d                                ok   max|res| 1.367 e-40
  Realisation: inside                                        ok   min slack 6.022 e-1
  Realisation: sep                                           ok   min slack -1.806 e-41
  Realisation: unit                                          ok   max|res| 3.689 e-41
  RelSys: hex eta in [-1,1]                                  ok   min slack 7.061 e-1
  RelSys: hex u0                                             ok   max|res| 1.198 e-40
  RelSys: hex u2                                             ok   max|res| 1.198 e-40
  RelSys: hex u4                                             ok   max|res| 1.198 e-40
  RelSys: hexDiag                                            ok   min slack 1.190 e0
  RelSys: pent eta in [-1,1]                                 ok   min slack 3.234 e-1
  RelSys: pent u0                                            ok   max|res| 1.429 e-40
  RelSys: pent u2                                            ok   max|res| 1.517 e-40
  RelSys: pent u3                                            ok   max|res| 1.599 e-40
  RelSys: rhombus fc1 = rho d fc0                            ok   max|res| 1.400 e-40
  RelSys: rhombus fc2 = fc0                                  ok   max|res| 1.766 e-40
  RelSys: tri                                                ok   max|res| 1.758 e-40
  RelSys: vertex_sum                                         ok   max|res| 1.828 e-41
  RelSys: wheel angle sum 2 pi                               ok   max|res| 2.760 e-40
  RelSys: wheel d <= r                                       ok   min slack 9.165 e-42
  RelSys: wheel eta in [-1,1]                                ok   min slack 4.045 e-1
  RelSys: wheel r <= 3d                                      ok   min slack 1.449 e0
  RelSys: wheel u = gam + gam                                ok   max|res| 8.324 e-41
  angular: least corner unique (gap)                         ok   min slack 1.190 e0
  angular: rot is a permutation                              ok   min slack 1.000 e0
  angular: rot keeps the vertex                              ok   min slack 1.000 e0
  glue: BFS tree spans                                       ok   min slack 1.000 e0
  glue: Gram of glueY = Gram of x                            ok   max|res| 2.871 e-40
  glue: orientation kept                                     ok   min slack 1.000 e0
  library: same faces                                        ok   min slack 1.000 e0
  range at d = psi*: d <= dhi                                ok   min slack 5.260 e-2
  range at d = psi*: dlo <= d                                ok   min slack 2.268 e-9
C1-rattler-29: N=15 V=14 E=25 F=13 free=1  all pass
  HexChoice: distinct faces                                  ok   min slack 1.000 e0
  HexChoice: free point strictly inside exactly one face     ok   min slack 1.000 e0
  HexChoice: its face has size 6                             ok   min slack 1.000 e0
  InClass: KConnected 3                                      ok   min slack 1.000 e0
  InClass: V - E + F - 2                                     ok   max|res| 0.e-19
  InClass: degrees 3 to 5                                    ok   min slack 1.000 e0
  InClass: face sizes 3 to 6                                 ok   min slack 1.000 e0
  Realisation: 0 < d                                         ok   min slack 9.365 e-1
  Realisation: convex (StrictSupportFace)                    ok   min slack 1.029 e-1
  Realisation: corner < pi                                   ok   min slack 1.593 e-1
  Realisation: corner >= alpha d                             ok   min slack -1.232 e-40
  Realisation: d < pi/2                                      ok   min slack 6.343 e-1
  Realisation: edge sdist = d                                ok   max|res| 9.820 e-41
  Realisation: inside                                        ok   min slack 6.022 e-1
  Realisation: sep                                           ok   min slack -6.628 e-41
  Realisation: unit                                          ok   max|res| 6.725 e-41
  RelSys: hex eta in [-1,1]                                  ok   min slack 7.061 e-1
  RelSys: hex u0                                             ok   max|res| 1.899 e-40
  RelSys: hex u2                                             ok   max|res| 1.899 e-40
  RelSys: hex u4                                             ok   max|res| 1.899 e-40
  RelSys: hexDiag                                            ok   min slack 1.190 e0
  RelSys: pent eta in [-1,1]                                 ok   min slack 3.234 e-1
  RelSys: pent u0                                            ok   max|res| 1.573 e-40
  RelSys: pent u2                                            ok   max|res| 1.689 e-40
  RelSys: pent u3                                            ok   max|res| 1.644 e-40
  RelSys: rhombus fc1 = rho d fc0                            ok   max|res| 1.636 e-40
  RelSys: rhombus fc2 = fc0                                  ok   max|res| 1.804 e-40
  RelSys: tri                                                ok   max|res| 1.232 e-40
  RelSys: vertex_sum                                         ok   max|res| 1.706 e-41
  RelSys: wheel angle sum 2 pi                               ok   max|res| 3.281 e-40
  RelSys: wheel d <= r                                       ok   min slack 6.002 e-7
  RelSys: wheel eta in [-1,1]                                ok   min slack 4.045 e-1
  RelSys: wheel r <= 3d                                      ok   min slack 1.449 e0
  RelSys: wheel u = gam + gam                                ok   max|res| 1.227 e-40
  angular: least corner unique (gap)                         ok   min slack 1.190 e0
  angular: rot is a permutation                              ok   min slack 1.000 e0
  angular: rot keeps the vertex                              ok   min slack 1.000 e0
  glue: BFS tree spans                                       ok   min slack 1.000 e0
  glue: Gram of glueY = Gram of x                            ok   max|res| 2.769 e-40
  glue: orientation kept                                     ok   min slack 1.000 e0
  library: same faces                                        ok   min slack 1.000 e0
  range, d below psi* (not in the reduction when < 0): d - dlo info value -9.773 e-8
C1-rattler-30: N=15 V=14 E=25 F=13 free=1  all pass
  HexChoice: distinct faces                                  ok   min slack 1.000 e0
  HexChoice: free point strictly inside exactly one face     ok   min slack 1.000 e0
  HexChoice: its face has size 6                             ok   min slack 1.000 e0
  InClass: KConnected 3                                      ok   min slack 1.000 e0
  InClass: V - E + F - 2                                     ok   max|res| 0.e-19
  InClass: degrees 3 to 5                                    ok   min slack 1.000 e0
  InClass: face sizes 3 to 6                                 ok   min slack 1.000 e0
  Realisation: 0 < d                                         ok   min slack 9.365 e-1
  Realisation: convex (StrictSupportFace)                    ok   min slack 1.027 e-1
  Realisation: corner < pi                                   ok   min slack 1.589 e-1
  Realisation: corner >= alpha d                             ok   min slack -9.571 e-41
  Realisation: d < pi/2                                      ok   min slack 6.343 e-1
  Realisation: edge sdist = d                                ok   max|res| 8.854 e-41
  Realisation: inside                                        ok   min slack 6.023 e-1
  Realisation: sep                                           ok   min slack -4.728 e-41
  Realisation: unit                                          ok   max|res| 6.799 e-41
  RelSys: hex eta in [-1,1]                                  ok   min slack 7.061 e-1
  RelSys: hex u0                                             ok   max|res| 2.157 e-40
  RelSys: hex u2                                             ok   max|res| 2.157 e-40
  RelSys: hex u4                                             ok   max|res| 2.157 e-40
  RelSys: hexDiag                                            ok   min slack 1.190 e0
  RelSys: pent eta in [-1,1]                                 ok   min slack 3.233 e-1
  RelSys: pent u0                                            ok   max|res| 1.697 e-40
  RelSys: pent u2                                            ok   max|res| 1.553 e-40
  RelSys: pent u3                                            ok   max|res| 1.705 e-40
  RelSys: rhombus fc1 = rho d fc0                            ok   max|res| 1.697 e-40
  RelSys: rhombus fc2 = fc0                                  ok   max|res| 1.815 e-40
  RelSys: tri                                                ok   max|res| 9.571 e-41
  RelSys: vertex_sum                                         ok   max|res| 4.481 e-41
  RelSys: wheel angle sum 2 pi                               ok   max|res| 4.102 e-40
  RelSys: wheel d <= r                                       ok   min slack 8.256 e-5
  RelSys: wheel eta in [-1,1]                                ok   min slack 4.045 e-1
  RelSys: wheel r <= 3d                                      ok   min slack 1.449 e0
  RelSys: wheel u = gam + gam                                ok   max|res| 1.011 e-40
  angular: least corner unique (gap)                         ok   min slack 1.190 e0
  angular: rot is a permutation                              ok   min slack 1.000 e0
  angular: rot keeps the vertex                              ok   min slack 1.000 e0
  glue: BFS tree spans                                       ok   min slack 1.000 e0
  glue: Gram of glueY = Gram of x                            ok   max|res| 2.610 e-40
  glue: orientation kept                                     ok   min slack 1.000 e0
  library: same faces                                        ok   min slack 1.000 e0
  range, d below psi* (not in the reduction when < 0): d - dlo info value -9.998 e-6
C1-rattler-31: N=15 V=14 E=25 F=13 free=1  all pass
  HexChoice: distinct faces                                  ok   min slack 1.000 e0
  HexChoice: free point strictly inside exactly one face     ok   min slack 1.000 e0
  HexChoice: its face has size 6                             ok   min slack 1.000 e0
  InClass: KConnected 3                                      ok   min slack 1.000 e0
  InClass: V - E + F - 2                                     ok   max|res| 0.e-19
  InClass: degrees 3 to 5                                    ok   min slack 1.000 e0
  InClass: face sizes 3 to 6                                 ok   min slack 1.000 e0
  Realisation: 0 < d                                         ok   min slack 9.355 e-1
  Realisation: convex (StrictSupportFace)                    ok   min slack 1.010 e-1
  Realisation: corner < pi                                   ok   min slack 1.566 e-1
  Realisation: corner >= alpha d                             ok   min slack -9.250 e-41
  Realisation: d < pi/2                                      ok   min slack 6.353 e-1
  Realisation: edge sdist = d                                ok   max|res| 1.325 e-40
  Realisation: inside                                        ok   min slack 6.060 e-1
  Realisation: sep                                           ok   min slack -1.863 e-41
  Realisation: unit                                          ok   max|res| 3.971 e-41
  RelSys: hex eta in [-1,1]                                  ok   min slack 7.046 e-1
  RelSys: hex u0                                             ok   max|res| 1.534 e-40
  RelSys: hex u2                                             ok   max|res| 1.534 e-40
  RelSys: hex u4                                             ok   max|res| 1.534 e-40
  RelSys: hexDiag                                            ok   min slack 1.207 e0
  RelSys: pent eta in [-1,1]                                 ok   min slack 3.213 e-1
  RelSys: pent u0                                            ok   max|res| 1.371 e-40
  RelSys: pent u2                                            ok   max|res| 1.396 e-40
  RelSys: pent u3                                            ok   max|res| 1.351 e-40
  RelSys: rhombus fc1 = rho d fc0                            ok   max|res| 1.422 e-40
  RelSys: rhombus fc2 = fc0                                  ok   max|res| 1.252 e-40
  RelSys: tri                                                ok   max|res| 1.145 e-40
  RelSys: vertex_sum                                         ok   max|res| 3.024 e-41
  RelSys: wheel angle sum 2 pi                               ok   max|res| 2.080 e-40
  RelSys: wheel d <= r                                       ok   min slack 7.356 e-3
  RelSys: wheel eta in [-1,1]                                ok   min slack 4.042 e-1
  RelSys: wheel r <= 3d                                      ok   min slack 1.444 e0
  RelSys: wheel u = gam + gam                                ok   max|res| 1.488 e-40
  angular: least corner unique (gap)                         ok   min slack 1.189 e0
  angular: rot is a permutation                              ok   min slack 1.000 e0
  angular: rot keeps the vertex                              ok   min slack 1.000 e0
  glue: BFS tree spans                                       ok   min slack 1.000 e0
  glue: Gram of glueY = Gram of x                            ok   max|res| 2.557 e-40
  glue: orientation kept                                     ok   min slack 1.000 e0
  library: same faces                                        ok   min slack 1.000 e0
  range, d below psi* (not in the reduction when < 0): d - dlo info value -1.000 e-3
== ../../data/genuine/flex-C3.txt
C3-rm3-32: N=15 V=15 E=27 F=14 free=0  all pass
  HexChoice: distinct faces                                  ok   min slack 1.000 e0
  InClass: KConnected 3                                      ok   min slack 1.000 e0
  InClass: V - E + F - 2                                     ok   max|res| 0.e-19
  InClass: degrees 3 to 5                                    ok   min slack 1.000 e0
  InClass: face sizes 3 to 6                                 ok   min slack 1.000 e0
  Realisation: 0 < d                                         ok   min slack 9.365 e-1
  Realisation: convex (StrictSupportFace)                    ok   min slack 1.029 e-1
  Realisation: corner < pi                                   ok   min slack 1.593 e-1
  Realisation: corner >= alpha d                             ok   min slack -7.998 e-41
  Realisation: d < pi/2                                      ok   min slack 6.343 e-1
  Realisation: edge sdist = d                                ok   max|res| 1.367 e-40
  Realisation: sep                                           ok   min slack -1.806 e-41
  Realisation: unit                                          ok   max|res| 3.689 e-41
  RelSys: pent eta in [-1,1]                                 ok   min slack 3.234 e-1
  RelSys: pent u0                                            ok   max|res| 1.417 e-40
  RelSys: pent u2                                            ok   max|res| 1.517 e-40
  RelSys: pent u3                                            ok   max|res| 1.599 e-40
  RelSys: rhombus fc1 = rho d fc0                            ok   max|res| 1.784 e-40
  RelSys: rhombus fc2 = fc0                                  ok   max|res| 2.558 e-40
  RelSys: tri                                                ok   max|res| 1.758 e-40
  RelSys: vertex_sum                                         ok   max|res| 9.312 e-42
  angular: least corner unique (gap)                         ok   min slack 1.190 e0
  angular: rot is a permutation                              ok   min slack 1.000 e0
  angular: rot keeps the vertex                              ok   min slack 1.000 e0
  glue: BFS tree spans                                       ok   min slack 1.000 e0
  glue: Gram of glueY = Gram of x                            ok   max|res| 2.856 e-40
  glue: orientation kept                                     ok   min slack 1.000 e0
  library: same faces                                        ok   min slack 1.000 e0
  range at d = psi*: d <= dhi                                ok   min slack 5.260 e-2
  range at d = psi*: dlo <= d                                ok   min slack 2.268 e-9
C3-rm3-33: N=15 V=15 E=27 F=14 free=0  all pass
  HexChoice: distinct faces                                  ok   min slack 1.000 e0
  InClass: KConnected 3                                      ok   min slack 1.000 e0
  InClass: V - E + F - 2                                     ok   max|res| 0.e-19
  InClass: degrees 3 to 5                                    ok   min slack 1.000 e0
  InClass: face sizes 3 to 6                                 ok   min slack 1.000 e0
  Realisation: 0 < d                                         ok   min slack 9.365 e-1
  Realisation: convex (StrictSupportFace)                    ok   min slack 1.027 e-1
  Realisation: corner < pi                                   ok   min slack 1.590 e-1
  Realisation: corner >= alpha d                             ok   min slack -7.566 e-41
  Realisation: d < pi/2                                      ok   min slack 6.343 e-1
  Realisation: edge sdist = d                                ok   max|res| 1.054 e-40
  Realisation: sep                                           ok   min slack -5.061 e-41
  Realisation: unit                                          ok   max|res| 4.534 e-41
  RelSys: pent eta in [-1,1]                                 ok   min slack 3.234 e-1
  RelSys: pent u0                                            ok   max|res| 1.265 e-40
  RelSys: pent u2                                            ok   max|res| 1.251 e-40
  RelSys: pent u3                                            ok   max|res| 1.217 e-40
  RelSys: rhombus fc1 = rho d fc0                            ok   max|res| 1.742 e-40
  RelSys: rhombus fc2 = fc0                                  ok   max|res| 9.868 e-41
  RelSys: tri                                                ok   max|res| 1.838 e-40
  RelSys: vertex_sum                                         ok   max|res| 1.169 e-41
  angular: least corner unique (gap)                         ok   min slack 1.190 e0
  angular: rot is a permutation                              ok   min slack 1.000 e0
  angular: rot keeps the vertex                              ok   min slack 1.000 e0
  glue: BFS tree spans                                       ok   min slack 1.000 e0
  glue: Gram of glueY = Gram of x                            ok   max|res| 2.243 e-40
  glue: orientation kept                                     ok   min slack 1.000 e0
  library: same faces                                        ok   min slack 1.000 e0
  range, d below psi* (not in the reduction when < 0): d - dlo info value -9.998 e-6
C3-rm3-34: N=15 V=15 E=27 F=14 free=0  all pass
  HexChoice: distinct faces                                  ok   min slack 1.000 e0
  InClass: KConnected 3                                      ok   min slack 1.000 e0
  InClass: V - E + F - 2                                     ok   max|res| 0.e-19
  InClass: degrees 3 to 5                                    ok   min slack 1.000 e0
  InClass: face sizes 3 to 6                                 ok   min slack 1.000 e0
  Realisation: 0 < d                                         ok   min slack 9.355 e-1
  Realisation: convex (StrictSupportFace)                    ok   min slack 1.044 e-1
  Realisation: corner < pi                                   ok   min slack 1.619 e-1
  Realisation: corner >= alpha d                             ok   min slack -7.289 e-41
  Realisation: d < pi/2                                      ok   min slack 6.353 e-1
  Realisation: edge sdist = d                                ok   max|res| 1.118 e-40
  Realisation: sep                                           ok   min slack -6.956 e-41
  Realisation: unit                                          ok   max|res| 6.108 e-41
  RelSys: pent eta in [-1,1]                                 ok   min slack 3.227 e-1
  RelSys: pent u0                                            ok   max|res| 1.288 e-40
  RelSys: pent u2                                            ok   max|res| 1.267 e-40
  RelSys: pent u3                                            ok   max|res| 1.228 e-40
  RelSys: rhombus fc1 = rho d fc0                            ok   max|res| 1.224 e-40
  RelSys: rhombus fc2 = fc0                                  ok   max|res| 9.917 e-41
  RelSys: tri                                                ok   max|res| 7.289 e-41
  RelSys: vertex_sum                                         ok   max|res| 3.396 e-41
  angular: least corner unique (gap)                         ok   min slack 1.189 e0
  angular: rot is a permutation                              ok   min slack 1.000 e0
  angular: rot keeps the vertex                              ok   min slack 1.000 e0
  glue: BFS tree spans                                       ok   min slack 1.000 e0
  glue: Gram of glueY = Gram of x                            ok   max|res| 2.484 e-40
  glue: orientation kept                                     ok   min slack 1.000 e0
  library: same faces                                        ok   min slack 1.000 e0
  range, d below psi* (not in the reduction when < 0): d - dlo info value -1.000 e-3
C3-rm3-35: N=15 V=15 E=27 F=14 free=0  all pass
  HexChoice: distinct faces                                  ok   min slack 1.000 e0
  InClass: KConnected 3                                      ok   min slack 1.000 e0
  InClass: V - E + F - 2                                     ok   max|res| 0.e-19
  InClass: degrees 3 to 5                                    ok   min slack 1.000 e0
  InClass: face sizes 3 to 6                                 ok   min slack 1.000 e0
  Realisation: 0 < d                                         ok   min slack 9.365 e-1
  Realisation: convex (StrictSupportFace)                    ok   min slack 1.029 e-1
  Realisation: corner < pi                                   ok   min slack 1.593 e-1
  Realisation: corner >= alpha d                             ok   min slack -9.237 e-41
  Realisation: d < pi/2                                      ok   min slack 6.343 e-1
  Realisation: edge sdist = d                                ok   max|res| 1.665 e-40
  Realisation: sep                                           ok   min slack -8.422 e-41
  Realisation: unit                                          ok   max|res| 6.314 e-41
  RelSys: pent eta in [-1,1]                                 ok   min slack 3.234 e-1
  RelSys: pent u0                                            ok   max|res| 1.307 e-40
  RelSys: pent u2                                            ok   max|res| 1.092 e-40
  RelSys: pent u3                                            ok   max|res| 1.063 e-40
  RelSys: rhombus fc1 = rho d fc0                            ok   max|res| 1.446 e-40
  RelSys: rhombus fc2 = fc0                                  ok   max|res| 1.002 e-40
  RelSys: tri                                                ok   max|res| 9.237 e-41
  RelSys: vertex_sum                                         ok   max|res| 7.125 e-41
  angular: least corner unique (gap)                         ok   min slack 1.190 e0
  angular: rot is a permutation                              ok   min slack 1.000 e0
  angular: rot keeps the vertex                              ok   min slack 1.000 e0
  glue: BFS tree spans                                       ok   min slack 1.000 e0
  glue: Gram of glueY = Gram of x                            ok   max|res| 2.589 e-40
  glue: orientation kept                                     ok   min slack 1.000 e0
  library: same faces                                        ok   min slack 1.000 e0
  range, d below psi* (not in the reduction when < 0): d - dlo info value -9.773 e-8
C3-rm3-36: N=15 V=15 E=27 F=14 free=0  all pass
  HexChoice: distinct faces                                  ok   min slack 1.000 e0
  InClass: KConnected 3                                      ok   min slack 1.000 e0
  InClass: V - E + F - 2                                     ok   max|res| 0.e-19
  InClass: degrees 3 to 5                                    ok   min slack 1.000 e0
  InClass: face sizes 3 to 6                                 ok   min slack 1.000 e0
  Realisation: 0 < d                                         ok   min slack 9.365 e-1
  Realisation: convex (StrictSupportFace)                    ok   min slack 1.029 e-1
  Realisation: corner < pi                                   ok   min slack 1.593 e-1
  Realisation: corner >= alpha d                             ok   min slack -4.539 e-41
  Realisation: d < pi/2                                      ok   min slack 6.343 e-1
  Realisation: edge sdist = d                                ok   max|res| 1.448 e-40
  Realisation: sep                                           ok   min slack -5.129 e-41
  Realisation: unit                                          ok   max|res| 4.799 e-41
  RelSys: pent eta in [-1,1]                                 ok   min slack 3.234 e-1
  RelSys: pent u0                                            ok   max|res| 1.293 e-40
  RelSys: pent u2                                            ok   max|res| 1.307 e-40
  RelSys: pent u3                                            ok   max|res| 1.272 e-40
  RelSys: rhombus fc1 = rho d fc0                            ok   max|res| 1.672 e-40
  RelSys: rhombus fc2 = fc0                                  ok   max|res| 1.542 e-40
  RelSys: tri                                                ok   max|res| 9.557 e-41
  RelSys: vertex_sum                                         ok   max|res| 3.844 e-41
  angular: least corner unique (gap)                         ok   min slack 1.190 e0
  angular: rot is a permutation                              ok   min slack 1.000 e0
  angular: rot keeps the vertex                              ok   min slack 1.000 e0
  glue: BFS tree spans                                       ok   min slack 1.000 e0
  glue: Gram of glueY = Gram of x                            ok   max|res| 2.248 e-40
  glue: orientation kept                                     ok   min slack 1.000 e0
  library: same faces                                        ok   min slack 1.000 e0
  range, d below psi* (not in the reduction when < 0): d - dlo info value -9.998 e-6
C3-rm3-37: N=15 V=15 E=27 F=14 free=0  all pass
  HexChoice: distinct faces                                  ok   min slack 1.000 e0
  InClass: KConnected 3                                      ok   min slack 1.000 e0
  InClass: V - E + F - 2                                     ok   max|res| 0.e-19
  InClass: degrees 3 to 5                                    ok   min slack 1.000 e0
  InClass: face sizes 3 to 6                                 ok   min slack 1.000 e0
  Realisation: 0 < d                                         ok   min slack 9.365 e-1
  Realisation: convex (StrictSupportFace)                    ok   min slack 1.029 e-1
  Realisation: corner < pi                                   ok   min slack 1.593 e-1
  Realisation: corner >= alpha d                             ok   min slack -8.432 e-41
  Realisation: d < pi/2                                      ok   min slack 6.343 e-1
  Realisation: edge sdist = d                                ok   max|res| 1.645 e-40
  Realisation: sep                                           ok   min slack -9.950 e-41
  Realisation: unit                                          ok   max|res| 4.981 e-41
  RelSys: pent eta in [-1,1]                                 ok   min slack 3.234 e-1
  RelSys: pent u0                                            ok   max|res| 1.754 e-40
  RelSys: pent u2                                            ok   max|res| 2.002 e-40
  RelSys: pent u3                                            ok   max|res| 1.849 e-40
  RelSys: rhombus fc1 = rho d fc0                            ok   max|res| 1.320 e-40
  RelSys: rhombus fc2 = fc0                                  ok   max|res| 9.816 e-41
  RelSys: tri                                                ok   max|res| 1.443 e-40
  RelSys: vertex_sum                                         ok   max|res| 3.283 e-41
  angular: least corner unique (gap)                         ok   min slack 1.190 e0
  angular: rot is a permutation                              ok   min slack 1.000 e0
  angular: rot keeps the vertex                              ok   min slack 1.000 e0
  glue: BFS tree spans                                       ok   min slack 1.000 e0
  glue: Gram of glueY = Gram of x                            ok   max|res| 2.506 e-40
  glue: orientation kept                                     ok   min slack 1.000 e0
  library: same faces                                        ok   min slack 1.000 e0
  range, d below psi* (not in the reduction when < 0): d - dlo info value -9.773 e-8
C3-rm3-38: N=15 V=15 E=27 F=14 free=0  all pass
  HexChoice: distinct faces                                  ok   min slack 1.000 e0
  InClass: KConnected 3                                      ok   min slack 1.000 e0
  InClass: V - E + F - 2                                     ok   max|res| 0.e-19
  InClass: degrees 3 to 5                                    ok   min slack 1.000 e0
  InClass: face sizes 3 to 6                                 ok   min slack 1.000 e0
  Realisation: 0 < d                                         ok   min slack 9.355 e-1
  Realisation: convex (StrictSupportFace)                    ok   min slack 8.241 e-2
  Realisation: corner < pi                                   ok   min slack 1.275 e-1
  Realisation: corner >= alpha d                             ok   min slack -1.085 e-40
  Realisation: d < pi/2                                      ok   min slack 6.353 e-1
  Realisation: edge sdist = d                                ok   max|res| 1.185 e-40
  Realisation: sep                                           ok   min slack -9.916 e-41
  Realisation: unit                                          ok   max|res| 4.886 e-41
  RelSys: pent eta in [-1,1]                                 ok   min slack 3.148 e-1
  RelSys: pent u0                                            ok   max|res| 1.442 e-40
  RelSys: pent u2                                            ok   max|res| 1.399 e-40
  RelSys: pent u3                                            ok   max|res| 1.358 e-40
  RelSys: rhombus fc1 = rho d fc0                            ok   max|res| 2.382 e-40
  RelSys: rhombus fc2 = fc0                                  ok   max|res| 2.863 e-40
  RelSys: tri                                                ok   max|res| 1.619 e-40
  RelSys: vertex_sum                                         ok   max|res| 5.118 e-41
  angular: least corner unique (gap)                         ok   min slack 1.189 e0
  angular: rot is a permutation                              ok   min slack 1.000 e0
  angular: rot keeps the vertex                              ok   min slack 1.000 e0
  glue: BFS tree spans                                       ok   min slack 1.000 e0
  glue: Gram of glueY = Gram of x                            ok   max|res| 2.691 e-40
  glue: orientation kept                                     ok   min slack 1.000 e0
  library: same faces                                        ok   min slack 1.000 e0
  range, d below psi* (not in the reduction when < 0): d - dlo info value -1.000 e-3
C3-rm3-39: N=15 V=15 E=27 F=14 free=0  all pass
  HexChoice: distinct faces                                  ok   min slack 1.000 e0
  InClass: KConnected 3                                      ok   min slack 1.000 e0
  InClass: V - E + F - 2                                     ok   max|res| 0.e-19
  InClass: degrees 3 to 5                                    ok   min slack 1.000 e0
  InClass: face sizes 3 to 6                                 ok   min slack 1.000 e0
  Realisation: 0 < d                                         ok   min slack 9.365 e-1
  Realisation: convex (StrictSupportFace)                    ok   min slack 1.030 e-1
  Realisation: corner < pi                                   ok   min slack 1.594 e-1
  Realisation: corner >= alpha d                             ok   min slack -7.840 e-41
  Realisation: d < pi/2                                      ok   min slack 6.343 e-1
  Realisation: edge sdist = d                                ok   max|res| 1.565 e-40
  Realisation: sep                                           ok   min slack 1.103 e-41
  Realisation: unit                                          ok   max|res| 5.484 e-41
  RelSys: pent eta in [-1,1]                                 ok   min slack 3.235 e-1
  RelSys: pent u0                                            ok   max|res| 1.316 e-40
  RelSys: pent u2                                            ok   max|res| 1.310 e-40
  RelSys: pent u3                                            ok   max|res| 1.275 e-40
  RelSys: rhombus fc1 = rho d fc0                            ok   max|res| 1.408 e-40
  RelSys: rhombus fc2 = fc0                                  ok   max|res| 1.161 e-40
  RelSys: tri                                                ok   max|res| 1.076 e-40
  RelSys: vertex_sum                                         ok   max|res| 1.297 e-41
  angular: least corner unique (gap)                         ok   min slack 1.190 e0
  angular: rot is a permutation                              ok   min slack 1.000 e0
  angular: rot keeps the vertex                              ok   min slack 1.000 e0
  glue: BFS tree spans                                       ok   min slack 1.000 e0
  glue: Gram of glueY = Gram of x                            ok   max|res| 2.418 e-40
  glue: orientation kept                                     ok   min slack 1.000 e0
  library: same faces                                        ok   min slack 1.000 e0
  range, d below psi* (not in the reduction when < 0): d - dlo info value -9.998 e-6
C3-rm3-40: N=15 V=15 E=27 F=14 free=0  all pass
  HexChoice: distinct faces                                  ok   min slack 1.000 e0
  InClass: KConnected 3                                      ok   min slack 1.000 e0
  InClass: V - E + F - 2                                     ok   max|res| 0.e-19
  InClass: degrees 3 to 5                                    ok   min slack 1.000 e0
  InClass: face sizes 3 to 6                                 ok   min slack 1.000 e0
  Realisation: 0 < d                                         ok   min slack 9.265 e-1
  Realisation: convex (StrictSupportFace)                    ok   min slack 1.752 e-1
  Realisation: corner < pi                                   ok   min slack 2.776 e-1
  Realisation: corner >= alpha d                             ok   min slack -4.660 e-41
  Realisation: d < pi/2                                      ok   min slack 6.443 e-1
  Realisation: edge sdist = d                                ok   max|res| 1.013 e-40
  Realisation: sep                                           ok   min slack -7.288 e-41
  Realisation: unit                                          ok   max|res| 4.849 e-41
  RelSys: pent eta in [-1,1]                                 ok   min slack 3.388 e-1
  RelSys: pent u0                                            ok   max|res| 7.527 e-41
  RelSys: pent u2                                            ok   max|res| 9.230 e-41
  RelSys: pent u3                                            ok   max|res| 9.457 e-41
  RelSys: rhombus fc1 = rho d fc0                            ok   max|res| 1.178 e-40
  RelSys: rhombus fc2 = fc0                                  ok   max|res| 1.068 e-40
  RelSys: tri                                                ok   max|res| 9.269 e-41
  RelSys: vertex_sum                                         ok   max|res| 9.296 e-42
  angular: least corner unique (gap)                         ok   min slack 1.186 e0
  angular: rot is a permutation                              ok   min slack 1.000 e0
  angular: rot keeps the vertex                              ok   min slack 1.000 e0
  glue: BFS tree spans                                       ok   min slack 1.000 e0
  glue: Gram of glueY = Gram of x                            ok   max|res| 1.761 e-40
  glue: orientation kept                                     ok   min slack 1.000 e0
  library: same faces                                        ok   min slack 1.000 e0
  range, d below psi* (not in the reduction when < 0): d - dlo info value -1.000 e-2
C3-rm3-41: N=15 V=15 E=27 F=14 free=0  all pass
  HexChoice: distinct faces                                  ok   min slack 1.000 e0
  InClass: KConnected 3                                      ok   min slack 1.000 e0
  InClass: V - E + F - 2                                     ok   max|res| 0.e-19
  InClass: degrees 3 to 5                                    ok   min slack 1.000 e0
  InClass: face sizes 3 to 6                                 ok   min slack 1.000 e0
  Realisation: 0 < d                                         ok   min slack 9.355 e-1
  Realisation: convex (StrictSupportFace)                    ok   min slack 1.044 e-1
  Realisation: corner < pi                                   ok   min slack 1.619 e-1
  Realisation: corner >= alpha d                             ok   min slack -7.289 e-41
  Realisation: d < pi/2                                      ok   min slack 6.353 e-1
  Realisation: edge sdist = d                                ok   max|res| 1.118 e-40
  Realisation: sep                                           ok   min slack -6.956 e-41
  Realisation: unit                                          ok   max|res| 6.108 e-41
  RelSys: pent eta in [-1,1]                                 ok   min slack 3.227 e-1
  RelSys: pent u0                                            ok   max|res| 1.288 e-40
  RelSys: pent u2                                            ok   max|res| 1.267 e-40
  RelSys: pent u3                                            ok   max|res| 1.228 e-40
  RelSys: rhombus fc1 = rho d fc0                            ok   max|res| 1.224 e-40
  RelSys: rhombus fc2 = fc0                                  ok   max|res| 9.917 e-41
  RelSys: tri                                                ok   max|res| 7.289 e-41
  RelSys: vertex_sum                                         ok   max|res| 3.396 e-41
  angular: least corner unique (gap)                         ok   min slack 1.189 e0
  angular: rot is a permutation                              ok   min slack 1.000 e0
  angular: rot keeps the vertex                              ok   min slack 1.000 e0
  glue: BFS tree spans                                       ok   min slack 1.000 e0
  glue: Gram of glueY = Gram of x                            ok   max|res| 2.655 e-40
  glue: orientation kept                                     ok   min slack 1.000 e0
  library: same faces                                        ok   min slack 1.000 e0
  range, d below psi* (not in the reduction when < 0): d - dlo info value -1.000 e-3
C3-rm3-42: N=15 V=15 E=27 F=14 free=0  all pass
  HexChoice: distinct faces                                  ok   min slack 1.000 e0
  InClass: KConnected 3                                      ok   min slack 1.000 e0
  InClass: V - E + F - 2                                     ok   max|res| 0.e-19
  InClass: degrees 3 to 5                                    ok   min slack 1.000 e0
  InClass: face sizes 3 to 6                                 ok   min slack 1.000 e0
  Realisation: 0 < d                                         ok   min slack 9.365 e-1
  Realisation: convex (StrictSupportFace)                    ok   min slack 1.029 e-1
  Realisation: corner < pi                                   ok   min slack 1.593 e-1
  Realisation: corner >= alpha d                             ok   min slack -9.237 e-41
  Realisation: d < pi/2                                      ok   min slack 6.343 e-1
  Realisation: edge sdist = d                                ok   max|res| 1.665 e-40
  Realisation: sep                                           ok   min slack -8.422 e-41
  Realisation: unit                                          ok   max|res| 6.314 e-41
  RelSys: pent eta in [-1,1]                                 ok   min slack 3.234 e-1
  RelSys: pent u0                                            ok   max|res| 1.307 e-40
  RelSys: pent u2                                            ok   max|res| 1.092 e-40
  RelSys: pent u3                                            ok   max|res| 1.063 e-40
  RelSys: rhombus fc1 = rho d fc0                            ok   max|res| 1.446 e-40
  RelSys: rhombus fc2 = fc0                                  ok   max|res| 1.002 e-40
  RelSys: tri                                                ok   max|res| 9.237 e-41
  RelSys: vertex_sum                                         ok   max|res| 7.125 e-41
  angular: least corner unique (gap)                         ok   min slack 1.190 e0
  angular: rot is a permutation                              ok   min slack 1.000 e0
  angular: rot keeps the vertex                              ok   min slack 1.000 e0
  glue: BFS tree spans                                       ok   min slack 1.000 e0
  glue: Gram of glueY = Gram of x                            ok   max|res| 2.589 e-40
  glue: orientation kept                                     ok   min slack 1.000 e0
  library: same faces                                        ok   min slack 1.000 e0
  range, d below psi* (not in the reduction when < 0): d - dlo info value -9.773 e-8
C3-rm3-43: N=15 V=15 E=27 F=14 free=0  all pass
  HexChoice: distinct faces                                  ok   min slack 1.000 e0
  InClass: KConnected 3                                      ok   min slack 1.000 e0
  InClass: V - E + F - 2                                     ok   max|res| 0.e-19
  InClass: degrees 3 to 5                                    ok   min slack 1.000 e0
  InClass: face sizes 3 to 6                                 ok   min slack 1.000 e0
  Realisation: 0 < d                                         ok   min slack 9.365 e-1
  Realisation: convex (StrictSupportFace)                    ok   min slack 1.027 e-1
  Realisation: corner < pi                                   ok   min slack 1.590 e-1
  Realisation: corner >= alpha d                             ok   min slack -7.566 e-41
  Realisation: d < pi/2                                      ok   min slack 6.343 e-1
  Realisation: edge sdist = d                                ok   max|res| 1.054 e-40
  Realisation: sep                                           ok   min slack -5.061 e-41
  Realisation: unit                                          ok   max|res| 4.534 e-41
  RelSys: pent eta in [-1,1]                                 ok   min slack 3.234 e-1
  RelSys: pent u0                                            ok   max|res| 1.265 e-40
  RelSys: pent u2                                            ok   max|res| 1.251 e-40
  RelSys: pent u3                                            ok   max|res| 1.217 e-40
  RelSys: rhombus fc1 = rho d fc0                            ok   max|res| 1.742 e-40
  RelSys: rhombus fc2 = fc0                                  ok   max|res| 9.868 e-41
  RelSys: tri                                                ok   max|res| 1.838 e-40
  RelSys: vertex_sum                                         ok   max|res| 1.169 e-41
  angular: least corner unique (gap)                         ok   min slack 1.190 e0
  angular: rot is a permutation                              ok   min slack 1.000 e0
  angular: rot keeps the vertex                              ok   min slack 1.000 e0
  glue: BFS tree spans                                       ok   min slack 1.000 e0
  glue: Gram of glueY = Gram of x                            ok   max|res| 2.285 e-40
  glue: orientation kept                                     ok   min slack 1.000 e0
  library: same faces                                        ok   min slack 1.000 e0
  range, d below psi* (not in the reduction when < 0): d - dlo info value -9.998 e-6
C3-rm4-44: N=15 V=15 E=26 F=13 free=0  all pass
  HexChoice: distinct faces                                  ok   min slack 1.000 e0
  InClass: KConnected 3                                      ok   min slack 1.000 e0
  InClass: V - E + F - 2                                     ok   max|res| 0.e-19
  InClass: degrees 3 to 5                                    ok   min slack 1.000 e0
  InClass: face sizes 3 to 6                                 ok   min slack 1.000 e0
  Realisation: 0 < d                                         ok   min slack 9.365 e-1
  Realisation: convex (StrictSupportFace)                    ok   min slack 1.029 e-1
  Realisation: corner < pi                                   ok   min slack 1.593 e-1
  Realisation: corner >= alpha d                             ok   min slack -6.443 e-41
  Realisation: d < pi/2                                      ok   min slack 6.343 e-1
  Realisation: edge sdist = d                                ok   max|res| 1.026 e-40
  Realisation: sep                                           ok   min slack -6.110 e-41
  Realisation: unit                                          ok   max|res| 5.401 e-41
  RelSys: pent eta in [-1,1]                                 ok   min slack 3.234 e-1
  RelSys: pent u0                                            ok   max|res| 1.965 e-40
  RelSys: pent u2                                            ok   max|res| 2.014 e-40
  RelSys: pent u3                                            ok   max|res| 2.212 e-40
  RelSys: rhombus fc1 = rho d fc0                            ok   max|res| 1.289 e-40
  RelSys: rhombus fc2 = fc0                                  ok   max|res| 1.313 e-40
  RelSys: tri                                                ok   max|res| 1.358 e-40
  RelSys: vertex_sum                                         ok   max|res| 2.903 e-41
  angular: least corner unique (gap)                         ok   min slack 1.190 e0
  angular: rot is a permutation                              ok   min slack 1.000 e0
  angular: rot keeps the vertex                              ok   min slack 1.000 e0
  glue: BFS tree spans                                       ok   min slack 1.000 e0
  glue: Gram of glueY = Gram of x                            ok   max|res| 2.915 e-40
  glue: orientation kept                                     ok   min slack 1.000 e0
  library: same faces                                        ok   min slack 1.000 e0
  range, d below psi* (not in the reduction when < 0): d - dlo info value -9.773 e-8
C3-rm4-45: N=15 V=15 E=26 F=13 free=0  all pass
  HexChoice: distinct faces                                  ok   min slack 1.000 e0
  InClass: KConnected 3                                      ok   min slack 1.000 e0
  InClass: V - E + F - 2                                     ok   max|res| 0.e-19
  InClass: degrees 3 to 5                                    ok   min slack 1.000 e0
  InClass: face sizes 3 to 6                                 ok   min slack 1.000 e0
  Realisation: 0 < d                                         ok   min slack 9.365 e-1
  Realisation: convex (StrictSupportFace)                    ok   min slack 1.029 e-1
  Realisation: corner < pi                                   ok   min slack 1.592 e-1
  Realisation: corner >= alpha d                             ok   min slack -9.784 e-41
  Realisation: d < pi/2                                      ok   min slack 6.343 e-1
  Realisation: edge sdist = d                                ok   max|res| 8.774 e-41
  Realisation: sep                                           ok   min slack -4.675 e-41
  Realisation: unit                                          ok   max|res| 6.114 e-41
  RelSys: pent eta in [-1,1]                                 ok   min slack 3.234 e-1
  RelSys: pent u0                                            ok   max|res| 1.603 e-40
  RelSys: pent u2                                            ok   max|res| 1.776 e-40
  RelSys: pent u3                                            ok   max|res| 1.706 e-40
  RelSys: rhombus fc1 = rho d fc0                            ok   max|res| 1.932 e-40
  RelSys: rhombus fc2 = fc0                                  ok   max|res| 1.931 e-40
  RelSys: tri                                                ok   max|res| 9.784 e-41
  RelSys: vertex_sum                                         ok   max|res| 4.791 e-41
  angular: least corner unique (gap)                         ok   min slack 1.190 e0
  angular: rot is a permutation                              ok   min slack 1.000 e0
  angular: rot keeps the vertex                              ok   min slack 1.000 e0
  glue: BFS tree spans                                       ok   min slack 1.000 e0
  glue: Gram of glueY = Gram of x                            ok   max|res| 2.614 e-40
  glue: orientation kept                                     ok   min slack 1.000 e0
  library: same faces                                        ok   min slack 1.000 e0
  range, d below psi* (not in the reduction when < 0): d - dlo info value -9.998 e-6
C3-rm4-46: N=15 V=15 E=26 F=13 free=0  all pass
  HexChoice: distinct faces                                  ok   min slack 1.000 e0
  InClass: KConnected 3                                      ok   min slack 1.000 e0
  InClass: V - E + F - 2                                     ok   max|res| 0.e-19
  InClass: degrees 3 to 5                                    ok   min slack 1.000 e0
  InClass: face sizes 3 to 6                                 ok   min slack 1.000 e0
  Realisation: 0 < d                                         ok   min slack 9.355 e-1
  Realisation: convex (StrictSupportFace)                    ok   min slack 9.918 e-2
  Realisation: corner < pi                                   ok   min slack 1.537 e-1
  Realisation: corner >= alpha d                             ok   min slack -6.677 e-41
  Realisation: d < pi/2                                      ok   min slack 6.353 e-1
  Realisation: edge sdist = d                                ok   max|res| 1.250 e-40
  Realisation: sep                                           ok   min slack -6.437 e-41
  Realisation: unit                                          ok   max|res| 6.081 e-41
  RelSys: pent eta in [-1,1]                                 ok   min slack 3.209 e-1
  RelSys: pent u0                                            ok   max|res| 1.458 e-40
  RelSys: pent u2                                            ok   max|res| 1.187 e-40
  RelSys: pent u3                                            ok   max|res| 1.097 e-40
  RelSys: rhombus fc1 = rho d fc0                            ok   max|res| 2.130 e-40
  RelSys: rhombus fc2 = fc0                                  ok   max|res| 2.948 e-40
  RelSys: tri                                                ok   max|res| 9.586 e-41
  RelSys: vertex_sum                                         ok   max|res| 2.100 e-41
  angular: least corner unique (gap)                         ok   min slack 1.189 e0
  angular: rot is a permutation                              ok   min slack 1.000 e0
  angular: rot keeps the vertex                              ok   min slack 1.000 e0
  glue: BFS tree spans                                       ok   min slack 1.000 e0
  glue: Gram of glueY = Gram of x                            ok   max|res| 2.990 e-40
  glue: orientation kept                                     ok   min slack 1.000 e0
  library: same faces                                        ok   min slack 1.000 e0
  range, d below psi* (not in the reduction when < 0): d - dlo info value -1.000 e-3
C3-rm4-47: N=15 V=15 E=26 F=13 free=0  all pass
  HexChoice: distinct faces                                  ok   min slack 1.000 e0
  InClass: KConnected 3                                      ok   min slack 1.000 e0
  InClass: V - E + F - 2                                     ok   max|res| 0.e-19
  InClass: degrees 3 to 5                                    ok   min slack 1.000 e0
  InClass: face sizes 3 to 6                                 ok   min slack 1.000 e0
  Realisation: 0 < d                                         ok   min slack 9.265 e-1
  Realisation: convex (StrictSupportFace)                    ok   min slack 1.624 e-1
  Realisation: corner < pi                                   ok   min slack 2.568 e-1
  Realisation: corner >= alpha d                             ok   min slack -8.012 e-41
  Realisation: d < pi/2                                      ok   min slack 6.443 e-1
  Realisation: edge sdist = d                                ok   max|res| 1.255 e-40
  Realisation: sep                                           ok   min slack -5.918 e-41
  Realisation: unit                                          ok   max|res| 3.589 e-41
  RelSys: pent eta in [-1,1]                                 ok   min slack 3.339 e-1
  RelSys: pent u0                                            ok   max|res| 1.282 e-40
  RelSys: pent u2                                            ok   max|res| 1.200 e-40
  RelSys: pent u3                                            ok   max|res| 1.148 e-40
  RelSys: rhombus fc1 = rho d fc0                            ok   max|res| 1.860 e-40
  RelSys: rhombus fc2 = fc0                                  ok   max|res| 2.520 e-40
  RelSys: tri                                                ok   max|res| 1.893 e-40
  RelSys: vertex_sum                                         ok   max|res| 3.235 e-41
  angular: least corner unique (gap)                         ok   min slack 1.186 e0
  angular: rot is a permutation                              ok   min slack 1.000 e0
  angular: rot keeps the vertex                              ok   min slack 1.000 e0
  glue: BFS tree spans                                       ok   min slack 1.000 e0
  glue: Gram of glueY = Gram of x                            ok   max|res| 2.544 e-40
  glue: orientation kept                                     ok   min slack 1.000 e0
  library: same faces                                        ok   min slack 1.000 e0
  range, d below psi* (not in the reduction when < 0): d - dlo info value -1.000 e-2
C3-rm4-48: N=15 V=15 E=26 F=13 free=0  all pass
  HexChoice: distinct faces                                  ok   min slack 1.000 e0
  InClass: KConnected 3                                      ok   min slack 1.000 e0
  InClass: V - E + F - 2                                     ok   max|res| 0.e-19
  InClass: degrees 3 to 5                                    ok   min slack 1.000 e0
  InClass: face sizes 3 to 6                                 ok   min slack 1.000 e0
  Realisation: 0 < d                                         ok   min slack 9.365 e-1
  Realisation: convex (StrictSupportFace)                    ok   min slack 1.029 e-1
  Realisation: corner < pi                                   ok   min slack 1.593 e-1
  Realisation: corner >= alpha d                             ok   min slack -1.028 e-40
  Realisation: d < pi/2                                      ok   min slack 6.343 e-1
  Realisation: edge sdist = d                                ok   max|res| 1.399 e-40
  Realisation: sep                                           ok   min slack -3.426 e-41
  Realisation: unit                                          ok   max|res| 5.228 e-41
  RelSys: pent eta in [-1,1]                                 ok   min slack 3.234 e-1
  RelSys: pent u0                                            ok   max|res| 1.646 e-40
  RelSys: pent u2                                            ok   max|res| 1.772 e-40
  RelSys: pent u3                                            ok   max|res| 1.702 e-40
  RelSys: rhombus fc1 = rho d fc0                            ok   max|res| 1.398 e-40
  RelSys: rhombus fc2 = fc0                                  ok   max|res| 1.485 e-40
  RelSys: tri                                                ok   max|res| 1.190 e-40
  RelSys: vertex_sum                                         ok   max|res| 6.041 e-41
  angular: least corner unique (gap)                         ok   min slack 1.190 e0
  angular: rot is a permutation                              ok   min slack 1.000 e0
  angular: rot keeps the vertex                              ok   min slack 1.000 e0
  glue: BFS tree spans                                       ok   min slack 1.000 e0
  glue: Gram of glueY = Gram of x                            ok   max|res| 2.435 e-40
  glue: orientation kept                                     ok   min slack 1.000 e0
  library: same faces                                        ok   min slack 1.000 e0
  range, d below psi* (not in the reduction when < 0): d - dlo info value -9.773 e-8
C3-rm4-49: N=15 V=15 E=26 F=13 free=0  all pass
  HexChoice: distinct faces                                  ok   min slack 1.000 e0
  InClass: KConnected 3                                      ok   min slack 1.000 e0
  InClass: V - E + F - 2                                     ok   max|res| 0.e-19
  InClass: degrees 3 to 5                                    ok   min slack 1.000 e0
  InClass: face sizes 3 to 6                                 ok   min slack 1.000 e0
  Realisation: 0 < d                                         ok   min slack 9.365 e-1
  Realisation: convex (StrictSupportFace)                    ok   min slack 1.030 e-1
  Realisation: corner < pi                                   ok   min slack 1.594 e-1
  Realisation: corner >= alpha d                             ok   min slack -1.230 e-40
  Realisation: d < pi/2                                      ok   min slack 6.343 e-1
  Realisation: edge sdist = d                                ok   max|res| 1.085 e-40
  Realisation: sep                                           ok   min slack -6.492 e-41
  Realisation: unit                                          ok   max|res| 4.631 e-41
  RelSys: pent eta in [-1,1]                                 ok   min slack 3.235 e-1
  RelSys: pent u0                                            ok   max|res| 1.543 e-40
  RelSys: pent u2                                            ok   max|res| 1.213 e-40
  RelSys: pent u3                                            ok   max|res| 1.332 e-40
  RelSys: rhombus fc1 = rho d fc0                            ok   max|res| 2.229 e-40
  RelSys: rhombus fc2 = fc0                                  ok   max|res| 1.947 e-40
  RelSys: tri                                                ok   max|res| 1.230 e-40
  RelSys: vertex_sum                                         ok   max|res| 2.996 e-41
  angular: least corner unique (gap)                         ok   min slack 1.190 e0
  angular: rot is a permutation                              ok   min slack 1.000 e0
  angular: rot keeps the vertex                              ok   min slack 1.000 e0
  glue: BFS tree spans                                       ok   min slack 1.000 e0
  glue: Gram of glueY = Gram of x                            ok   max|res| 2.938 e-40
  glue: orientation kept                                     ok   min slack 1.000 e0
  library: same faces                                        ok   min slack 1.000 e0
  range, d below psi* (not in the reduction when < 0): d - dlo info value -9.998 e-6
C3-rattler-50: N=15 V=14 E=27 F=15 free=1  all pass
  HexChoice: distinct faces                                  ok   min slack 1.000 e0
  HexChoice: free point strictly inside exactly one face     ok   min slack 1.000 e0
  HexChoice: its face has size 6                             ok   min slack 1.000 e0
  InClass: KConnected 3                                      ok   min slack 1.000 e0
  InClass: V - E + F - 2                                     ok   max|res| 0.e-19
  InClass: degrees 3 to 5                                    ok   min slack 1.000 e0
  InClass: face sizes 3 to 6                                 ok   min slack 1.000 e0
  Realisation: 0 < d                                         ok   min slack 9.365 e-1
  Realisation: convex (StrictSupportFace)                    ok   min slack 1.029 e-1
  Realisation: corner < pi                                   ok   min slack 1.593 e-1
  Realisation: corner >= alpha d                             ok   min slack -7.998 e-41
  Realisation: d < pi/2                                      ok   min slack 6.343 e-1
  Realisation: edge sdist = d                                ok   max|res| 1.367 e-40
  Realisation: inside                                        ok   min slack 6.022 e-1
  Realisation: sep                                           ok   min slack -1.806 e-41
  Realisation: unit                                          ok   max|res| 3.689 e-41
  RelSys: hex eta in [-1,1]                                  ok   min slack 7.061 e-1
  RelSys: hex u0                                             ok   max|res| 1.104 e-40
  RelSys: hex u2                                             ok   max|res| 1.104 e-40
  RelSys: hex u4                                             ok   max|res| 1.104 e-40
  RelSys: hexDiag                                            ok   min slack 1.190 e0
  RelSys: pent eta in [-1,1]                                 ok   min slack 3.234 e-1
  RelSys: pent u0                                            ok   max|res| 1.417 e-40
  RelSys: pent u2                                            ok   max|res| 1.517 e-40
  RelSys: pent u3                                            ok   max|res| 1.599 e-40
  RelSys: rhombus fc1 = rho d fc0                            ok   max|res| 1.400 e-40
  RelSys: rhombus fc2 = fc0                                  ok   max|res| 1.766 e-40
  RelSys: tri                                                ok   max|res| 1.758 e-40
  RelSys: vertex_sum                                         ok   max|res| 1.510 e-41
  RelSys: wheel angle sum 2 pi                               ok   max|res| 3.191 e-40
  RelSys: wheel d <= r                                       ok   min slack 8.703 e-41
  RelSys: wheel eta in [-1,1]                                ok   min slack 4.045 e-1
  RelSys: wheel r <= 3d                                      ok   min slack 1.449 e0
  RelSys: wheel u = gam + gam                                ok   max|res| 8.324 e-41
  angular: least corner unique (gap)                         ok   min slack 1.190 e0
  angular: rot is a permutation                              ok   min slack 1.000 e0
  angular: rot keeps the vertex                              ok   min slack 1.000 e0
  glue: BFS tree spans                                       ok   min slack 1.000 e0
  glue: Gram of glueY = Gram of x                            ok   max|res| 2.805 e-40
  glue: orientation kept                                     ok   min slack 1.000 e0
  library: same faces                                        ok   min slack 1.000 e0
  range at d = psi*: d <= dhi                                ok   min slack 5.260 e-2
  range at d = psi*: dlo <= d                                ok   min slack 2.268 e-9
C3-rattler-51: N=15 V=14 E=25 F=13 free=1  all pass
  HexChoice: distinct faces                                  ok   min slack 1.000 e0
  HexChoice: free point strictly inside exactly one face     ok   min slack 1.000 e0
  HexChoice: its face has size 6                             ok   min slack 1.000 e0
  InClass: KConnected 3                                      ok   min slack 1.000 e0
  InClass: V - E + F - 2                                     ok   max|res| 0.e-19
  InClass: degrees 3 to 5                                    ok   min slack 1.000 e0
  InClass: face sizes 3 to 6                                 ok   min slack 1.000 e0
  Realisation: 0 < d                                         ok   min slack 9.365 e-1
  Realisation: convex (StrictSupportFace)                    ok   min slack 1.029 e-1
  Realisation: corner < pi                                   ok   min slack 1.593 e-1
  Realisation: corner >= alpha d                             ok   min slack -1.556 e-40
  Realisation: d < pi/2                                      ok   min slack 6.343 e-1
  Realisation: edge sdist = d                                ok   max|res| 1.354 e-40
  Realisation: inside                                        ok   min slack 6.022 e-1
  Realisation: sep                                           ok   min slack -8.484 e-41
  Realisation: unit                                          ok   max|res| 4.658 e-41
  RelSys: hex eta in [-1,1]                                  ok   min slack 7.061 e-1
  RelSys: hex u0                                             ok   max|res| 1.340 e-40
  RelSys: hex u2                                             ok   max|res| 1.340 e-40
  RelSys: hex u4                                             ok   max|res| 1.340 e-40
  RelSys: hexDiag                                            ok   min slack 1.190 e0
  RelSys: pent eta in [-1,1]                                 ok   min slack 3.234 e-1
  RelSys: pent u0                                            ok   max|res| 1.350 e-40
  RelSys: pent u2                                            ok   max|res| 1.442 e-40
  RelSys: pent u3                                            ok   max|res| 1.521 e-40
  RelSys: rhombus fc1 = rho d fc0                            ok   max|res| 2.115 e-40
  RelSys: rhombus fc2 = fc0                                  ok   max|res| 2.377 e-40
  RelSys: tri                                                ok   max|res| 1.556 e-40
  RelSys: vertex_sum                                         ok   max|res| 2.156 e-41
  RelSys: wheel angle sum 2 pi                               ok   max|res| 2.832 e-40
  RelSys: wheel d <= r                                       ok   min slack 8.246 e-7
  RelSys: wheel eta in [-1,1]                                ok   min slack 4.045 e-1
  RelSys: wheel r <= 3d                                      ok   min slack 1.449 e0
  RelSys: wheel u = gam + gam                                ok   max|res| 8.231 e-41
  angular: least corner unique (gap)                         ok   min slack 1.190 e0
  angular: rot is a permutation                              ok   min slack 1.000 e0
  angular: rot keeps the vertex                              ok   min slack 1.000 e0
  glue: BFS tree spans                                       ok   min slack 1.000 e0
  glue: Gram of glueY = Gram of x                            ok   max|res| 2.576 e-40
  glue: orientation kept                                     ok   min slack 1.000 e0
  library: same faces                                        ok   min slack 1.000 e0
  range, d below psi* (not in the reduction when < 0): d - dlo info value -9.773 e-8
C3-rattler-52: N=15 V=14 E=25 F=13 free=1  all pass
  HexChoice: distinct faces                                  ok   min slack 1.000 e0
  HexChoice: free point strictly inside exactly one face     ok   min slack 1.000 e0
  HexChoice: its face has size 6                             ok   min slack 1.000 e0
  InClass: KConnected 3                                      ok   min slack 1.000 e0
  InClass: V - E + F - 2                                     ok   max|res| 0.e-19
  InClass: degrees 3 to 5                                    ok   min slack 1.000 e0
  InClass: face sizes 3 to 6                                 ok   min slack 1.000 e0
  Realisation: 0 < d                                         ok   min slack 9.365 e-1
  Realisation: convex (StrictSupportFace)                    ok   min slack 1.028 e-1
  Realisation: corner < pi                                   ok   min slack 1.591 e-1
  Realisation: corner >= alpha d                             ok   min slack -5.331 e-41
  Realisation: d < pi/2                                      ok   min slack 6.343 e-1
  Realisation: edge sdist = d                                ok   max|res| 1.237 e-40
  Realisation: inside                                        ok   min slack 6.023 e-1
  Realisation: sep                                           ok   min slack -4.046 e-41
  Realisation: unit                                          ok   max|res| 5.451 e-41
  RelSys: hex eta in [-1,1]                                  ok   min slack 7.061 e-1
  RelSys: hex u0                                             ok   max|res| 1.845 e-40
  RelSys: hex u2                                             ok   max|res| 1.845 e-40
  RelSys: hex u4                                             ok   max|res| 1.845 e-40
  RelSys: hexDiag                                            ok   min slack 1.190 e0
  RelSys: pent eta in [-1,1]                                 ok   min slack 3.234 e-1
  RelSys: pent u0                                            ok   max|res| 1.446 e-40
  RelSys: pent u2                                            ok   max|res| 1.438 e-40
  RelSys: pent u3                                            ok   max|res| 1.400 e-40
  RelSys: rhombus fc1 = rho d fc0                            ok   max|res| 1.624 e-40
  RelSys: rhombus fc2 = fc0                                  ok   max|res| 1.393 e-40
  RelSys: tri                                                ok   max|res| 1.052 e-40
  RelSys: vertex_sum                                         ok   max|res| 3.590 e-41
  RelSys: wheel angle sum 2 pi                               ok   max|res| 2.772 e-40
  RelSys: wheel d <= r                                       ok   min slack 6.007 e-5
  RelSys: wheel eta in [-1,1]                                ok   min slack 4.044 e-1
  RelSys: wheel r <= 3d                                      ok   min slack 1.448 e0
  RelSys: wheel u = gam + gam                                ok   max|res| 1.063 e-40
  angular: least corner unique (gap)                         ok   min slack 1.190 e0
  angular: rot is a permutation                              ok   min slack 1.000 e0
  angular: rot keeps the vertex                              ok   min slack 1.000 e0
  glue: BFS tree spans                                       ok   min slack 1.000 e0
  glue: Gram of glueY = Gram of x                            ok   max|res| 2.638 e-40
  glue: orientation kept                                     ok   min slack 1.000 e0
  library: same faces                                        ok   min slack 1.000 e0
  range, d below psi* (not in the reduction when < 0): d - dlo info value -9.998 e-6
C3-rattler-53: N=15 V=14 E=25 F=13 free=1  all pass
  HexChoice: distinct faces                                  ok   min slack 1.000 e0
  HexChoice: free point strictly inside exactly one face     ok   min slack 1.000 e0
  HexChoice: its face has size 6                             ok   min slack 1.000 e0
  InClass: KConnected 3                                      ok   min slack 1.000 e0
  InClass: V - E + F - 2                                     ok   max|res| 0.e-19
  InClass: degrees 3 to 5                                    ok   min slack 1.000 e0
  InClass: face sizes 3 to 6                                 ok   min slack 1.000 e0
  Realisation: 0 < d                                         ok   min slack 9.355 e-1
  Realisation: convex (StrictSupportFace)                    ok   min slack 1.010 e-1
  Realisation: corner < pi                                   ok   min slack 1.566 e-1
  Realisation: corner >= alpha d                             ok   min slack -9.250 e-41
  Realisation: d < pi/2                                      ok   min slack 6.353 e-1
  Realisation: edge sdist = d                                ok   max|res| 1.477 e-40
  Realisation: inside                                        ok   min slack 6.060 e-1
  Realisation: sep                                           ok   min slack -1.863 e-41
  Realisation: unit                                          ok   max|res| 3.971 e-41
  RelSys: hex eta in [-1,1]                                  ok   min slack 7.046 e-1
  RelSys: hex u0                                             ok   max|res| 1.473 e-40
  RelSys: hex u2                                             ok   max|res| 1.473 e-40
  RelSys: hex u4                                             ok   max|res| 1.473 e-40
  RelSys: hexDiag                                            ok   min slack 1.207 e0
  RelSys: pent eta in [-1,1]                                 ok   min slack 3.213 e-1
  RelSys: pent u0                                            ok   max|res| 1.371 e-40
  RelSys: pent u2                                            ok   max|res| 1.396 e-40
  RelSys: pent u3                                            ok   max|res| 1.351 e-40
  RelSys: rhombus fc1 = rho d fc0                            ok   max|res| 1.422 e-40
  RelSys: rhombus fc2 = fc0                                  ok   max|res| 1.252 e-40
  RelSys: tri                                                ok   max|res| 1.278 e-40
  RelSys: vertex_sum                                         ok   max|res| 3.024 e-41
  RelSys: wheel angle sum 2 pi                               ok   max|res| 2.271 e-40
  RelSys: wheel d <= r                                       ok   min slack 7.356 e-3
  RelSys: wheel eta in [-1,1]                                ok   min slack 4.042 e-1
  RelSys: wheel r <= 3d                                      ok   min slack 1.444 e0
  RelSys: wheel u = gam + gam                                ok   max|res| 1.069 e-40
  angular: least corner unique (gap)                         ok   min slack 1.189 e0
  angular: rot is a permutation                              ok   min slack 1.000 e0
  angular: rot keeps the vertex                              ok   min slack 1.000 e0
  glue: BFS tree spans                                       ok   min slack 1.000 e0
  glue: Gram of glueY = Gram of x                            ok   max|res| 2.704 e-40
  glue: orientation kept                                     ok   min slack 1.000 e0
  library: same faces                                        ok   min slack 1.000 e0
  range, d below psi* (not in the reduction when < 0): d - dlo info value -1.000 e-3
C3-rattler-54: N=15 V=14 E=27 F=15 free=1  all pass
  HexChoice: distinct faces                                  ok   min slack 1.000 e0
  HexChoice: free point strictly inside exactly one face     ok   min slack 1.000 e0
  HexChoice: its face has size 6                             ok   min slack 1.000 e0
  InClass: KConnected 3                                      ok   min slack 1.000 e0
  InClass: V - E + F - 2                                     ok   max|res| 0.e-19
  InClass: degrees 3 to 5                                    ok   min slack 1.000 e0
  InClass: face sizes 3 to 6                                 ok   min slack 1.000 e0
  Realisation: 0 < d                                         ok   min slack 9.365 e-1
  Realisation: convex (StrictSupportFace)                    ok   min slack 1.029 e-1
  Realisation: corner < pi                                   ok   min slack 1.593 e-1
  Realisation: corner >= alpha d                             ok   min slack -7.998 e-41
  Realisation: d < pi/2                                      ok   min slack 6.343 e-1
  Realisation: edge sdist = d                                ok   max|res| 1.367 e-40
  Realisation: inside                                        ok   min slack 6.022 e-1
  Realisation: sep                                           ok   min slack -1.806 e-41
  Realisation: unit                                          ok   max|res| 3.689 e-41
  RelSys: hex eta in [-1,1]                                  ok   min slack 7.061 e-1
  RelSys: hex u0                                             ok   max|res| 1.104 e-40
  RelSys: hex u2                                             ok   max|res| 1.104 e-40
  RelSys: hex u4                                             ok   max|res| 1.104 e-40
  RelSys: hexDiag                                            ok   min slack 1.190 e0
  RelSys: pent eta in [-1,1]                                 ok   min slack 3.234 e-1
  RelSys: pent u0                                            ok   max|res| 1.417 e-40
  RelSys: pent u2                                            ok   max|res| 1.517 e-40
  RelSys: pent u3                                            ok   max|res| 1.599 e-40
  RelSys: rhombus fc1 = rho d fc0                            ok   max|res| 1.400 e-40
  RelSys: rhombus fc2 = fc0                                  ok   max|res| 1.766 e-40
  RelSys: tri                                                ok   max|res| 1.758 e-40
  RelSys: vertex_sum                                         ok   max|res| 1.510 e-41
  RelSys: wheel angle sum 2 pi                               ok   max|res| 3.191 e-40
  RelSys: wheel d <= r                                       ok   min slack 8.703 e-41
  RelSys: wheel eta in [-1,1]                                ok   min slack 4.045 e-1
  RelSys: wheel r <= 3d                                      ok   min slack 1.449 e0
  RelSys: wheel u = gam + gam                                ok   max|res| 8.324 e-41
  angular: least corner unique (gap)                         ok   min slack 1.190 e0
  angular: rot is a permutation                              ok   min slack 1.000 e0
  angular: rot keeps the vertex                              ok   min slack 1.000 e0
  glue: BFS tree spans                                       ok   min slack 1.000 e0
  glue: Gram of glueY = Gram of x                            ok   max|res| 2.807 e-40
  glue: orientation kept                                     ok   min slack 1.000 e0
  library: same faces                                        ok   min slack 1.000 e0
  range at d = psi*: d <= dhi                                ok   min slack 5.260 e-2
  range at d = psi*: dlo <= d                                ok   min slack 2.268 e-9
C3-rattler-55: N=15 V=14 E=25 F=13 free=1  all pass
  HexChoice: distinct faces                                  ok   min slack 1.000 e0
  HexChoice: free point strictly inside exactly one face     ok   min slack 1.000 e0
  HexChoice: its face has size 6                             ok   min slack 1.000 e0
  InClass: KConnected 3                                      ok   min slack 1.000 e0
  InClass: V - E + F - 2                                     ok   max|res| 0.e-19
  InClass: degrees 3 to 5                                    ok   min slack 1.000 e0
  InClass: face sizes 3 to 6                                 ok   min slack 1.000 e0
  Realisation: 0 < d                                         ok   min slack 9.365 e-1
  Realisation: convex (StrictSupportFace)                    ok   min slack 1.029 e-1
  Realisation: corner < pi                                   ok   min slack 1.593 e-1
  Realisation: corner >= alpha d                             ok   min slack -1.232 e-40
  Realisation: d < pi/2                                      ok   min slack 6.343 e-1
  Realisation: edge sdist = d                                ok   max|res| 9.820 e-41
  Realisation: inside                                        ok   min slack 6.022 e-1
  Realisation: sep                                           ok   min slack -6.628 e-41
  Realisation: unit                                          ok   max|res| 6.725 e-41
  RelSys: hex eta in [-1,1]                                  ok   min slack 7.061 e-1
  RelSys: hex u0                                             ok   max|res| 1.899 e-40
  RelSys: hex u2                                             ok   max|res| 1.899 e-40
  RelSys: hex u4                                             ok   max|res| 1.899 e-40
  RelSys: hexDiag                                            ok   min slack 1.190 e0
  RelSys: pent eta in [-1,1]                                 ok   min slack 3.234 e-1
  RelSys: pent u0                                            ok   max|res| 1.573 e-40
  RelSys: pent u2                                            ok   max|res| 1.689 e-40
  RelSys: pent u3                                            ok   max|res| 1.644 e-40
  RelSys: rhombus fc1 = rho d fc0                            ok   max|res| 1.636 e-40
  RelSys: rhombus fc2 = fc0                                  ok   max|res| 1.804 e-40
  RelSys: tri                                                ok   max|res| 1.232 e-40
  RelSys: vertex_sum                                         ok   max|res| 1.706 e-41
  RelSys: wheel angle sum 2 pi                               ok   max|res| 3.281 e-40
  RelSys: wheel d <= r                                       ok   min slack 6.002 e-7
  RelSys: wheel eta in [-1,1]                                ok   min slack 4.045 e-1
  RelSys: wheel r <= 3d                                      ok   min slack 1.449 e0
  RelSys: wheel u = gam + gam                                ok   max|res| 1.227 e-40
  angular: least corner unique (gap)                         ok   min slack 1.190 e0
  angular: rot is a permutation                              ok   min slack 1.000 e0
  angular: rot keeps the vertex                              ok   min slack 1.000 e0
  glue: BFS tree spans                                       ok   min slack 1.000 e0
  glue: Gram of glueY = Gram of x                            ok   max|res| 2.769 e-40
  glue: orientation kept                                     ok   min slack 1.000 e0
  library: same faces                                        ok   min slack 1.000 e0
  range, d below psi* (not in the reduction when < 0): d - dlo info value -9.773 e-8
C3-rattler-56: N=15 V=14 E=25 F=13 free=1  all pass
  HexChoice: distinct faces                                  ok   min slack 1.000 e0
  HexChoice: free point strictly inside exactly one face     ok   min slack 1.000 e0
  HexChoice: its face has size 6                             ok   min slack 1.000 e0
  InClass: KConnected 3                                      ok   min slack 1.000 e0
  InClass: V - E + F - 2                                     ok   max|res| 0.e-19
  InClass: degrees 3 to 5                                    ok   min slack 1.000 e0
  InClass: face sizes 3 to 6                                 ok   min slack 1.000 e0
  Realisation: 0 < d                                         ok   min slack 9.365 e-1
  Realisation: convex (StrictSupportFace)                    ok   min slack 1.027 e-1
  Realisation: corner < pi                                   ok   min slack 1.589 e-1
  Realisation: corner >= alpha d                             ok   min slack -1.257 e-40
  Realisation: d < pi/2                                      ok   min slack 6.343 e-1
  Realisation: edge sdist = d                                ok   max|res| 1.824 e-40
  Realisation: inside                                        ok   min slack 6.023 e-1
  Realisation: sep                                           ok   min slack -4.728 e-41
  Realisation: unit                                          ok   max|res| 5.178 e-41
  RelSys: hex eta in [-1,1]                                  ok   min slack 7.061 e-1
  RelSys: hex u0                                             ok   max|res| 2.157 e-40
  RelSys: hex u2                                             ok   max|res| 2.157 e-40
  RelSys: hex u4                                             ok   max|res| 2.157 e-40
  RelSys: hexDiag                                            ok   min slack 1.190 e0
  RelSys: pent eta in [-1,1]                                 ok   min slack 3.233 e-1
  RelSys: pent u0                                            ok   max|res| 1.264 e-40
  RelSys: pent u2                                            ok   max|res| 1.143 e-40
  RelSys: pent u3                                            ok   max|res| 1.113 e-40
  RelSys: rhombus fc1 = rho d fc0                            ok   max|res| 2.479 e-40
  RelSys: rhombus fc2 = fc0                                  ok   max|res| 2.193 e-40
  RelSys: tri                                                ok   max|res| 1.257 e-40
  RelSys: vertex_sum                                         ok   max|res| 4.433 e-41
  RelSys: wheel angle sum 2 pi                               ok   max|res| 4.102 e-40
  RelSys: wheel d <= r                                       ok   min slack 8.256 e-5
  RelSys: wheel eta in [-1,1]                                ok   min slack 4.045 e-1
  RelSys: wheel r <= 3d                                      ok   min slack 1.449 e0
  RelSys: wheel u = gam + gam                                ok   max|res| 1.011 e-40
  angular: least corner unique (gap)                         ok   min slack 1.190 e0
  angular: rot is a permutation                              ok   min slack 1.000 e0
  angular: rot keeps the vertex                              ok   min slack 1.000 e0
  glue: BFS tree spans                                       ok   min slack 1.000 e0
  glue: Gram of glueY = Gram of x                            ok   max|res| 2.508 e-40
  glue: orientation kept                                     ok   min slack 1.000 e0
  library: same faces                                        ok   min slack 1.000 e0
  range, d below psi* (not in the reduction when < 0): d - dlo info value -9.998 e-6
C3-rattler-57: N=15 V=14 E=25 F=13 free=1  all pass
  HexChoice: distinct faces                                  ok   min slack 1.000 e0
  HexChoice: free point strictly inside exactly one face     ok   min slack 1.000 e0
  HexChoice: its face has size 6                             ok   min slack 1.000 e0
  InClass: KConnected 3                                      ok   min slack 1.000 e0
  InClass: V - E + F - 2                                     ok   max|res| 0.e-19
  InClass: degrees 3 to 5                                    ok   min slack 1.000 e0
  InClass: face sizes 3 to 6                                 ok   min slack 1.000 e0
  Realisation: 0 < d                                         ok   min slack 9.355 e-1
  Realisation: convex (StrictSupportFace)                    ok   min slack 1.010 e-1
  Realisation: corner < pi                                   ok   min slack 1.566 e-1
  Realisation: corner >= alpha d                             ok   min slack -9.250 e-41
  Realisation: d < pi/2                                      ok   min slack 6.353 e-1
  Realisation: edge sdist = d                                ok   max|res| 1.477 e-40
  Realisation: inside                                        ok   min slack 6.060 e-1
  Realisation: sep                                           ok   min slack -1.863 e-41
  Realisation: unit                                          ok   max|res| 3.971 e-41
  RelSys: hex eta in [-1,1]                                  ok   min slack 7.046 e-1
  RelSys: hex u0                                             ok   max|res| 1.473 e-40
  RelSys: hex u2                                             ok   max|res| 1.473 e-40
  RelSys: hex u4                                             ok   max|res| 1.473 e-40
  RelSys: hexDiag                                            ok   min slack 1.207 e0
  RelSys: pent eta in [-1,1]                                 ok   min slack 3.213 e-1
  RelSys: pent u0                                            ok   max|res| 1.371 e-40
  RelSys: pent u2                                            ok   max|res| 1.396 e-40
  RelSys: pent u3                                            ok   max|res| 1.351 e-40
  RelSys: rhombus fc1 = rho d fc0                            ok   max|res| 1.422 e-40
  RelSys: rhombus fc2 = fc0                                  ok   max|res| 1.252 e-40
  RelSys: tri                                                ok   max|res| 1.278 e-40
  RelSys: vertex_sum                                         ok   max|res| 3.024 e-41
  RelSys: wheel angle sum 2 pi                               ok   max|res| 2.271 e-40
  RelSys: wheel d <= r                                       ok   min slack 7.356 e-3
  RelSys: wheel eta in [-1,1]                                ok   min slack 4.042 e-1
  RelSys: wheel r <= 3d                                      ok   min slack 1.444 e0
  RelSys: wheel u = gam + gam                                ok   max|res| 1.069 e-40
  angular: least corner unique (gap)                         ok   min slack 1.189 e0
  angular: rot is a permutation                              ok   min slack 1.000 e0
  angular: rot keeps the vertex                              ok   min slack 1.000 e0
  glue: BFS tree spans                                       ok   min slack 1.000 e0
  glue: Gram of glueY = Gram of x                            ok   max|res| 2.478 e-40
  glue: orientation kept                                     ok   min slack 1.000 e0
  library: same faces                                        ok   min slack 1.000 e0
  range, d below psi* (not in the reduction when < 0): d - dlo info value -1.000 e-3
C3-rattler-58: N=15 V=14 E=27 F=15 free=1  all pass
  HexChoice: distinct faces                                  ok   min slack 1.000 e0
  HexChoice: free point strictly inside exactly one face     ok   min slack 1.000 e0
  HexChoice: its face has size 6                             ok   min slack 1.000 e0
  InClass: KConnected 3                                      ok   min slack 1.000 e0
  InClass: V - E + F - 2                                     ok   max|res| 0.e-19
  InClass: degrees 3 to 5                                    ok   min slack 1.000 e0
  InClass: face sizes 3 to 6                                 ok   min slack 1.000 e0
  Realisation: 0 < d                                         ok   min slack 9.365 e-1
  Realisation: convex (StrictSupportFace)                    ok   min slack 1.029 e-1
  Realisation: corner < pi                                   ok   min slack 1.593 e-1
  Realisation: corner >= alpha d                             ok   min slack -7.998 e-41
  Realisation: d < pi/2                                      ok   min slack 6.343 e-1
  Realisation: edge sdist = d                                ok   max|res| 1.367 e-40
  Realisation: inside                                        ok   min slack 6.022 e-1
  Realisation: sep                                           ok   min slack -1.806 e-41
  Realisation: unit                                          ok   max|res| 3.689 e-41
  RelSys: hex eta in [-1,1]                                  ok   min slack 7.061 e-1
  RelSys: hex u0                                             ok   max|res| 1.104 e-40
  RelSys: hex u2                                             ok   max|res| 1.104 e-40
  RelSys: hex u4                                             ok   max|res| 1.104 e-40
  RelSys: hexDiag                                            ok   min slack 1.190 e0
  RelSys: pent eta in [-1,1]                                 ok   min slack 3.234 e-1
  RelSys: pent u0                                            ok   max|res| 1.417 e-40
  RelSys: pent u2                                            ok   max|res| 1.517 e-40
  RelSys: pent u3                                            ok   max|res| 1.599 e-40
  RelSys: rhombus fc1 = rho d fc0                            ok   max|res| 1.400 e-40
  RelSys: rhombus fc2 = fc0                                  ok   max|res| 1.766 e-40
  RelSys: tri                                                ok   max|res| 1.758 e-40
  RelSys: vertex_sum                                         ok   max|res| 1.510 e-41
  RelSys: wheel angle sum 2 pi                               ok   max|res| 3.191 e-40
  RelSys: wheel d <= r                                       ok   min slack 8.703 e-41
  RelSys: wheel eta in [-1,1]                                ok   min slack 4.045 e-1
  RelSys: wheel r <= 3d                                      ok   min slack 1.449 e0
  RelSys: wheel u = gam + gam                                ok   max|res| 8.324 e-41
  angular: least corner unique (gap)                         ok   min slack 1.190 e0
  angular: rot is a permutation                              ok   min slack 1.000 e0
  angular: rot keeps the vertex                              ok   min slack 1.000 e0
  glue: BFS tree spans                                       ok   min slack 1.000 e0
  glue: Gram of glueY = Gram of x                            ok   max|res| 2.951 e-40
  glue: orientation kept                                     ok   min slack 1.000 e0
  library: same faces                                        ok   min slack 1.000 e0
  range at d = psi*: d <= dhi                                ok   min slack 5.260 e-2
  range at d = psi*: dlo <= d                                ok   min slack 2.268 e-9
C3-rattler-59: N=15 V=14 E=25 F=13 free=1  all pass
  HexChoice: distinct faces                                  ok   min slack 1.000 e0
  HexChoice: free point strictly inside exactly one face     ok   min slack 1.000 e0
  HexChoice: its face has size 6                             ok   min slack 1.000 e0
  InClass: KConnected 3                                      ok   min slack 1.000 e0
  InClass: V - E + F - 2                                     ok   max|res| 0.e-19
  InClass: degrees 3 to 5                                    ok   min slack 1.000 e0
  InClass: face sizes 3 to 6                                 ok   min slack 1.000 e0
  Realisation: 0 < d                                         ok   min slack 9.365 e-1
  Realisation: convex (StrictSupportFace)                    ok   min slack 1.029 e-1
  Realisation: corner < pi                                   ok   min slack 1.593 e-1
  Realisation: corner >= alpha d                             ok   min slack -1.232 e-40
  Realisation: d < pi/2                                      ok   min slack 6.343 e-1
  Realisation: edge sdist = d                                ok   max|res| 9.820 e-41
  Realisation: inside                                        ok   min slack 6.022 e-1
  Realisation: sep                                           ok   min slack -6.628 e-41
  Realisation: unit                                          ok   max|res| 6.725 e-41
  RelSys: hex eta in [-1,1]                                  ok   min slack 7.061 e-1
  RelSys: hex u0                                             ok   max|res| 1.899 e-40
  RelSys: hex u2                                             ok   max|res| 1.899 e-40
  RelSys: hex u4                                             ok   max|res| 1.899 e-40
  RelSys: hexDiag                                            ok   min slack 1.190 e0
  RelSys: pent eta in [-1,1]                                 ok   min slack 3.234 e-1
  RelSys: pent u0                                            ok   max|res| 1.573 e-40
  RelSys: pent u2                                            ok   max|res| 1.689 e-40
  RelSys: pent u3                                            ok   max|res| 1.644 e-40
  RelSys: rhombus fc1 = rho d fc0                            ok   max|res| 1.636 e-40
  RelSys: rhombus fc2 = fc0                                  ok   max|res| 1.804 e-40
  RelSys: tri                                                ok   max|res| 1.232 e-40
  RelSys: vertex_sum                                         ok   max|res| 1.706 e-41
  RelSys: wheel angle sum 2 pi                               ok   max|res| 3.281 e-40
  RelSys: wheel d <= r                                       ok   min slack 6.002 e-7
  RelSys: wheel eta in [-1,1]                                ok   min slack 4.045 e-1
  RelSys: wheel r <= 3d                                      ok   min slack 1.449 e0
  RelSys: wheel u = gam + gam                                ok   max|res| 1.227 e-40
  angular: least corner unique (gap)                         ok   min slack 1.190 e0
  angular: rot is a permutation                              ok   min slack 1.000 e0
  angular: rot keeps the vertex                              ok   min slack 1.000 e0
  glue: BFS tree spans                                       ok   min slack 1.000 e0
  glue: Gram of glueY = Gram of x                            ok   max|res| 2.769 e-40
  glue: orientation kept                                     ok   min slack 1.000 e0
  library: same faces                                        ok   min slack 1.000 e0
  range, d below psi* (not in the reduction when < 0): d - dlo info value -9.773 e-8
C3-rattler-60: N=15 V=14 E=25 F=13 free=1  all pass
  HexChoice: distinct faces                                  ok   min slack 1.000 e0
  HexChoice: free point strictly inside exactly one face     ok   min slack 1.000 e0
  HexChoice: its face has size 6                             ok   min slack 1.000 e0
  InClass: KConnected 3                                      ok   min slack 1.000 e0
  InClass: V - E + F - 2                                     ok   max|res| 0.e-19
  InClass: degrees 3 to 5                                    ok   min slack 1.000 e0
  InClass: face sizes 3 to 6                                 ok   min slack 1.000 e0
  Realisation: 0 < d                                         ok   min slack 9.365 e-1
  Realisation: convex (StrictSupportFace)                    ok   min slack 1.027 e-1
  Realisation: corner < pi                                   ok   min slack 1.589 e-1
  Realisation: corner >= alpha d                             ok   min slack -1.257 e-40
  Realisation: d < pi/2                                      ok   min slack 6.343 e-1
  Realisation: edge sdist = d                                ok   max|res| 1.824 e-40
  Realisation: inside                                        ok   min slack 6.023 e-1
  Realisation: sep                                           ok   min slack -4.728 e-41
  Realisation: unit                                          ok   max|res| 5.178 e-41
  RelSys: hex eta in [-1,1]                                  ok   min slack 7.061 e-1
  RelSys: hex u0                                             ok   max|res| 2.157 e-40
  RelSys: hex u2                                             ok   max|res| 2.157 e-40
  RelSys: hex u4                                             ok   max|res| 2.157 e-40
  RelSys: hexDiag                                            ok   min slack 1.190 e0
  RelSys: pent eta in [-1,1]                                 ok   min slack 3.233 e-1
  RelSys: pent u0                                            ok   max|res| 1.264 e-40
  RelSys: pent u2                                            ok   max|res| 1.143 e-40
  RelSys: pent u3                                            ok   max|res| 1.113 e-40
  RelSys: rhombus fc1 = rho d fc0                            ok   max|res| 2.479 e-40
  RelSys: rhombus fc2 = fc0                                  ok   max|res| 2.193 e-40
  RelSys: tri                                                ok   max|res| 1.257 e-40
  RelSys: vertex_sum                                         ok   max|res| 4.433 e-41
  RelSys: wheel angle sum 2 pi                               ok   max|res| 4.102 e-40
  RelSys: wheel d <= r                                       ok   min slack 8.256 e-5
  RelSys: wheel eta in [-1,1]                                ok   min slack 4.045 e-1
  RelSys: wheel r <= 3d                                      ok   min slack 1.449 e0
  RelSys: wheel u = gam + gam                                ok   max|res| 1.011 e-40
  angular: least corner unique (gap)                         ok   min slack 1.190 e0
  angular: rot is a permutation                              ok   min slack 1.000 e0
  angular: rot keeps the vertex                              ok   min slack 1.000 e0
  glue: BFS tree spans                                       ok   min slack 1.000 e0
  glue: Gram of glueY = Gram of x                            ok   max|res| 2.512 e-40
  glue: orientation kept                                     ok   min slack 1.000 e0
  library: same faces                                        ok   min slack 1.000 e0
  range, d below psi* (not in the reduction when < 0): d - dlo info value -9.998 e-6
C3-rattler-61: N=15 V=14 E=25 F=13 free=1  all pass
  HexChoice: distinct faces                                  ok   min slack 1.000 e0
  HexChoice: free point strictly inside exactly one face     ok   min slack 1.000 e0
  HexChoice: its face has size 6                             ok   min slack 1.000 e0
  InClass: KConnected 3                                      ok   min slack 1.000 e0
  InClass: V - E + F - 2                                     ok   max|res| 0.e-19
  InClass: degrees 3 to 5                                    ok   min slack 1.000 e0
  InClass: face sizes 3 to 6                                 ok   min slack 1.000 e0
  Realisation: 0 < d                                         ok   min slack 9.355 e-1
  Realisation: convex (StrictSupportFace)                    ok   min slack 1.010 e-1
  Realisation: corner < pi                                   ok   min slack 1.566 e-1
  Realisation: corner >= alpha d                             ok   min slack -9.250 e-41
  Realisation: d < pi/2                                      ok   min slack 6.353 e-1
  Realisation: edge sdist = d                                ok   max|res| 1.477 e-40
  Realisation: inside                                        ok   min slack 6.060 e-1
  Realisation: sep                                           ok   min slack -1.863 e-41
  Realisation: unit                                          ok   max|res| 3.971 e-41
  RelSys: hex eta in [-1,1]                                  ok   min slack 7.046 e-1
  RelSys: hex u0                                             ok   max|res| 1.473 e-40
  RelSys: hex u2                                             ok   max|res| 1.473 e-40
  RelSys: hex u4                                             ok   max|res| 1.473 e-40
  RelSys: hexDiag                                            ok   min slack 1.207 e0
  RelSys: pent eta in [-1,1]                                 ok   min slack 3.213 e-1
  RelSys: pent u0                                            ok   max|res| 1.371 e-40
  RelSys: pent u2                                            ok   max|res| 1.396 e-40
  RelSys: pent u3                                            ok   max|res| 1.351 e-40
  RelSys: rhombus fc1 = rho d fc0                            ok   max|res| 1.422 e-40
  RelSys: rhombus fc2 = fc0                                  ok   max|res| 1.252 e-40
  RelSys: tri                                                ok   max|res| 1.278 e-40
  RelSys: vertex_sum                                         ok   max|res| 3.024 e-41
  RelSys: wheel angle sum 2 pi                               ok   max|res| 2.271 e-40
  RelSys: wheel d <= r                                       ok   min slack 7.356 e-3
  RelSys: wheel eta in [-1,1]                                ok   min slack 4.042 e-1
  RelSys: wheel r <= 3d                                      ok   min slack 1.444 e0
  RelSys: wheel u = gam + gam                                ok   max|res| 1.069 e-40
  angular: least corner unique (gap)                         ok   min slack 1.189 e0
  angular: rot is a permutation                              ok   min slack 1.000 e0
  angular: rot keeps the vertex                              ok   min slack 1.000 e0
  glue: BFS tree spans                                       ok   min slack 1.000 e0
  glue: Gram of glueY = Gram of x                            ok   max|res| 2.478 e-40
  glue: orientation kept                                     ok   min slack 1.000 e0
  library: same faces                                        ok   min slack 1.000 e0
  range, d below psi* (not in the reduction when < 0): d - dlo info value -1.000 e-3
== summary
records: 77, at d = psi*: 24, below psi*: 53; free points: 26
records with a failing check: 0; failing checks: []
== negative controls on C1-rattler-18
mutant 1: 16 failing checks: ["HexChoice: its face has size 6", "Realisation: convex (StrictSupportFace)", "RelSys: hex u0", "RelSys: hex u2", "RelSys: hex u4", "RelSys: hexDiag", "RelSys: pent u0", "RelSys: pent u2", "RelSys: pent u3", "RelSys: rhombus fc1 = rho d fc0", "RelSys: rhombus fc2 = fc0", "RelSys: tri", "RelSys: wheel angle sum 2 pi", "RelSys: wheel u = gam + gam", "glue: Gram of glueY = Gram of x", "library: same faces"]
mutant 2: 2 failing checks: ["glue: Gram of glueY = Gram of x", "glue: orientation kept"]
mutant 3: 1 failing checks: ["RelSys: rhombus fc1 = rho d fc0"]
mutant 4: 7 failing checks: ["HexChoice: its face has size 6", "Realisation: convex (StrictSupportFace)", "RelSys: wheel angle sum 2 pi", "RelSys: wheel u = gam + gam", "glue: Gram of glueY = Gram of x", "glue: orientation kept", "library: same faces"]
END OK
