✔ [8924/9176] Built Tammes15.Challenge.Trigrows.Defs (3.3s)
✔ [8925/9176] Built Tammes15.Vendor.EM8.ScottInequality (4.4s)
✔ [8926/9176] Built Tammes15.Challenge.Statement (4.6s)
✔ [8927/9176] Built Tammes15.Fans.Cone (4.1s)
✔ [8928/9176] Built Tammes15.Numerics.Taylor (4.6s)
⚠ [8929/9176] Built Tammes15.Vendor.EM8.Definitions (7.4s)
warning: Tammes15/Vendor/EM8/Definitions.lean:81:40: `Set.mem_setOf_eq` has been deprecated: Use `Set.mem_ofPred_eq` instead
warning: Tammes15/Vendor/EM8/Definitions.lean:88:41: `Set.mem_setOf_eq` has been deprecated: Use `Set.mem_ofPred_eq` instead
warning: Tammes15/Vendor/EM8/Definitions.lean:82:53: This simp argument is unused:
  hra

Hint: Omit it from the simp argument list.
  [apply] simp [Fin.sum_univ_succ, r, h, Real.norm_eq_abs, hha]

Note: This linter can be disabled with `set_option linter.unusedSimpArgs false`
warning: Tammes15/Vendor/EM8/Definitions.lean:89:53: This simp argument is unused:
  hra

Hint: Omit it from the simp argument list.
  [apply] simp [Fin.sum_univ_succ, r, h, Real.norm_eq_abs, hha]

Note: This linter can be disabled with `set_option linter.unusedSimpArgs false`
warning: Tammes15/Vendor/EM8/Definitions.lean:113:4: try 'simp' instead of 'simpa'

Note: This linter can be disabled with `set_option linter.unnecessarySimpa false`
warning: Tammes15/Vendor/EM8/Definitions.lean:132:4: try 'simp' instead of 'simpa'

Note: This linter can be disabled with `set_option linter.unnecessarySimpa false`
warning: Tammes15/Vendor/EM8/Definitions.lean:131:56: This simp argument is unused:
  hr.ne'

Hint: Omit it from the simp argument list.
  [apply] simp [Real.cos_add, Real.sin_add, htwo, hthree] at hx hy ⊢

Note: This linter can be disabled with `set_option linter.unusedSimpArgs false`
warning: Tammes15/Vendor/EM8/Definitions.lean:147:2: Try this: 
  letI̵

The goal is a proposition, so `let` is preferred over `letI`.
The difference between `let` and `letI` is that `letI` inlines the value.
But this is not relevant for proofs because of proof irrelevance.

Note: This linter can be disabled with `set_option linter.style.haveILetI false`
✔ [8930/9176] Built Tammes15.Trigrows.Defs (3.5s)
✔ [8931/9176] Built Tammes15.Draw.Cyclic (4.4s)
✔ [8932/9176] Built Tammes15.Statement (4.7s)
✔ [8934/9176] Built Tammes15.Challenge.Local41.Defs (10s)
⚠ [8935/9176] Built Tammes15.Challenge.Trigrows.Mono (16s)
info: Tammes15/Challenge/Trigrows/Mono.lean:186:82: Try this:
  [apply] ring_nf
  
  The `ring` tactic failed to close the goal. Use `ring_nf` to obtain a normal form.
    
  Note that `ring` works primarily in *commutative* rings. If you have a noncommutative ring, abelian group or module, consider using `noncomm_ring`, `abel` or `module` instead.
info: Tammes15/Challenge/Trigrows/Mono.lean:191:67: Try this:
  [apply] ring_nf
  
  The `ring` tactic failed to close the goal. Use `ring_nf` to obtain a normal form.
    
  Note that `ring` works primarily in *commutative* rings. If you have a noncommutative ring, abelian group or module, consider using `noncomm_ring`, `abel` or `module` instead.
info: Tammes15/Challenge/Trigrows/Mono.lean:192:61: Try this:
  [apply] ring_nf
  
  The `ring` tactic failed to close the goal. Use `ring_nf` to obtain a normal form.
    
  Note that `ring` works primarily in *commutative* rings. If you have a noncommutative ring, abelian group or module, consider using `noncomm_ring`, `abel` or `module` instead.
info: Tammes15/Challenge/Trigrows/Mono.lean:195:47: Try this:
  [apply] ring_nf
  
  The `ring` tactic failed to close the goal. Use `ring_nf` to obtain a normal form.
    
  Note that `ring` works primarily in *commutative* rings. If you have a noncommutative ring, abelian group or module, consider using `noncomm_ring`, `abel` or `module` instead.
warning: Tammes15/Challenge/Trigrows/Mono.lean:868:39: Variable name `hab` is not explicitly referenced.

Hint: The binding can be removed (if unused) or named `_` (if used implicitly). Alternatively, prefix the name with `_` to silence this warning:
  [apply] _hab

Note: This linter can be disabled with `set_option linter.unusedVariables false`
✔ [8936/9176] Built Tammes15.Challenge.Trigrows.Sphere (3.5s)
ℹ [8937/9176] Built Tammes15.Challenge.Glue.Frames (16s)
info: Tammes15/Challenge/Glue/Frames.lean:222:94: Try this:
  [apply] abel_nf
✔ [8938/9176] Built Tammes15.FejesToth.Numerics (6.3s)
✔ [8939/9176] Built Tammes15.Numerics.HexData (9.9s)
⚠ [8940/9176] Built Tammes15.Vendor.EM8.Antiprism (10s)
warning: Tammes15/Vendor/EM8/Antiprism.lean:38:54: this tactic is never executed

Note: This linter can be disabled with `set_option linter.unreachableTactic false`
warning: Tammes15/Vendor/EM8/Antiprism.lean:38:54: Unused tactic linter: `ring` does nothing

Note: This linter can be disabled with `set_option linter.unusedTactic false`
warning: Tammes15/Vendor/EM8/Antiprism.lean:143:38: This simp argument is unused:
  hha

Hint: Omit it from the simp argument list.
  [apply] simp [Xc, norm_vec3_sub, r, h, hra, hs2]

Note: This linter can be disabled with `set_option linter.unusedSimpArgs false`
warning: Tammes15/Vendor/EM8/Antiprism.lean:143:43: This simp argument is unused:
  hs2

Hint: Omit it from the simp argument list.
  [apply] simp [Xc, norm_vec3_sub, r, h, hra, hha]

Note: This linter can be disabled with `set_option linter.unusedSimpArgs false`
⚠ [8941/9176] Built Tammes15.FejesToth.Saturate (10s)
warning: Tammes15/FejesToth/Saturate.lean:117:10: try 'simp' instead of 'simpa'

Note: This linter can be disabled with `set_option linter.unnecessarySimpa false`
⚠ [8942/9176] Built Tammes15.Trigrows.Mono (17s)
info: Tammes15/Trigrows/Mono.lean:186:82: Try this:
  [apply] ring_nf
  
  The `ring` tactic failed to close the goal. Use `ring_nf` to obtain a normal form.
    
  Note that `ring` works primarily in *commutative* rings. If you have a noncommutative ring, abelian group or module, consider using `noncomm_ring`, `abel` or `module` instead.
info: Tammes15/Trigrows/Mono.lean:191:67: Try this:
  [apply] ring_nf
  
  The `ring` tactic failed to close the goal. Use `ring_nf` to obtain a normal form.
    
  Note that `ring` works primarily in *commutative* rings. If you have a noncommutative ring, abelian group or module, consider using `noncomm_ring`, `abel` or `module` instead.
info: Tammes15/Trigrows/Mono.lean:192:61: Try this:
  [apply] ring_nf
  
  The `ring` tactic failed to close the goal. Use `ring_nf` to obtain a normal form.
    
  Note that `ring` works primarily in *commutative* rings. If you have a noncommutative ring, abelian group or module, consider using `noncomm_ring`, `abel` or `module` instead.
info: Tammes15/Trigrows/Mono.lean:195:47: Try this:
  [apply] ring_nf
  
  The `ring` tactic failed to close the goal. Use `ring_nf` to obtain a normal form.
    
  Note that `ring` works primarily in *commutative* rings. If you have a noncommutative ring, abelian group or module, consider using `noncomm_ring`, `abel` or `module` instead.
warning: Tammes15/Trigrows/Mono.lean:868:39: Variable name `hab` is not explicitly referenced.

Hint: The binding can be removed (if unused) or named `_` (if used implicitly). Alternatively, prefix the name with `_` to silence this warning:
  [apply] _hab

Note: This linter can be disabled with `set_option linter.unusedVariables false`
✔ [8943/9176] Built Tammes15.Local41.Defs (3.9s)
✔ [8944/9176] Built Tammes15.Trigrows.Sphere (3.2s)
ℹ [8945/9176] Built Tammes15.Glue.Frames (15s)
info: Tammes15/Glue/Frames.lean:222:94: Try this:
  [apply] abel_nf
✔ [8946/9176] Built Tammes15.Challenge.Draw.Defs (5.9s)
✔ [8947/9176] Built Tammes15.Challenge.Glue.FramesAlg (7.1s)
✔ [8948/9176] Built Tammes15.Numerics.ChordData (3.6s)
✔ [8949/9176] Built Tammes15.Numerics.Root (7.1s)
ℹ [8951/9176] Built Tammes15.Challenge.Trigrows.Rows (16s)
info: Tammes15/Challenge/Trigrows/Rows.lean:374:55: Try this:
  [apply] ring_nf
  
  The `ring` tactic failed to close the goal. Use `ring_nf` to obtain a normal form.
    
  Note that `ring` works primarily in *commutative* rings. If you have a noncommutative ring, abelian group or module, consider using `noncomm_ring`, `abel` or `module` instead.
info: Tammes15/Challenge/Trigrows/Rows.lean:386:8: Try this:
  [apply] ring_nf
  
  The `ring` tactic failed to close the goal. Use `ring_nf` to obtain a normal form.
    
  Note that `ring` works primarily in *commutative* rings. If you have a noncommutative ring, abelian group or module, consider using `noncomm_ring`, `abel` or `module` instead.
info: Tammes15/Challenge/Trigrows/Rows.lean:387:47: Try this:
  [apply] ring_nf
  
  The `ring` tactic failed to close the goal. Use `ring_nf` to obtain a normal form.
    
  Note that `ring` works primarily in *commutative* rings. If you have a noncommutative ring, abelian group or module, consider using `noncomm_ring`, `abel` or `module` instead.
⚠ [8952/9176] Built Tammes15.Vendor.EM8.Parameter (7.2s)
warning: Tammes15/Vendor/EM8/Parameter.lean:332:20: `dif_pos` has been deprecated: Use `dite_eq_left` instead
warning: Tammes15/Vendor/EM8/Parameter.lean:337:20: `dif_pos` has been deprecated: Use `dite_eq_left` instead
✔ [8953/9176] Built Tammes15.Draw.Defs (5.6s)
⚠ [8954/9176] Built Tammes15.Local41.Rotation (10s)
warning: Tammes15/Local41/Rotation.lean:57:4: try 'simp' instead of 'simpa'

Note: This linter can be disabled with `set_option linter.unnecessarySimpa false`
warning: Tammes15/Local41/Rotation.lean:100:6: try 'simp' instead of 'simpa'

Note: This linter can be disabled with `set_option linter.unnecessarySimpa false`
✔ [8955/9176] Built Tammes15.Glue.FramesAlg (5.3s)
ℹ [8956/9176] Built Tammes15.Trigrows.Rows (18s)
info: Tammes15/Trigrows/Rows.lean:374:55: Try this:
  [apply] ring_nf
  
  The `ring` tactic failed to close the goal. Use `ring_nf` to obtain a normal form.
    
  Note that `ring` works primarily in *commutative* rings. If you have a noncommutative ring, abelian group or module, consider using `noncomm_ring`, `abel` or `module` instead.
info: Tammes15/Trigrows/Rows.lean:386:8: Try this:
  [apply] ring_nf
  
  The `ring` tactic failed to close the goal. Use `ring_nf` to obtain a normal form.
    
  Note that `ring` works primarily in *commutative* rings. If you have a noncommutative ring, abelian group or module, consider using `noncomm_ring`, `abel` or `module` instead.
info: Tammes15/Trigrows/Rows.lean:387:47: Try this:
  [apply] ring_nf
  
  The `ring` tactic failed to close the goal. Use `ring_nf` to obtain a normal form.
    
  Note that `ring` works primarily in *commutative* rings. If you have a noncommutative ring, abelian group or module, consider using `noncomm_ring`, `abel` or `module` instead.
✔ [8957/9176] Built Tammes15.Challenge.Glue.Enclosure (7.8s)
✔ [8958/9176] Built Tammes15.Challenge.Trigrows.Margins (5.5s)
✔ [8959/9176] Built Tammes15.Vendor.EM8.PackingGeometry (3.8s)
⚠ [8960/9176] Built Tammes15.Draw.Count (4.1s)
warning: Tammes15/Draw/Count.lean:150:14: `if_pos` has been deprecated: Use `ite_eq_left` instead
warning: Tammes15/Draw/Count.lean:155:14: `if_neg` has been deprecated: Use `ite_eq_right` instead
✔ [8961/9176] Built Tammes15.TwoConn.Defs (3.4s)
✔ [8962/9176] Built Tammes15.Vendor.EM8.ContactCertificate (14s)
✔ [8963/9176] Built Tammes15.Glue.Enclosure (9.0s)
✔ [8964/9176] Built Tammes15.Trigrows.Margins (5.3s)
⚠ [8965/9176] Built Tammes15.Local41.Chain (16s)
warning: Tammes15/Local41/Chain.lean:96:37: Variable name `hp` is not explicitly referenced.

Hint: The binding can be removed (if unused) or named `_` (if used implicitly). Alternatively, prefix the name with `_` to silence this warning:
  [apply] _hp

Note: This linter can be disabled with `set_option linter.unusedVariables false`
warning: Tammes15/Local41/Chain.lean:96:52: Variable name `hq` is not explicitly referenced.

Hint: The binding can be removed (if unused) or named `_` (if used implicitly). Alternatively, prefix the name with `_` to silence this warning:
  [apply] _hq

Note: This linter can be disabled with `set_option linter.unusedVariables false`
warning: Tammes15/Local41/Chain.lean:96:67: Variable name `hx` is not explicitly referenced.

Hint: The binding can be removed (if unused) or named `_` (if used implicitly). Alternatively, prefix the name with `_` to silence this warning:
  [apply] _hx

Note: This linter can be disabled with `set_option linter.unusedVariables false`
warning: Tammes15/Local41/Chain.lean:96:82: Variable name `hy` is not explicitly referenced.

Hint: The binding can be removed (if unused) or named `_` (if used implicitly). Alternatively, prefix the name with `_` to silence this warning:
  [apply] _hy

Note: This linter can be disabled with `set_option linter.unusedVariables false`
✔ [8967/9176] Built Tammes15.Trigrows.Points (11s)
✔ [8968/9176] Built Tammes15.Challenge.Hyps.Case (3.0s)
⚠ [8969/9176] Built Tammes15.Vendor.EM8.VertexConcavity (4.2s)
warning: Tammes15/Vendor/EM8/VertexConcavity.lean:71:56: `if_pos` has been deprecated: Use `ite_eq_left` instead
warning: Tammes15/Vendor/EM8/VertexConcavity.lean:82:55: `if_neg` has been deprecated: Use `ite_eq_right` instead
warning: Tammes15/Vendor/EM8/VertexConcavity.lean:114:56: `if_pos` has been deprecated: Use `ite_eq_left` instead
warning: Tammes15/Vendor/EM8/VertexConcavity.lean:125:55: `if_neg` has been deprecated: Use `ite_eq_right` instead
⚠ [8970/9176] Built Tammes15.Vendor.EM8.RankinBound (4.1s)
warning: Tammes15/Vendor/EM8/RankinBound.lean:99:17: `if_neg` has been deprecated: Use `ite_eq_right` instead
warning: Tammes15/Vendor/EM8/RankinBound.lean:117:2: `push_neg` has been deprecated. Prefer using `push Not` instead.
If you'd rather continue using `push_neg` in your project, you can implement it as follows:
```
open Lean.Parser.Tactic in
macro "push_neg" cfg:optConfig loc:(location)? : tactic =>
  `(tactic| push $cfg:optConfig Not $[$loc]?)
```
⚠ [8971/9176] Built Tammes15.Vendor.EM8.ContactRankBound (6.6s)
warning: Tammes15/Vendor/EM8/ContactRankBound.lean:23:43: `Set.setOf_and` has been deprecated: Use `Set.ofPred_and` instead
warning: Tammes15/Vendor/EM8/ContactRankBound.lean:38:10: This simp argument is unused:
  Pi.single_apply

Hint: Omit it from the simp argument list.
  [apply] simp

Note: This linter can be disabled with `set_option linter.unusedSimpArgs false`
warning: Tammes15/Vendor/EM8/ContactRankBound.lean:40:10: This simp argument is unused:
  Prod.norm_def

Hint: Omit it from the simp argument list.
  [apply] simp [Pi.norm_single]

Note: This linter can be disabled with `set_option linter.unusedSimpArgs false`
✔ [8972/9176] Built Tammes15.Vendor.EM8.PositiveStress (5.2s)
✔ [8973/9176] Built Tammes15.Hyps.Case (3.7s)
⚠ [8974/9176] Built Tammes15.Fans.Corners (4.4s)
warning: Tammes15/Fans/Corners.lean:83:40: try 'simp' instead of 'simpa'

Note: This linter can be disabled with `set_option linter.unnecessarySimpa false`
warning: Tammes15/Fans/Corners.lean:90:40: try 'simp' instead of 'simpa'

Note: This linter can be disabled with `set_option linter.unnecessarySimpa false`
warning: Tammes15/Fans/Corners.lean:97:40: try 'simp' instead of 'simpa'

Note: This linter can be disabled with `set_option linter.unnecessarySimpa false`
warning: Tammes15/Fans/Corners.lean:104:40: try 'simp' instead of 'simpa'

Note: This linter can be disabled with `set_option linter.unnecessarySimpa false`
⚠ [8975/9176] Built Tammes15.Trigrows.Sdist (7.4s)
warning: Tammes15/Trigrows/Sdist.lean:273:2: `push_neg` has been deprecated. Prefer using `push Not` instead.
If you'd rather continue using `push_neg` in your project, you can implement it as follows:
```
open Lean.Parser.Tactic in
macro "push_neg" cfg:optConfig loc:(location)? : tactic =>
  `(tactic| push $cfg:optConfig Not $[$loc]?)
```
✔ [8976/9176] Built Tammes15.Challenge.Hyps.Computations (3.8s)
⚠ [8977/9176] Built Tammes15.Rattlers.Basic (8.6s)
info: Tammes15/Rattlers/Basic.lean:59:50: Try this:
  [apply] ring_nf
  
  The `ring` tactic failed to close the goal. Use `ring_nf` to obtain a normal form.
    
  Note that `ring` works primarily in *commutative* rings. If you have a noncommutative ring, abelian group or module, consider using `noncomm_ring`, `abel` or `module` instead.
info: Tammes15/Rattlers/Basic.lean:62:38: Try this:
  [apply] ring_nf
  
  The `ring` tactic failed to close the goal. Use `ring_nf` to obtain a normal form.
    
  Note that `ring` works primarily in *commutative* rings. If you have a noncommutative ring, abelian group or module, consider using `noncomm_ring`, `abel` or `module` instead.
warning: Tammes15/Rattlers/Basic.lean:237:2: Try this: 
  haveI̵

The goal is a proposition, so `have` is preferred over `haveI`.
The difference between `have` and `haveI` is that `haveI` inlines the value.
But this is not relevant for proofs because of proof irrelevance.

Note: This linter can be disabled with `set_option linter.style.haveILetI false`
warning: Tammes15/Rattlers/Basic.lean:245:4: try 'simp' instead of 'simpa'

Note: This linter can be disabled with `set_option linter.unnecessarySimpa false`
✔ [8978/9176] Built Tammes15.Vendor.EM8.VertexArea (5.7s)
⚠ [8979/9176] Built Tammes15.Vendor.EM8.PackingPush (4.7s)
warning: Tammes15/Vendor/EM8/PackingPush.lean:23:25: This simp argument is unused:
  real_inner_self_eq_norm_sq

Hint: Omit it from the simp argument list.
  [apply] simp [horth', horth, hp, hv]

Note: This linter can be disabled with `set_option linter.unusedSimpArgs false`
✔ [8980/9176] Built Tammes15.Vendor.EM8.Infinitesimal (4.0s)
⚠ [8981/9176] Built Tammes15.Vendor.EM8.ContactGeometryGlobal (8.9s)
warning: Tammes15/Vendor/EM8/ContactGeometryGlobal.lean:26:21: This simp argument is unused:
  real_inner_self_eq_norm_sq

Hint: Omit it from the simp argument list.
  [apply] simp [hY]

Note: This linter can be disabled with `set_option linter.unusedSimpArgs false`
warning: Tammes15/Vendor/EM8/ContactGeometryGlobal.lean:53:8: This simp argument is unused:
  real_inner_self_eq_norm_sq

Hint: Omit it from the simp argument list.
  [apply] simp [ha, hb]

Note: This linter can be disabled with `set_option linter.unusedSimpArgs false`
warning: Tammes15/Vendor/EM8/ContactGeometryGlobal.lean:102:45: This simp argument is unused:
  real_inner_self_eq_norm_sq

Hint: Omit it from the simp argument list.
  [apply] simp [inner_smul_left, inner_smul_right, hqnorm, mul_comm]

Note: This linter can be disabled with `set_option linter.unusedSimpArgs false`
✔ [8982/9176] Built Tammes15.Hyps.Computations (3.1s)
⚠ [8983/9176] Built Tammes15.Fans.Hexagon (4.1s)
warning: Tammes15/Fans/Hexagon.lean:40:40: try 'simp' instead of 'simpa'

Note: This linter can be disabled with `set_option linter.unnecessarySimpa false`
warning: Tammes15/Fans/Hexagon.lean:47:40: try 'simp' instead of 'simpa'

Note: This linter can be disabled with `set_option linter.unnecessarySimpa false`
warning: Tammes15/Fans/Hexagon.lean:54:40: try 'simp' instead of 'simpa'

Note: This linter can be disabled with `set_option linter.unnecessarySimpa false`
warning: Tammes15/Fans/Hexagon.lean:61:40: try 'simp' instead of 'simpa'

Note: This linter can be disabled with `set_option linter.unnecessarySimpa false`
✔ [8984/9176] Built Tammes15.Geom.Basic (4.4s)
✔ [8985/9176] Built Tammes15.Draw.Exist (6.5s)
⚠ [8986/9176] Built Tammes15.Draw.Frame (7.0s)
warning: Tammes15/Draw/Frame.lean:43:10: try 'simp' instead of 'simpa'

Note: This linter can be disabled with `set_option linter.unnecessarySimpa false`
warning: Tammes15/Draw/Frame.lean:40:6: Try this: 
  haveI̵

The goal is a proposition, so `have` is preferred over `haveI`.
The difference between `have` and `haveI` is that `haveI` inlines the value.
But this is not relevant for proofs because of proof irrelevance.

Note: This linter can be disabled with `set_option linter.style.haveILetI false`
warning: Tammes15/Draw/Frame.lean:49:8: try 'simp' instead of 'simpa'

Note: This linter can be disabled with `set_option linter.unnecessarySimpa false`
warning: Tammes15/Draw/Frame.lean:125:4: try 'simp' instead of 'simpa'

Note: This linter can be disabled with `set_option linter.unnecessarySimpa false`
warning: Tammes15/Draw/Frame.lean:128:4: try 'simp' instead of 'simpa'

Note: This linter can be disabled with `set_option linter.unnecessarySimpa false`
warning: Tammes15/Draw/Frame.lean:233:15: This simp argument is unused:
  Finset.sum_mul

Hint: Omit it from the simp argument list.
  [apply] simp only [Finset.mul_sum, mul_comm, mul_left_comm, mul_assoc]

Note: This linter can be disabled with `set_option linter.unusedSimpArgs false`
warning: Tammes15/Draw/Frame.lean:233:72: This simp argument is unused:
  mul_assoc

Hint: Omit it from the simp argument list.
  [apply] simp only [Finset.sum_mul, Finset.mul_sum, mul_comm, mul_left_comm]

Note: This linter can be disabled with `set_option linter.unusedSimpArgs false`
warning: Tammes15/Draw/Frame.lean:544:57: Variable name `hz` is not explicitly referenced.

Hint: The binding can be removed (if unused) or named `_` (if used implicitly). Alternatively, prefix the name with `_` to silence this warning:
  [apply] _hz

Note: This linter can be disabled with `set_option linter.unusedVariables false`
⚠ [8987/9176] Built Tammes15.Challenge (3.5s)
warning: Tammes15/Challenge.lean:14:8: declaration uses `sorry`
warning: Tammes15/Challenge.lean:18:8: declaration uses `sorry`
✔ [8989/9176] Built Tammes15.Glue.Pair (5.3s)
⚠ [8990/9176] Built Tammes15.Rattlers.Hex (4.8s)
warning: Tammes15/Rattlers/Hex.lean:59:4: try 'simp' instead of 'simpa'

Note: This linter can be disabled with `set_option linter.unnecessarySimpa false`
✔ [8991/9176] Built Tammes15.Vendor.EM8.AreaSummation (4.7s)
✔ [8992/9176] Built Tammes15.Vendor.EM8.PackingReduction (3.7s)
⚠ [8993/9176] Built Tammes15.Vendor.EM8.LocalChart (5.8s)
warning: Tammes15/Vendor/EM8/LocalChart.lean:100:48: This simp argument is unused:
  chartRay

Hint: Omit it from the simp argument list.
  [apply] simp [v, Pi.add_apply]

Note: This linter can be disabled with `set_option linter.unusedSimpArgs false`
warning: Tammes15/Vendor/EM8/LocalChart.lean:100:61: This simp argument is unused:
  Pi.add_apply

Hint: Omit it from the simp argument list.
  [apply] simp [chartRay, v]

Note: This linter can be disabled with `set_option linter.unusedSimpArgs false`
warning: Tammes15/Vendor/EM8/LocalChart.lean:100:38: Used `tac1 <;> tac2` where `(tac1; tac2)` would suffice

Note: This linter can be disabled with `set_option linter.unnecessarySeqFocus false`
✔ [8994/9176] Built Tammes15.Vendor.EM8.PackingConstants (63s)
✔ [8995/9176] Built Tammes15.Geom.Lune (5.9s)
✔ [8996/9176] Built Tammes15.Vendor.EM8.HemisphereCoordinates (6.3s)
⚠ [8997/9176] Built Tammes15.Vendor.EM8.ContactCovering (11s)
warning: Tammes15/Vendor/EM8/ContactCovering.lean:45:2: `push_neg` has been deprecated. Prefer using `push Not` instead.
If you'd rather continue using `push_neg` in your project, you can implement it as follows:
```
open Lean.Parser.Tactic in
macro "push_neg" cfg:optConfig loc:(location)? : tactic =>
  `(tactic| push $cfg:optConfig Not $[$loc]?)
```
warning: Tammes15/Vendor/EM8/ContactCovering.lean:74:35: Variable name `hc` is not explicitly referenced.

Hint: The binding can be removed (if unused) or named `_` (if used implicitly). Alternatively, prefix the name with `_` to silence this warning:
  [apply] _hc

Note: This linter can be disabled with `set_option linter.unusedVariables false`
warning: Tammes15/Vendor/EM8/ContactCovering.lean:115:2: `push_neg` has been deprecated. Prefer using `push Not` instead.
If you'd rather continue using `push_neg` in your project, you can implement it as follows:
```
open Lean.Parser.Tactic in
macro "push_neg" cfg:optConfig loc:(location)? : tactic =>
  `(tactic| push $cfg:optConfig Not $[$loc]?)
```
✔ [8998/9176] Built Tammes15.Geom.Face (3.8s)
✔ [8999/9176] Built Tammes15.Geom.Frame (4.4s)
⚠ [9000/9176] Built Tammes15.Draw.Angular (5.2s)
warning: Tammes15/Draw/Angular.lean:116:15: This simp argument is unused:
  E

Hint: Omit it from the simp argument list.
  [apply] simp [f, Equiv.sigmaCongrRight_apply]

Note: This linter can be disabled with `set_option linter.unusedSimpArgs false`
warning: Tammes15/Draw/Angular.lean:184:4: try 'simp' instead of 'simpa'

Note: This linter can be disabled with `set_option linter.unnecessarySimpa false`
warning: Tammes15/Draw/Angular.lean:279:8: try 'simp' instead of 'simpa'

Note: This linter can be disabled with `set_option linter.unnecessarySimpa false`
warning: Tammes15/Draw/Angular.lean:319:31: try 'simp' instead of 'simpa'

Note: This linter can be disabled with `set_option linter.unnecessarySimpa false`
warning: Tammes15/Draw/Angular.lean:366:0: automatically included section variable(s) unused in theorem `Tammes15.distinctDirs_of_sep`:
  [Fintype V]
  [DecidableEq V]
consider restructuring your `variable` declarations so that the variables are not in scope or explicitly omit them:
  omit [Fintype V] [DecidableEq V] in theorem ...

Note: This linter can be disabled with `set_option linter.unusedSectionVars false`
⚠ [9001/9176] Built Tammes15.Geom.Wheel (7.0s)
warning: Tammes15/Geom/Wheel.lean:23:35: Variable name `hx` is not explicitly referenced.

Hint: The binding can be removed (if unused) or named `_` (if used implicitly). Alternatively, prefix the name with `_` to silence this warning:
  [apply] _hx

Note: This linter can be disabled with `set_option linter.unusedVariables false`
info: Tammes15/Geom/Wheel.lean:95:44: Try this:
  [apply] ring_nf
  
  The `ring` tactic failed to close the goal. Use `ring_nf` to obtain a normal form.
    
  Note that `ring` works primarily in *commutative* rings. If you have a noncommutative ring, abelian group or module, consider using `noncomm_ring`, `abel` or `module` instead.
info: Tammes15/Geom/Wheel.lean:150:85: Try this:
  [apply] ring_nf
  
  The `ring` tactic failed to close the goal. Use `ring_nf` to obtain a normal form.
    
  Note that `ring` works primarily in *commutative* rings. If you have a noncommutative ring, abelian group or module, consider using `noncomm_ring`, `abel` or `module` instead.
info: Tammes15/Geom/Wheel.lean:161:129: Try this:
  [apply] ring_nf
  
  The `ring` tactic failed to close the goal. Use `ring_nf` to obtain a normal form.
    
  Note that `ring` works primarily in *commutative* rings. If you have a noncommutative ring, abelian group or module, consider using `noncomm_ring`, `abel` or `module` instead.
warning: Tammes15/Geom/Wheel.lean:96:14: This simp argument is unused:
  Finset.sum_range_zero

Hint: Omit it from the simp argument list.
  [apply] simp [h0, Complex.exp_zero]

Note: This linter can be disabled with `set_option linter.unusedSimpArgs false`
warning: Tammes15/Geom/Wheel.lean:123:14: This simp argument is unused:
  h_norm_w

Hint: Omit it from the simp argument list.
  [apply] simp

Note: This linter can be disabled with `set_option linter.unusedSimpArgs false`
warning: Tammes15/Geom/Wheel.lean:434:45: Variable name `hunit` is not explicitly referenced.

Hint: The binding can be removed (if unused) or named `_` (if used implicitly). Alternatively, prefix the name with `_` to silence this warning:
  [apply] _hunit

Note: This linter can be disabled with `set_option linter.unusedVariables false`
warning: Tammes15/Geom/Wheel.lean:434:79: Variable name `hx` is not explicitly referenced.

Hint: The binding can be removed (if unused) or named `_` (if used implicitly). Alternatively, prefix the name with `_` to silence this warning:
  [apply] _hx

Note: This linter can be disabled with `set_option linter.unusedVariables false`
⚠ [9002/9176] Built Tammes15.Draw.FaceWalk (7.3s)
warning: Tammes15/Draw/FaceWalk.lean:31:39: Variable name `hv` is not explicitly referenced.

Hint: The binding can be removed (if unused) or named `_` (if used implicitly). Alternatively, prefix the name with `_` to silence this warning:
  [apply] _hv

Note: This linter can be disabled with `set_option linter.unusedVariables false`
warning: Tammes15/Draw/FaceWalk.lean:106:6: try 'simp' instead of 'simpa'

Note: This linter can be disabled with `set_option linter.unnecessarySimpa false`
warning: Tammes15/Draw/FaceWalk.lean:113:8: try 'simp' instead of 'simpa'

Note: This linter can be disabled with `set_option linter.unnecessarySimpa false`
✔ [9003/9176] Built Tammes15.Vendor.EM8.FaceIncidence (16s)
⚠ [9004/9176] Built Tammes15.Vendor.EM8.ContactDirections (7.5s)
warning: Tammes15/Vendor/EM8/ContactDirections.lean:82:10: This simp argument is unused:
  real_inner_self_eq_norm_sq

Hint: Omit it from the simp argument list.
  [apply] simp [hp, hq]

Note: This linter can be disabled with `set_option linter.unusedSimpArgs false`
warning: Tammes15/Vendor/EM8/ContactDirections.lean:113:4: `push_neg` has been deprecated. Prefer using `push Not` instead.
If you'd rather continue using `push_neg` in your project, you can implement it as follows:
```
open Lean.Parser.Tactic in
macro "push_neg" cfg:optConfig loc:(location)? : tactic =>
  `(tactic| push $cfg:optConfig Not $[$loc]?)
```
✔ [9005/9176] Built Tammes15.TwoConn.Farm (27s)
⚠ [9006/9176] Built Tammes15.Vendor.EM8.ChartInverse (5.1s)
warning: Tammes15/Vendor/EM8/ChartInverse.lean:17:4: This simp argument is unused:
  real_inner_self_eq_norm_sq

Hint: Omit it from the simp argument list.
  [apply] simp [inverseSphereChart, inner_sub_left, inner_smul_left, hp]

Note: This linter can be disabled with `set_option linter.unusedSimpArgs false`
warning: Tammes15/Vendor/EM8/ChartInverse.lean:41:28: This simp argument is unused:
  real_inner_self_eq_norm_sq

Hint: Omit it from the simp argument list.
  [apply] simp [inverseSphereChart, hp]

Note: This linter can be disabled with `set_option linter.unusedSimpArgs false`
warning: Tammes15/Vendor/EM8/ChartInverse.lean:61:27: This simp argument is unused:
  WithLp.equiv_symm_apply

Hint: Omit it from the simp argument list.
  [apply] simp only [tangentCoordinateInverse, tangentVector, Matrix.cons_val_zero, Matrix.cons_val_one, Prod.fst]

Note: This linter can be disabled with `set_option linter.unusedSimpArgs false`
warning: Tammes15/Vendor/EM8/ChartInverse.lean:61:52: This simp argument is unused:
  Prod.fst

Hint: Omit it from the simp argument list.
  [apply] simp only [tangentCoordinateInverse, tangentVector, Matrix.cons_val_zero, Matrix.cons_val_one,
    WithLp.equiv_symm_apply]

Note: This linter can be disabled with `set_option linter.unusedSimpArgs false`
warning: Tammes15/Vendor/EM8/ChartInverse.lean:66:27: This simp argument is unused:
  WithLp.equiv_symm_apply

Hint: Omit it from the simp argument list.
  [apply] simp only [tangentCoordinateInverse, tangentVector, Matrix.cons_val_zero, Matrix.cons_val_one, Prod.snd]

Note: This linter can be disabled with `set_option linter.unusedSimpArgs false`
warning: Tammes15/Vendor/EM8/ChartInverse.lean:66:52: This simp argument is unused:
  Prod.snd

Hint: Omit it from the simp argument list.
  [apply] simp only [tangentCoordinateInverse, tangentVector, Matrix.cons_val_zero, Matrix.cons_val_one,
    WithLp.equiv_symm_apply]

Note: This linter can be disabled with `set_option linter.unusedSimpArgs false`
ℹ [9007/9176] Built Tammes15.Rattlers.NorPoly (33s)
info: Tammes15/Rattlers/NorPoly.lean:116:46: Try this:
  [apply] ring_nf
  
  The `ring` tactic failed to close the goal. Use `ring_nf` to obtain a normal form.
    
  Note that `ring` works primarily in *commutative* rings. If you have a noncommutative ring, abelian group or module, consider using `noncomm_ring`, `abel` or `module` instead.
info: Tammes15/Rattlers/NorPoly.lean:138:8: Try this:
  [apply] ring_nf
  
  The `ring` tactic failed to close the goal. Use `ring_nf` to obtain a normal form.
    
  Note that `ring` works primarily in *commutative* rings. If you have a noncommutative ring, abelian group or module, consider using `noncomm_ring`, `abel` or `module` instead.
⚠ [9008/9176] Built Tammes15.Vendor.EM8.LocalRotations (6.6s)
warning: Tammes15/Vendor/EM8/LocalRotations.lean:34:32: This simp argument is unused:
  hab

Hint: Omit it from the simp argument list.
  [apply] simp [lineReflection_apply, hb]

Note: This linter can be disabled with `set_option linter.unusedSimpArgs false`
⚠ [9009/9176] Built Tammes15.Vendor.EM8.PackingEndgame (5.2s)
warning: Tammes15/Vendor/EM8/PackingEndgame.lean:15:45: Used `tac1 <;> tac2` where `(tac1; tac2)` would suffice

Note: This linter can be disabled with `set_option linter.unnecessarySeqFocus false`
warning: Tammes15/Vendor/EM8/PackingEndgame.lean:15:57: Used `tac1 <;> tac2` where `(tac1; tac2)` would suffice

Note: This linter can be disabled with `set_option linter.unnecessarySeqFocus false`
✔ [9010/9176] Built Tammes15.Vendor.EM8.PackingMaximum (8.6s)
✔ [9011/9176] Built Tammes15.Geom.Crofton (8.3s)
✔ [9012/9176] Built Tammes15.Vendor.EM8.ExteriorTriangle (17s)
⚠ [9013/9176] Built Tammes15.Hyps.Transport (7.0s)
warning: Tammes15/Hyps/Transport.lean:412:0: automatically included section variable(s) unused in theorem `Tammes15.iso_degree`:
  [DecidableEq V]
  [DecidableEq V']
consider restructuring your `variable` declarations so that the variables are not in scope or explicitly omit them:
  omit [DecidableEq V] [DecidableEq V'] in theorem ...

Note: This linter can be disabled with `set_option linter.unusedSectionVars false`
warning: Tammes15/Hyps/Transport.lean:415:0: automatically included section variable(s) unused in theorem `Tammes15.iso_kConnected`:
  [DecidableEq V]
  [DecidableEq V']
consider restructuring your `variable` declarations so that the variables are not in scope or explicitly omit them:
  omit [DecidableEq V] [DecidableEq V'] in theorem ...

Note: This linter can be disabled with `set_option linter.unusedSectionVars false`
warning: Tammes15/Hyps/Transport.lean:698:43: try 'simp' instead of 'simpa'

Note: This linter can be disabled with `set_option linter.unnecessarySimpa false`
warning: Tammes15/Hyps/Transport.lean:795:8: try 'simp' instead of 'simpa'

Note: This linter can be disabled with `set_option linter.unnecessarySimpa false`
✔ [9014/9176] Built Tammes15.Draw.Realise (3.6s)
✔ [9015/9176] Built Tammes15.Draw.Shift (4.1s)
ℹ [9016/9176] Built Tammes15.Fans.Realise (6.4s)
info: Tammes15/Fans/Realise.lean:333:32: Try this:
  [apply] ring_nf
  
  The `ring` tactic failed to close the goal. Use `ring_nf` to obtain a normal form.
    
  Note that `ring` works primarily in *commutative* rings. If you have a noncommutative ring, abelian group or module, consider using `noncomm_ring`, `abel` or `module` instead.
⚠ [9018/9176] Built Tammes15.Glue.Reconstruct (8.7s)
warning: Tammes15/Glue/Reconstruct.lean:36:41: This simp argument is unused:
  e2

Hint: Omit it from the simp argument list.
  [apply] simp [rmat, e1, e3, Matrix.toEuclideanLin, Matrix.toLpLin_apply, Matrix.mulVec, dotProduct,
    Fin.sum_univ_three]

Note: This linter can be disabled with `set_option linter.unusedSimpArgs false`
warning: Tammes15/Glue/Reconstruct.lean:36:45: This simp argument is unused:
  e3

Hint: Omit it from the simp argument list.
  [apply] simp [rmat, e1, e2, Matrix.toEuclideanLin, Matrix.toLpLin_apply, Matrix.mulVec, dotProduct,
    Fin.sum_univ_three]

Note: This linter can be disabled with `set_option linter.unusedSimpArgs false`
warning: Tammes15/Glue/Reconstruct.lean:36:94: This simp argument is unused:
  Matrix.mulVec

Hint: Omit it from the simp argument list.
  [apply] simp [rmat, e1, e2, e3, Matrix.toEuclideanLin, Matrix.toLpLin_apply, dotProduct, Fin.sum_univ_three]

Note: This linter can be disabled with `set_option linter.unusedSimpArgs false`
warning: Tammes15/Glue/Reconstruct.lean:36:109: This simp argument is unused:
  dotProduct

Hint: Omit it from the simp argument list.
  [apply] simp [rmat, e1, e2, e3, Matrix.toEuclideanLin, Matrix.toLpLin_apply, Matrix.mulVec, Fin.sum_univ_three]

Note: This linter can be disabled with `set_option linter.unusedSimpArgs false`
warning: Tammes15/Glue/Reconstruct.lean:36:121: This simp argument is unused:
  Fin.sum_univ_three

Hint: Omit it from the simp argument list.
  [apply] simp [rmat, e1, e2, e3, Matrix.toEuclideanLin, Matrix.toLpLin_apply, Matrix.mulVec, dotProduct]

Note: This linter can be disabled with `set_option linter.unusedSimpArgs false`
warning: Tammes15/Glue/Reconstruct.lean:65:8: This simp argument is unused:
  Matrix.star_eq_conjTranspose

Hint: Omit it from the simp argument list.
  [apply] simp [rmat, cross, cross_apply, Matrix.mul_apply, Fin.sum_univ_three]

Note: This linter can be disabled with `set_option linter.unusedSimpArgs false`
warning: Tammes15/Glue/Reconstruct.lean:118:55: This simp argument is unused:
  Matrix.mulVec

Hint: Omit it from the simp argument list.
  [apply] simp [Matrix.toEuclideanLin, Matrix.toLpLin_apply, dotProduct, Pi.single_apply]

Note: This linter can be disabled with `set_option linter.unusedSimpArgs false`
warning: Tammes15/Glue/Reconstruct.lean:118:70: This simp argument is unused:
  dotProduct

Hint: Omit it from the simp argument list.
  [apply] simp [Matrix.toEuclideanLin, Matrix.toLpLin_apply, Matrix.mulVec, Pi.single_apply]

Note: This linter can be disabled with `set_option linter.unusedSimpArgs false`
warning: Tammes15/Glue/Reconstruct.lean:118:82: This simp argument is unused:
  Pi.single_apply

Hint: Omit it from the simp argument list.
  [apply] simp [Matrix.toEuclideanLin, Matrix.toLpLin_apply, Matrix.mulVec, dotProduct]

Note: This linter can be disabled with `set_option linter.unusedSimpArgs false`
warning: Tammes15/Glue/Reconstruct.lean:186:36: This simp argument is unused:
  Matrix.mul_apply

Hint: Omit it from the simp argument list.
  [apply] simp [rotZ, rotY, e1, e2, e3, Matrix.toEuclideanLin, Matrix.toLpLin_apply, Matrix.mulVec, dotProduct,
    Fin.sum_univ_three, Pi.single_apply]

Note: This linter can be disabled with `set_option linter.unusedSimpArgs false`
warning: Tammes15/Glue/Reconstruct.lean:186:54: This simp argument is unused:
  Pi.single_apply

Hint: Omit it from the simp argument list.
  [apply] simp [rotZ, rotY, e1, e2, e3, Matrix.toEuclideanLin, Matrix.toLpLin_apply, Matrix.mulVec, dotProduct,
    Fin.sum_univ_three, Matrix.mul_apply]

Note: This linter can be disabled with `set_option linter.unusedSimpArgs false`
warning: Tammes15/Glue/Reconstruct.lean:294:4: try 'simp' instead of 'simpa'

Note: This linter can be disabled with `set_option linter.unnecessarySimpa false`
warning: Tammes15/Glue/Reconstruct.lean:298:4: try 'simp' instead of 'simpa'

Note: This linter can be disabled with `set_option linter.unnecessarySimpa false`
✔ [9020/9176] Built Tammes15.Trigrows.Realise (5.2s)
ℹ [9022/9176] Built Tammes15.Geom.Nor (16s)
info: Tammes15/Geom/Nor.lean:122:49: Try this:
  [apply] ring_nf
  
  The `ring` tactic failed to close the goal. Use `ring_nf` to obtain a normal form.
    
  Note that `ring` works primarily in *commutative* rings. If you have a noncommutative ring, abelian group or module, consider using `noncomm_ring`, `abel` or `module` instead.
✔ [9023/9176] Built Tammes15.Vendor.EM8.ContactSeparation (3.8s)
⚠ [9024/9176] Built Tammes15.Vendor.EM8.ArcEmbedding (8.1s)
warning: Tammes15/Vendor/EM8/ArcEmbedding.lean:79:26: Variable name `hij` is not explicitly referenced.

Hint: The binding can be removed (if unused) or named `_` (if used implicitly). Alternatively, prefix the name with `_` to silence this warning:
  [apply] _hij

Note: This linter can be disabled with `set_option linter.unusedVariables false`
✔ [9025/9176] Built Tammes15.Vendor.EM8.SphericalMetric (3.9s)
✔ [9026/9176] Built Tammes15.Vendor.EM8.SliceTarget (11s)
ℹ [9027/9176] Built Tammes15.TwoConn.Hull (31s)
info: Tammes15/TwoConn/Hull.lean:705:60: Try this:
  [apply] ring_nf
  
  The `ring` tactic failed to close the goal. Use `ring_nf` to obtain a normal form.
    
  Note that `ring` works primarily in *commutative* rings. If you have a noncommutative ring, abelian group or module, consider using `noncomm_ring`, `abel` or `module` instead.
info: Tammes15/TwoConn/Hull.lean:708:73: Try this:
  [apply] ring_nf
  
  The `ring` tactic failed to close the goal. Use `ring_nf` to obtain a normal form.
    
  Note that `ring` works primarily in *commutative* rings. If you have a noncommutative ring, abelian group or module, consider using `noncomm_ring`, `abel` or `module` instead.
✔ [9028/9176] Built Tammes15.Rattlers.HexPoly (21s)
✔ [9029/9176] Built Tammes15.Geom.Cover (36s)
✔ [9030/9176] Built Tammes15.Vendor.EM8.RhombusConcavity (4.5s)
✔ [9031/9176] Built Tammes15.Draw.Minimal (4.7s)
✔ [9032/9176] Built Tammes15.Geom.T8 (5.7s)
✔ [9033/9176] Built Tammes15.Vendor.EM8.ContactComponents (4.1s)
✔ [9034/9176] Built Tammes15.Vendor.EM8.CirclePhase (3.9s)
✔ [9035/9176] Built Tammes15.Vendor.EM8.SphericalStrictMetric (4.9s)
✔ [9036/9176] Built Tammes15.Vendor.EM8.SliceAlignment (5.8s)
✔ [9037/9176] Built Tammes15.TwoConn.Facets (5.3s)
⚠ [9038/9176] Built Tammes15.Vendor.EM8.RhombusScalar (6.8s)
warning: Tammes15/Vendor/EM8/RhombusScalar.lean:49:45: Used `tac1 <;> tac2` where `(tac1; tac2)` would suffice

Note: This linter can be disabled with `set_option linter.unnecessarySeqFocus false`
warning: Tammes15/Vendor/EM8/RhombusScalar.lean:49:57: Used `tac1 <;> tac2` where `(tac1; tac2)` would suffice

Note: This linter can be disabled with `set_option linter.unnecessarySeqFocus false`
warning: Tammes15/Vendor/EM8/RhombusScalar.lean:51:45: Used `tac1 <;> tac2` where `(tac1; tac2)` would suffice

Note: This linter can be disabled with `set_option linter.unnecessarySeqFocus false`
warning: Tammes15/Vendor/EM8/RhombusScalar.lean:51:57: Used `tac1 <;> tac2` where `(tac1; tac2)` would suffice

Note: This linter can be disabled with `set_option linter.unnecessarySeqFocus false`
⚠ [9039/9176] Built Tammes15.Vendor.EM8.ComponentHemisphere (5.8s)
warning: Tammes15/Vendor/EM8/ComponentHemisphere.lean:22:2: `push_neg` has been deprecated. Prefer using `push Not` instead.
If you'd rather continue using `push_neg` in your project, you can implement it as follows:
```
open Lean.Parser.Tactic in
macro "push_neg" cfg:optConfig loc:(location)? : tactic =>
  `(tactic| push $cfg:optConfig Not $[$loc]?)
```
⚠ [9040/9176] Built Tammes15.Vendor.EM8.CircleOrder (4.0s)
warning: Tammes15/Vendor/EM8/CircleOrder.lean:33:27: `if_neg` has been deprecated: Use `ite_eq_right` instead
warning: Tammes15/Vendor/EM8/CircleOrder.lean:35:27: `if_neg` has been deprecated: Use `ite_eq_right` instead
warning: Tammes15/Vendor/EM8/CircleOrder.lean:69:26: `if_neg` has been deprecated: Use `ite_eq_right` instead
warning: Tammes15/Vendor/EM8/CircleOrder.lean:79:29: `if_neg` has been deprecated: Use `ite_eq_right` instead
✔ [9041/9176] Built Tammes15.Rattlers.HexChord (13s)
⚠ [9043/9176] Built Tammes15.Vendor.EM8.CrossAlgebra (4.0s)
warning: Tammes15/Vendor/EM8/CrossAlgebra.lean:51:37: This simp argument is unused:
  Real.norm_eq_abs

Hint: Omit it from the simp argument list.
  [apply] simp [sphereEdgeNormal, norm_smul, abs_of_pos (inv_pos.mpr hp), hp.ne']

Note: This linter can be disabled with `set_option linter.unusedSimpArgs false`
warning: Tammes15/Vendor/EM8/CrossAlgebra.lean:51:55: This simp argument is unused:
  abs_of_pos (inv_pos.mpr hp)

Hint: Omit it from the simp argument list.
  [apply] simp [sphereEdgeNormal, norm_smul, Real.norm_eq_abs, hp.ne']

Note: This linter can be disabled with `set_option linter.unusedSimpArgs false`
✔ [9044/9176] Built Tammes15.Vendor.EM8.SliceCovering (4.7s)
⚠ [9045/9176] Built Tammes15.Vendor.EM8.CircleGapInterior (3.7s)
warning: Tammes15/Vendor/EM8/CircleGapInterior.lean:61:82: `if_pos` has been deprecated: Use `ite_eq_left` instead
warning: Tammes15/Vendor/EM8/CircleGapInterior.lean:63:26: `if_neg` has been deprecated: Use `ite_eq_right` instead
warning: Tammes15/Vendor/EM8/CircleGapInterior.lean:66:43: `if_pos` has been deprecated: Use `ite_eq_left` instead
warning: Tammes15/Vendor/EM8/CircleGapInterior.lean:71:29: `if_neg` has been deprecated: Use `ite_eq_right` instead
warning: Tammes15/Vendor/EM8/CircleGapInterior.lean:75:43: `if_neg` has been deprecated: Use `ite_eq_right` instead
warning: Tammes15/Vendor/EM8/CircleGapInterior.lean:95:82: `if_pos` has been deprecated: Use `ite_eq_left` instead
warning: Tammes15/Vendor/EM8/CircleGapInterior.lean:97:26: `if_neg` has been deprecated: Use `ite_eq_right` instead
warning: Tammes15/Vendor/EM8/CircleGapInterior.lean:100:43: `if_pos` has been deprecated: Use `ite_eq_left` instead
warning: Tammes15/Vendor/EM8/CircleGapInterior.lean:105:29: `if_neg` has been deprecated: Use `ite_eq_right` instead
warning: Tammes15/Vendor/EM8/CircleGapInterior.lean:109:43: `if_neg` has been deprecated: Use `ite_eq_right` instead
✔ [9046/9176] Built Tammes15.Vendor.EM8.WeakEulerArea (4.6s)
⚠ [9047/9176] Built Tammes15.Vendor.EM8.FiniteCycles (3.6s)
warning: Tammes15/Vendor/EM8/FiniteCycles.lean:46:27: `if_neg` has been deprecated: Use `ite_eq_right` instead
✔ [9048/9176] Built Tammes15.Vendor.EM8.SphericalTriangle (7.8s)
✔ [9049/9176] Built Tammes15.Geom.Qpoly (13s)
✔ [9050/9176] Built Tammes15.Vendor.EM8.OrbitClosure (3.8s)
⚠ [9051/9176] Built Tammes15.Vendor.EM8.SphericalCone (14s)
warning: Tammes15/Vendor/EM8/SphericalCone.lean:56:2: `push_neg` has been deprecated. Prefer using `push Not` instead.
If you'd rather continue using `push_neg` in your project, you can implement it as follows:
```
open Lean.Parser.Tactic in
macro "push_neg" cfg:optConfig loc:(location)? : tactic =>
  `(tactic| push $cfg:optConfig Not $[$loc]?)
```
✔ [9052/9176] Built Tammes15.Vendor.EM8.PermutationPartition (3.6s)
✔ [9053/9176] Built Tammes15.Vendor.EM8.ContactAngles (4.9s)
✔ [9054/9176] Built Tammes15.Vendor.EM8.CrossRotations (5.2s)
⚠ [9055/9176] Built Tammes15.Vendor.EM8.SphericalPolygon (4.9s)
warning: Tammes15/Vendor/EM8/SphericalPolygon.lean:26:25: `if_neg` has been deprecated: Use `ite_eq_right` instead
✔ [9056/9176] Built Tammes15.Vendor.EM8.PermutationFixedSpace (5.4s)
✔ [9057/9176] Built Tammes15.Geom.Onehex (6.4s)
✔ [9058/9176] Built Tammes15.Vendor.EM8.RhombusGram (5.1s)
✔ [9059/9176] Built Tammes15.Vendor.EM8.TangentCircle (5.9s)
✔ [9060/9176] Built Tammes15.Geom.Hexagons (4.8s)
✔ [9062/9176] Built Tammes15.TwoConn.Euler (5.9s)
✔ [9063/9176] Built Tammes15.Vendor.EM8.OrthonormalFrame (4.3s)
⚠ [9064/9176] Built Tammes15.Vendor.EM8.RhombusOrientation (5.0s)
warning: Tammes15/Vendor/EM8/RhombusOrientation.lean:24:32: This simp argument is unused:
  ha

Hint: Omit it from the simp argument list.
  [apply] simp only [cross_cross_cyclic, inner_smul_left, inner_smul_right, starRingEnd_apply, star_trivial,
    cross_inner_cross, real_inner_self_eq_norm_sq, hb, hd, one_pow, hab, hbd, hba, hdb, hda] at h

Note: This linter can be disabled with `set_option linter.unusedSimpArgs false`
warning: Tammes15/Vendor/EM8/RhombusOrientation.lean:24:40: This simp argument is unused:
  hd

Hint: Omit it from the simp argument list.
  [apply] simp only [cross_cross_cyclic, inner_smul_left, inner_smul_right, starRingEnd_apply, star_trivial,
    cross_inner_cross, real_inner_self_eq_norm_sq, ha, hb, one_pow, hab, hbd, hba, hdb, hda] at h

Note: This linter can be disabled with `set_option linter.unusedSimpArgs false`
⚠ [9065/9176] Built Tammes15.Vendor.EM8.RhombusRelation (7.6s)
warning: Tammes15/Vendor/EM8/RhombusRelation.lean:11:42: Variable name `hc` is not explicitly referenced.

Hint: The binding can be removed (if unused) or named `_` (if used implicitly). Alternatively, prefix the name with `_` to silence this warning:
  [apply] _hc

Note: This linter can be disabled with `set_option linter.unusedVariables false`
✔ [9066/9176] Built Tammes15.Vendor.EM8.ContactOrder (4.1s)
⚠ [9067/9176] Built Tammes15.Vendor.EM8.TangentAngles (4.2s)
warning: Tammes15/Vendor/EM8/TangentAngles.lean:59:29: Variable name `hpw` is not explicitly referenced.

Hint: The binding can be removed (if unused) or named `_` (if used implicitly). Alternatively, prefix the name with `_` to silence this warning:
  [apply] _hpw

Note: This linter can be disabled with `set_option linter.unusedVariables false`
⚠ [9068/9176] Built Tammes15.Vendor.EM8.RotationSystem (3.9s)
warning: Tammes15/Vendor/EM8/RotationSystem.lean:61:6: `dif_pos` has been deprecated: Use `dite_eq_left` instead
warning: Tammes15/Vendor/EM8/RotationSystem.lean:73:6: `dif_pos` has been deprecated: Use `dite_eq_left` instead
✔ [9069/9176] Built Tammes15.Vendor.EM8.RhombusBounds (4.4s)
⚠ [9070/9176] Built Tammes15.Vendor.EM8.TangentWedge (4.2s)
warning: Tammes15/Vendor/EM8/TangentWedge.lean:24:27: `if_pos` has been deprecated: Use `ite_eq_left` instead
⚠ [9071/9176] Built Tammes15.Vendor.EM8.ContactSectorCover (3.8s)
warning: Tammes15/Vendor/EM8/ContactSectorCover.lean:31:27: `if_neg` has been deprecated: Use `ite_eq_right` instead
warning: Tammes15/Vendor/EM8/ContactSectorCover.lean:99:6: `dif_pos` has been deprecated: Use `dite_eq_left` instead
⚠ [9072/9176] Built Tammes15.Vendor.EM8.ContactRotationInvariants (3.9s)
warning: Tammes15/Vendor/EM8/ContactRotationInvariants.lean:24:29: `if_neg` has been deprecated: Use `ite_eq_right` instead
warning: Tammes15/Vendor/EM8/ContactRotationInvariants.lean:52:31: `dif_pos` has been deprecated: Use `dite_eq_left` instead
⚠ [9073/9176] Built Tammes15.Vendor.EM8.ContactBoundary (3.7s)
warning: Tammes15/Vendor/EM8/ContactBoundary.lean:58:12: This simp argument is unused:
  Fin.val_add_one

Hint: Omit it from the simp argument list.
  [apply] simp [Fin.ext_iff, hzero]

Note: This linter can be disabled with `set_option linter.unusedSimpArgs false`
warning: Tammes15/Vendor/EM8/ContactBoundary.lean:58:29: This simp argument is unused:
  Fin.ext_iff

Hint: Omit it from the simp argument list.
  [apply] simp [Fin.val_add_one, hzero]

Note: This linter can be disabled with `set_option linter.unusedSimpArgs false`
✔ [9074/9176] Built Tammes15.Vendor.EM8.RhombusFace (4.2s)
✔ [9075/9176] Built Tammes15.Vendor.EM8.RegularSquare (5.6s)
⚠ [9076/9176] Built Tammes15.Vendor.EM8.ContactSector (4.3s)
warning: Tammes15/Vendor/EM8/ContactSector.lean:59:6: `dif_pos` has been deprecated: Use `dite_eq_left` instead
✔ [9077/9176] Built Tammes15.Vendor.EM8.SphericalFan (3.7s)
✔ [9078/9176] Built Tammes15.Vendor.EM8.EqualityReconstruction (4.1s)
✔ [9079/9176] Built Tammes15.Vendor.EM8.ContactTilingData (5.5s)
✔ [9080/9176] Built Tammes15.Vendor.EM8.PolygonExcess (4.5s)
✔ [9081/9176] Built Tammes15.Vendor.EM8.ContactTilingRigidity (3.6s)
✔ [9082/9176] Built Tammes15.Vendor.EM8.BoundaryPolygons (3.9s)
✔ [9083/9176] Built Tammes15.TwoConn.Excess (4.4s)
✔ [9084/9176] Built Tammes15.FaceChain.Basic (3.6s)
✔ [9085/9176] Built Tammes15.Vendor.EM8.GlobalPackingAssembly (3.6s)
✔ [9086/9176] Built Tammes15.Vendor.EM8.ContactFaceRegions (3.8s)
✔ [9087/9176] Built Tammes15.Vendor.EM8.BoundaryPartition (3.9s)
✔ [9088/9176] Built Tammes15.Vendor.EM8.ContactChainConvexity (7.1s)
✔ [9089/9176] Built Tammes15.FaceChain.Sizes (7.7s)
✔ [9090/9176] Built Tammes15.TwoConn.Blocks (8.2s)
✔ [9091/9176] Built Tammes15.Vendor.EM8.VoronoiRegions (5.1s)
⚠ [9092/9176] Built Tammes15.FaceChain.ThreeConn (8.4s)
warning: Tammes15/FaceChain/ThreeConn.lean:721:61: Try `simp at this` instead of `simpa using this`

Note: This linter can be disabled with `set_option linter.unnecessarySimpa false`
warning: Tammes15/FaceChain/ThreeConn.lean:723:61: Try `simp at this` instead of `simpa using this`

Note: This linter can be disabled with `set_option linter.unnecessarySimpa false`
warning: Tammes15/FaceChain/ThreeConn.lean:690:57: Variable name `huv` is not explicitly referenced.

Hint: The binding can be removed (if unused) or named `_` (if used implicitly). Alternatively, prefix the name with `_` to silence this warning:
  [apply] _huv

Note: This linter can be disabled with `set_option linter.unusedVariables false`
warning: Tammes15/FaceChain/ThreeConn.lean:840:34: try 'simp' instead of 'simpa'

Note: This linter can be disabled with `set_option linter.unnecessarySimpa false`
warning: Tammes15/FaceChain/ThreeConn.lean:841:34: try 'simp' instead of 'simpa'

Note: This linter can be disabled with `set_option linter.unnecessarySimpa false`
✔ [9093/9176] Built Tammes15.Vendor.EM8.BoundaryReindex (3.7s)
✔ [9094/9176] Built Tammes15.Vendor.EM8.ShortBoundaryCycles (3.6s)
✔ [9095/9176] Built Tammes15.FejesToth.Triangle (25s)
⚠ [9096/9176] Built Tammes15.Vendor.EM8.WeakBoundarySupport (7.6s)
warning: Tammes15/Vendor/EM8/WeakBoundarySupport.lean:31:6: Used `tac1 <;> tac2` where `(tac1; tac2)` would suffice

Note: This linter can be disabled with `set_option linter.unnecessarySeqFocus false`
✔ [9097/9176] Built Tammes15.TwoConn.Regions (5.9s)
⚠ [9098/9176] Built Tammes15.Vendor.EM8.EmptyContactSector (3.9s)
warning: Tammes15/Vendor/EM8/EmptyContactSector.lean:56:6: `dif_pos` has been deprecated: Use `dite_eq_left` instead
warning: Tammes15/Vendor/EM8/EmptyContactSector.lean:56:6: `dif_pos` has been deprecated: Use `dite_eq_left` instead
✔ [9099/9176] Built Tammes15.Vendor.EM8.BoundaryCoverage (3.8s)
✔ [9100/9176] Built Tammes15.FejesToth.Facets (4.0s)
✔ [9101/9176] Built Tammes15.Vendor.EM8.SphericalArcSupport (5.3s)
✔ [9102/9176] Built Tammes15.TwoConn.FanCones (4.8s)
✔ [9103/9176] Built Tammes15.Vendor.EM8.ContactQuadrilateral (4.0s)
✔ [9104/9176] Built Tammes15.Vendor.EM8.ContactEulerBound (4.6s)
✔ [9105/9176] Built Tammes15.FejesToth.Bound (4.4s)
✔ [9107/9176] Built Tammes15.Vendor.EM8.GreatCircleShortening (4.9s)
✔ [9108/9176] Built Tammes15.TwoConn.Winding (5.3s)
✔ [9109/9176] Built Tammes15.Vendor.EM8.BoundaryFaceArrays (5.4s)
✔ [9110/9176] Built Tammes15.Vendor.EM8.SphericalArcStability (5.1s)
✔ [9111/9176] Built Tammes15.Vendor.EM8.SupportedTiling (3.5s)
✔ [9112/9176] Built Tammes15.TwoConn.KConn (3.8s)
⚠ [9113/9176] Built Tammes15.Vendor.EM8.SphericalLocalConnectivity (3.8s)
warning: Tammes15/Vendor/EM8/SphericalLocalConnectivity.lean:40:2: Try `simp at h` instead of `simpa using h`

Note: This linter can be disabled with `set_option linter.unnecessarySimpa false`
✔ [9114/9176] Built Tammes15.TwoConn.Main (3.4s)
✔ [9115/9176] Built Tammes15.Vendor.EM8.BoundaryAdjacency (3.0s)
✔ [9116/9176] Built Tammes15.Vendor.EM8.FinitePatchChains (3.8s)
✔ [9117/9176] Built Tammes15.TwoConn.Contact (3.5s)
✔ [9119/9176] Built Tammes15.Vendor.EM8.BoundarySupportAssembly (3.5s)
✔ [9120/9176] Built Tammes15.Vendor.EM8.PatchChainMinimization (3.7s)
✔ [9121/9176] Built Tammes15.Vendor.EM8.CompactArcPatches (3.7s)
⚠ [9122/9176] Built Tammes15.Vendor.EM8.FiniteArcPatchCover (3.6s)
warning: Tammes15/Vendor/EM8/FiniteArcPatchCover.lean:23:2: Try this: 
  letI̵

The goal is a proposition, so `let` is preferred over `letI`.
The difference between `let` and `letI` is that `letI` inlines the value.
But this is not relevant for proofs because of proof irrelevance.

Note: This linter can be disabled with `set_option linter.style.haveILetI false`
✔ [9123/9176] Built Tammes15.Vendor.EM8.SphericalConvexPatches (3.8s)
✔ [9124/9176] Built Tammes15.Vendor.EM8.LocalSphericalModels (4.2s)
✔ [9125/9176] Built Tammes15.Vendor.EM8.AngularArcParametrization (4.1s)
✔ [9126/9176] Built Tammes15.Vendor.EM8.PatchChainSplicing (3.6s)
✔ [9127/9176] Built Tammes15.Vendor.EM8.GreatCircleCorners (4.1s)
⚠ [9128/9176] Built Tammes15.Vendor.EM8.ShortestChainCorners (3.9s)
warning: Tammes15/Vendor/EM8/ShortestChainCorners.lean:106:2: Used `tac1 <;> tac2` where `(tac1; tac2)` would suffice

Note: This linter can be disabled with `set_option linter.unnecessarySeqFocus false`
✔ [9129/9176] Built Tammes15.Vendor.EM8.ReducedPatchChains (3.6s)
✔ [9130/9176] Built Tammes15.Vendor.EM8.GreatCircleFrames (4.1s)
✔ [9131/9176] Built Tammes15.Vendor.EM8.ShortestChainGreatCircle (3.7s)
✔ [9132/9176] Built Tammes15.Vendor.EM8.GreatCircleTrace (3.8s)
⚠ [9133/9176] Built Tammes15.Vendor.EM8.TracePatchSubdivision (4.1s)
warning: Tammes15/Vendor/EM8/TracePatchSubdivision.lean:47:4: `push_neg` has been deprecated. Prefer using `push Not` instead.
If you'd rather continue using `push_neg` in your project, you can implement it as follows:
```
open Lean.Parser.Tactic in
macro "push_neg" cfg:optConfig loc:(location)? : tactic =>
  `(tactic| push $cfg:optConfig Not $[$loc]?)
```
✔ [9134/9176] Built Tammes15.Vendor.EM8.ShortArcPatchChains (4.1s)
⚠ [9135/9176] Built Tammes15.Vendor.EM8.InteriorChainShortening (4.6s)
warning: Tammes15/Vendor/EM8/InteriorChainShortening.lean:155:25: Used `tac1 <;> tac2` where `(tac1; tac2)` would suffice

Note: This linter can be disabled with `set_option linter.unnecessarySeqFocus false`
warning: Tammes15/Vendor/EM8/InteriorChainShortening.lean:155:37: Used `tac1 <;> tac2` where `(tac1; tac2)` would suffice

Note: This linter can be disabled with `set_option linter.unnecessarySeqFocus false`
⚠ [9136/9176] Built Tammes15.Vendor.EM8.SphericalRegionInterior (3.8s)
warning: Tammes15/Vendor/EM8/SphericalRegionInterior.lean:98:2: `push_neg` has been deprecated. Prefer using `push Not` instead.
If you'd rather continue using `push_neg` in your project, you can implement it as follows:
```
open Lean.Parser.Tactic in
macro "push_neg" cfg:optConfig loc:(location)? : tactic =>
  `(tactic| push $cfg:optConfig Not $[$loc]?)
```
⚠ [9137/9176] Built Tammes15.Vendor.EM8.GreatCircleInteriorPropagation (4.1s)
warning: Tammes15/Vendor/EM8/GreatCircleInteriorPropagation.lean:113:9: Variable name `x` is not explicitly referenced.

Hint: The binding can be removed (if unused) or named `_` (if used implicitly). Alternatively, prefix the name with `_` to silence this warning:
  [apply] _x

Note: This linter can be disabled with `set_option linter.unusedVariables false`
✔ [9138/9176] Built Tammes15.Vendor.EM8.LocalToGlobalArcConvexity (3.9s)
⚠ [9139/9176] Built Tammes15.Vendor.EM8.SphericalComplementRegions (3.0s)
warning: Tammes15/Vendor/EM8/SphericalComplementRegions.lean:43:27: This simp argument is unused:
  real_inner_self_eq_norm_sq

Hint: Omit it from the simp argument list.
  [apply] simp [inner_neg_right, hxunit] at hh

Note: This linter can be disabled with `set_option linter.unusedSimpArgs false`
✔ [9140/9176] Built Tammes15.Vendor.EM8.ContactGraphTrace (3.8s)
⚠ [9141/9176] Built Tammes15.Vendor.EM8.ContactArcLocalGeometry (3.9s)
warning: Tammes15/Vendor/EM8/ContactArcLocalGeometry.lean:39:43: This simp argument is unused:
  real_inner_self_eq_norm_sq

Hint: Omit it from the simp argument list.
  [apply] simp [inner_sub_left, inner_smul_left, hb, hba]

Note: This linter can be disabled with `set_option linter.unusedSimpArgs false`
warning: Tammes15/Vendor/EM8/ContactArcLocalGeometry.lean:42:43: This simp argument is unused:
  real_inner_self_eq_norm_sq

Hint: Omit it from the simp argument list.
  [apply] simp [inner_sub_left, inner_smul_left, ha, hba]

Note: This linter can be disabled with `set_option linter.unusedSimpArgs false`
✔ [9142/9176] Built Tammes15.Vendor.EM8.SolidAngleAlgebra (3.6s)
⚠ [9143/9176] Built Tammes15.Vendor.EM8.SolidAngleDerivative (6.6s)
warning: Tammes15/Vendor/EM8/SolidAngleDerivative.lean:43:19: This simp argument is unused:
  solidAngleDenom

Hint: Omit it from the simp argument list.
  [apply] simp only [inner_zero_left, add_zero, zero_add, Pi.add_apply]

Note: This linter can be disabled with `set_option linter.unusedSimpArgs false`
warning: Tammes15/Vendor/EM8/SolidAngleDerivative.lean:43:73: This simp argument is unused:
  Pi.add_apply

Hint: Omit it from the simp argument list.
  [apply] simp only [solidAngleDenom, inner_zero_left, add_zero, zero_add]

Note: This linter can be disabled with `set_option linter.unusedSimpArgs false`
⚠ [9144/9176] Built Tammes15.Vendor.EM8.SolidAngleDomain (5.4s)
warning: Tammes15/Vendor/EM8/SolidAngleDomain.lean:21:2: `push_neg` has been deprecated. Prefer using `push Not` instead.
If you'd rather continue using `push_neg` in your project, you can implement it as follows:
```
open Lean.Parser.Tactic in
macro "push_neg" cfg:optConfig loc:(location)? : tactic =>
  `(tactic| push $cfg:optConfig Not $[$loc]?)
```
warning: Tammes15/Vendor/EM8/SolidAngleDomain.lean:41:42: This simp argument is unused:
  real_inner_self_eq_norm_sq

Hint: Omit it from the simp argument list.
  [apply] simp [hx]

Note: This linter can be disabled with `set_option linter.unusedSimpArgs false`
✔ [9145/9176] Built Tammes15.Vendor.EM8.CycleSeparationValue (6.3s)
⚠ [9146/9176] Built Tammes15.Vendor.EM8.CycleEdgeSeparation (4.2s)
warning: Tammes15/Vendor/EM8/CycleEdgeSeparation.lean:41:19: `if_neg` has been deprecated: Use `ite_eq_right` instead
warning: Tammes15/Vendor/EM8/CycleEdgeSeparation.lean:41:45: `if_neg` has been deprecated: Use `ite_eq_right` instead
warning: Tammes15/Vendor/EM8/CycleEdgeSeparation.lean:45:19: `if_neg` has been deprecated: Use `ite_eq_right` instead
warning: Tammes15/Vendor/EM8/CycleEdgeSeparation.lean:45:45: `if_pos` has been deprecated: Use `ite_eq_left` instead
⚠ [9147/9176] Built Tammes15.Vendor.EM8.ContactSimpleCycles (3.9s)
warning: Tammes15/Vendor/EM8/ContactSimpleCycles.lean:55:42: `if_true` has been deprecated: Use `ite_true` instead
warning: Tammes15/Vendor/EM8/ContactSimpleCycles.lean:55:51: `if_false` has been deprecated: Use `ite_false` instead
warning: Tammes15/Vendor/EM8/ContactSimpleCycles.lean:57:42: `if_true` has been deprecated: Use `ite_true` instead
warning: Tammes15/Vendor/EM8/ContactSimpleCycles.lean:57:51: `if_false` has been deprecated: Use `ite_false` instead
warning: Tammes15/Vendor/EM8/ContactSimpleCycles.lean:59:42: `if_false` has been deprecated: Use `ite_false` instead
warning: Tammes15/Vendor/EM8/ContactSimpleCycles.lean:89:5: Variable name `hY` is not explicitly referenced.

Hint: The binding can be removed (if unused) or named `_` (if used implicitly). Alternatively, prefix the name with `_` to silence this warning:
  [apply] _hY

Note: This linter can be disabled with `set_option linter.unusedVariables false`
warning: Tammes15/Vendor/EM8/ContactSimpleCycles.lean:89:27: Variable name `hc` is not explicitly referenced.

Hint: The binding can be removed (if unused) or named `_` (if used implicitly). Alternatively, prefix the name with `_` to silence this warning:
  [apply] _hc

Note: This linter can be disabled with `set_option linter.unusedVariables false`
warning: Tammes15/Vendor/EM8/ContactSimpleCycles.lean:90:5: Variable name `hirr` is not explicitly referenced.

Hint: The binding can be removed (if unused) or named `_` (if used implicitly). Alternatively, prefix the name with `_` to silence this warning:
  [apply] _hirr

Note: This linter can be disabled with `set_option linter.unusedVariables false`
✔ [9148/9176] Built Tammes15.Vendor.EM8.ContactCycleEmbedding (3.6s)
✔ [9149/9176] Built Tammes15.Vendor.EM8.ContactEndpointGeometry (5.9s)
✔ [9150/9176] Built Tammes15.Vendor.EM8.SphericalCapPaths (4.0s)
✔ [9151/9176] Built Tammes15.Vendor.EM8.SphericalWedgePaths (3.8s)
✔ [9152/9176] Built Tammes15.Vendor.EM8.PuncturedSphericalCaps (4.3s)
✔ [9153/9176] Built Tammes15.Vendor.EM8.ComponentWedgeModel (3.7s)
✔ [9154/9176] Built Tammes15.Vendor.EM8.CycleVertexSeparation (4.1s)
✔ [9155/9176] Built Tammes15.Vendor.EM8.ContactLocalStars (3.6s)
✔ [9156/9176] Built Tammes15.Vendor.EM8.ContactSectorNeighborhoods (3.7s)
✔ [9157/9176] Built Tammes15.Vendor.EM8.ContactVertexFaceModel (3.9s)
✔ [9158/9176] Built Tammes15.Vendor.EM8.ContactEdgeFaceModel (3.9s)
⚠ [9159/9176] Built Tammes15.Vendor.EM8.ContactFaceLocalModels (3.6s)
warning: Tammes15/Vendor/EM8/ContactFaceLocalModels.lean:125:2: Try this: 
  letI̵

The goal is a proposition, so `let` is preferred over `letI`.
The difference between `let` and `letI` is that `letI` inlines the value.
But this is not relevant for proofs because of proof irrelevance.

Note: This linter can be disabled with `set_option linter.style.haveILetI false`
✔ [9160/9176] Built Tammes15.Vendor.EM8.FaceEdgePropagation (3.8s)
✔ [9161/9176] Built Tammes15.Vendor.EM8.FaceDartPropagation (3.9s)
✔ [9162/9176] Built Tammes15.Vendor.EM8.InitialSupportingFace (3.7s)
⚠ [9163/9176] Built Tammes15.Vendor.EM8.BoundaryFaceSupport (3.4s)
warning: Tammes15/Vendor/EM8/BoundaryFaceSupport.lean:34:14: This simp argument is unused:
  Fin.val_add

Hint: Omit it from the simp argument list.
  [apply] simp [Nat.mod_eq_of_lt hsize, Nat.mod_eq_of_lt (show j.val + 1 < C.size + 1 by omega)]

Note: This linter can be disabled with `set_option linter.unusedSimpArgs false`
warning: Tammes15/Vendor/EM8/BoundaryFaceSupport.lean:34:27: This simp argument is unused:
  Nat.mod_eq_of_lt hsize

Hint: Omit it from the simp argument list.
  [apply] simp [Fin.val_add, Nat.mod_eq_of_lt (show j.val + 1 < C.size + 1 by omega)]

Note: This linter can be disabled with `set_option linter.unusedSimpArgs false`
warning: Tammes15/Vendor/EM8/BoundaryFaceSupport.lean:35:10: This simp argument is unused:
  Nat.mod_eq_of_lt (show j.val + 1 < C.size + 1 by omega)

Hint: Omit it from the simp argument list.
  [apply] simp [Fin.val_add, Nat.mod_eq_of_lt hsize]

Note: This linter can be disabled with `set_option linter.unusedSimpArgs false`
✔ [9164/9176] Built Tammes15.Vendor.EM8.BestPacking (3.4s)
⚠ [9166/9176] Built Tammes15.FaceChain.Interfaces (5.2s)
warning: Tammes15/FaceChain/Interfaces.lean:166:53: try 'simp' instead of 'simpa'

Note: This linter can be disabled with `set_option linter.unnecessarySimpa false`
warning: Tammes15/FaceChain/Interfaces.lean:281:4: Try this: intro x h_eq
warning: Tammes15/FaceChain/Interfaces.lean:376:2: Try this: intro i hcontact
✔ [9167/9176] Built Tammes15.FaceChain.Contact (3.6s)
✔ [9169/9176] Built Tammes15.Draw.Iface (3.4s)
⚠ [9170/9176] Built Tammes15.Draw.Structure (3.6s)
warning: Tammes15/Draw/Structure.lean:86:2: Try this: 
  haveI̵

The goal is a proposition, so `have` is preferred over `haveI`.
The difference between `have` and `haveI` is that `haveI` inlines the value.
But this is not relevant for proofs because of proof irrelevance.

Note: This linter can be disabled with `set_option linter.style.haveILetI false`
✔ [9172/9176] Built Tammes15.Hyps.Interfaces (3.3s)
✔ [9173/9176] Built Tammes15.Hyps.Reduction (4.3s)
✔ [9175/9176] Built Tammes15.Solution (2.8s)
Build completed successfully (9176 jobs).

== lake build --no-build Statement
Trigrows
Local41
Rattlers
Glue
Fans
Draw
VendorEM8
Hyps
Geom
TwoConn
Numerics
FaceChain
FejesToth
Challenge
Solution
⚠ [8927/9176] Replayed Tammes15.Trigrows.Mono
info: Tammes15/Trigrows/Mono.lean:186:82: Try this:
  [apply] ring_nf
  
  The `ring` tactic failed to close the goal. Use `ring_nf` to obtain a normal form.
    
  Note that `ring` works primarily in *commutative* rings. If you have a noncommutative ring, abelian group or module, consider using `noncomm_ring`, `abel` or `module` instead.
info: Tammes15/Trigrows/Mono.lean:191:67: Try this:
  [apply] ring_nf
  
  The `ring` tactic failed to close the goal. Use `ring_nf` to obtain a normal form.
    
  Note that `ring` works primarily in *commutative* rings. If you have a noncommutative ring, abelian group or module, consider using `noncomm_ring`, `abel` or `module` instead.
info: Tammes15/Trigrows/Mono.lean:192:61: Try this:
  [apply] ring_nf
  
  The `ring` tactic failed to close the goal. Use `ring_nf` to obtain a normal form.
    
  Note that `ring` works primarily in *commutative* rings. If you have a noncommutative ring, abelian group or module, consider using `noncomm_ring`, `abel` or `module` instead.
info: Tammes15/Trigrows/Mono.lean:195:47: Try this:
  [apply] ring_nf
  
  The `ring` tactic failed to close the goal. Use `ring_nf` to obtain a normal form.
    
  Note that `ring` works primarily in *commutative* rings. If you have a noncommutative ring, abelian group or module, consider using `noncomm_ring`, `abel` or `module` instead.
warning: Tammes15/Trigrows/Mono.lean:868:39: Variable name `hab` is not explicitly referenced.

Hint: The binding can be removed (if unused) or named `_` (if used implicitly). Alternatively, prefix the name with `_` to silence this warning:
  [apply] _hab

Note: This linter can be disabled with `set_option linter.unusedVariables false`
ℹ [8928/9176] Replayed Tammes15.Trigrows.Rows
info: Tammes15/Trigrows/Rows.lean:374:55: Try this:
  [apply] ring_nf
  
  The `ring` tactic failed to close the goal. Use `ring_nf` to obtain a normal form.
    
  Note that `ring` works primarily in *commutative* rings. If you have a noncommutative ring, abelian group or module, consider using `noncomm_ring`, `abel` or `module` instead.
info: Tammes15/Trigrows/Rows.lean:386:8: Try this:
  [apply] ring_nf
  
  The `ring` tactic failed to close the goal. Use `ring_nf` to obtain a normal form.
    
  Note that `ring` works primarily in *commutative* rings. If you have a noncommutative ring, abelian group or module, consider using `noncomm_ring`, `abel` or `module` instead.
info: Tammes15/Trigrows/Rows.lean:387:47: Try this:
  [apply] ring_nf
  
  The `ring` tactic failed to close the goal. Use `ring_nf` to obtain a normal form.
    
  Note that `ring` works primarily in *commutative* rings. If you have a noncommutative ring, abelian group or module, consider using `noncomm_ring`, `abel` or `module` instead.
⚠ [8931/9176] Replayed Tammes15.Trigrows.Sdist
warning: Tammes15/Trigrows/Sdist.lean:273:2: `push_neg` has been deprecated. Prefer using `push Not` instead.
If you'd rather continue using `push_neg` in your project, you can implement it as follows:
```
open Lean.Parser.Tactic in
macro "push_neg" cfg:optConfig loc:(location)? : tactic =>
  `(tactic| push $cfg:optConfig Not $[$loc]?)
```
ℹ [8935/9176] Replayed Tammes15.Glue.Frames
info: Tammes15/Glue/Frames.lean:222:94: Try this:
  [apply] abel_nf
⚠ [8939/9176] Replayed Tammes15.Local41.Rotation
warning: Tammes15/Local41/Rotation.lean:57:4: try 'simp' instead of 'simpa'

Note: This linter can be disabled with `set_option linter.unnecessarySimpa false`
warning: Tammes15/Local41/Rotation.lean:100:6: try 'simp' instead of 'simpa'

Note: This linter can be disabled with `set_option linter.unnecessarySimpa false`
⚠ [8940/9176] Replayed Tammes15.Draw.Frame
warning: Tammes15/Draw/Frame.lean:43:10: try 'simp' instead of 'simpa'

Note: This linter can be disabled with `set_option linter.unnecessarySimpa false`
warning: Tammes15/Draw/Frame.lean:40:6: Try this: 
  haveI̵

The goal is a proposition, so `have` is preferred over `haveI`.
The difference between `have` and `haveI` is that `haveI` inlines the value.
But this is not relevant for proofs because of proof irrelevance.

Note: This linter can be disabled with `set_option linter.style.haveILetI false`
warning: Tammes15/Draw/Frame.lean:49:8: try 'simp' instead of 'simpa'

Note: This linter can be disabled with `set_option linter.unnecessarySimpa false`
warning: Tammes15/Draw/Frame.lean:125:4: try 'simp' instead of 'simpa'

Note: This linter can be disabled with `set_option linter.unnecessarySimpa false`
warning: Tammes15/Draw/Frame.lean:128:4: try 'simp' instead of 'simpa'

Note: This linter can be disabled with `set_option linter.unnecessarySimpa false`
warning: Tammes15/Draw/Frame.lean:233:15: This simp argument is unused:
  Finset.sum_mul

Hint: Omit it from the simp argument list.
  [apply] simp only [Finset.mul_sum, mul_comm, mul_left_comm, mul_assoc]

Note: This linter can be disabled with `set_option linter.unusedSimpArgs false`
warning: Tammes15/Draw/Frame.lean:233:72: This simp argument is unused:
  mul_assoc

Hint: Omit it from the simp argument list.
  [apply] simp only [Finset.sum_mul, Finset.mul_sum, mul_comm, mul_left_comm]

Note: This linter can be disabled with `set_option linter.unusedSimpArgs false`
warning: Tammes15/Draw/Frame.lean:544:57: Variable name `hz` is not explicitly referenced.

Hint: The binding can be removed (if unused) or named `_` (if used implicitly). Alternatively, prefix the name with `_` to silence this warning:
  [apply] _hz

Note: This linter can be disabled with `set_option linter.unusedVariables false`
⚠ [8942/9176] Replayed Tammes15.Fans.Corners
warning: Tammes15/Fans/Corners.lean:83:40: try 'simp' instead of 'simpa'

Note: This linter can be disabled with `set_option linter.unnecessarySimpa false`
warning: Tammes15/Fans/Corners.lean:90:40: try 'simp' instead of 'simpa'

Note: This linter can be disabled with `set_option linter.unnecessarySimpa false`
warning: Tammes15/Fans/Corners.lean:97:40: try 'simp' instead of 'simpa'

Note: This linter can be disabled with `set_option linter.unnecessarySimpa false`
warning: Tammes15/Fans/Corners.lean:104:40: try 'simp' instead of 'simpa'

Note: This linter can be disabled with `set_option linter.unnecessarySimpa false`
⚠ [8943/9176] Replayed Tammes15.Fans.Hexagon
warning: Tammes15/Fans/Hexagon.lean:40:40: try 'simp' instead of 'simpa'

Note: This linter can be disabled with `set_option linter.unnecessarySimpa false`
warning: Tammes15/Fans/Hexagon.lean:47:40: try 'simp' instead of 'simpa'

Note: This linter can be disabled with `set_option linter.unnecessarySimpa false`
warning: Tammes15/Fans/Hexagon.lean:54:40: try 'simp' instead of 'simpa'

Note: This linter can be disabled with `set_option linter.unnecessarySimpa false`
warning: Tammes15/Fans/Hexagon.lean:61:40: try 'simp' instead of 'simpa'

Note: This linter can be disabled with `set_option linter.unnecessarySimpa false`
⚠ [8944/9176] Replayed Tammes15.Draw.FaceWalk
warning: Tammes15/Draw/FaceWalk.lean:31:39: Variable name `hv` is not explicitly referenced.

Hint: The binding can be removed (if unused) or named `_` (if used implicitly). Alternatively, prefix the name with `_` to silence this warning:
  [apply] _hv

Note: This linter can be disabled with `set_option linter.unusedVariables false`
warning: Tammes15/Draw/FaceWalk.lean:106:6: try 'simp' instead of 'simpa'

Note: This linter can be disabled with `set_option linter.unnecessarySimpa false`
warning: Tammes15/Draw/FaceWalk.lean:113:8: try 'simp' instead of 'simpa'

Note: This linter can be disabled with `set_option linter.unnecessarySimpa false`
⚠ [8947/9176] Replayed Tammes15.Local41.Chain
warning: Tammes15/Local41/Chain.lean:96:37: Variable name `hp` is not explicitly referenced.

Hint: The binding can be removed (if unused) or named `_` (if used implicitly). Alternatively, prefix the name with `_` to silence this warning:
  [apply] _hp

Note: This linter can be disabled with `set_option linter.unusedVariables false`
warning: Tammes15/Local41/Chain.lean:96:52: Variable name `hq` is not explicitly referenced.

Hint: The binding can be removed (if unused) or named `_` (if used implicitly). Alternatively, prefix the name with `_` to silence this warning:
  [apply] _hq

Note: This linter can be disabled with `set_option linter.unusedVariables false`
warning: Tammes15/Local41/Chain.lean:96:67: Variable name `hx` is not explicitly referenced.

Hint: The binding can be removed (if unused) or named `_` (if used implicitly). Alternatively, prefix the name with `_` to silence this warning:
  [apply] _hx

Note: This linter can be disabled with `set_option linter.unusedVariables false`
warning: Tammes15/Local41/Chain.lean:96:82: Variable name `hy` is not explicitly referenced.

Hint: The binding can be removed (if unused) or named `_` (if used implicitly). Alternatively, prefix the name with `_` to silence this warning:
  [apply] _hy

Note: This linter can be disabled with `set_option linter.unusedVariables false`
⚠ [8949/9176] Replayed Tammes15.Rattlers.Basic
info: Tammes15/Rattlers/Basic.lean:59:50: Try this:
  [apply] ring_nf
  
  The `ring` tactic failed to close the goal. Use `ring_nf` to obtain a normal form.
    
  Note that `ring` works primarily in *commutative* rings. If you have a noncommutative ring, abelian group or module, consider using `noncomm_ring`, `abel` or `module` instead.
info: Tammes15/Rattlers/Basic.lean:62:38: Try this:
  [apply] ring_nf
  
  The `ring` tactic failed to close the goal. Use `ring_nf` to obtain a normal form.
    
  Note that `ring` works primarily in *commutative* rings. If you have a noncommutative ring, abelian group or module, consider using `noncomm_ring`, `abel` or `module` instead.
warning: Tammes15/Rattlers/Basic.lean:237:2: Try this: 
  haveI̵

The goal is a proposition, so `have` is preferred over `haveI`.
The difference between `have` and `haveI` is that `haveI` inlines the value.
But this is not relevant for proofs because of proof irrelevance.

Note: This linter can be disabled with `set_option linter.style.haveILetI false`
warning: Tammes15/Rattlers/Basic.lean:245:4: try 'simp' instead of 'simpa'

Note: This linter can be disabled with `set_option linter.unnecessarySimpa false`
⚠ [8950/9176] Replayed Tammes15.Rattlers.Hex
warning: Tammes15/Rattlers/Hex.lean:59:4: try 'simp' instead of 'simpa'

Note: This linter can be disabled with `set_option linter.unnecessarySimpa false`
ℹ [8951/9176] Replayed Tammes15.Rattlers.NorPoly
info: Tammes15/Rattlers/NorPoly.lean:116:46: Try this:
  [apply] ring_nf
  
  The `ring` tactic failed to close the goal. Use `ring_nf` to obtain a normal form.
    
  Note that `ring` works primarily in *commutative* rings. If you have a noncommutative ring, abelian group or module, consider using `noncomm_ring`, `abel` or `module` instead.
info: Tammes15/Rattlers/NorPoly.lean:138:8: Try this:
  [apply] ring_nf
  
  The `ring` tactic failed to close the goal. Use `ring_nf` to obtain a normal form.
    
  Note that `ring` works primarily in *commutative* rings. If you have a noncommutative ring, abelian group or module, consider using `noncomm_ring`, `abel` or `module` instead.
⚠ [8959/9176] Replayed Tammes15.Vendor.EM8.Definitions
warning: Tammes15/Vendor/EM8/Definitions.lean:81:40: `Set.mem_setOf_eq` has been deprecated: Use `Set.mem_ofPred_eq` instead
warning: Tammes15/Vendor/EM8/Definitions.lean:88:41: `Set.mem_setOf_eq` has been deprecated: Use `Set.mem_ofPred_eq` instead
warning: Tammes15/Vendor/EM8/Definitions.lean:82:53: This simp argument is unused:
  hra

Hint: Omit it from the simp argument list.
  [apply] simp [Fin.sum_univ_succ, r, h, Real.norm_eq_abs, hha]

Note: This linter can be disabled with `set_option linter.unusedSimpArgs false`
warning: Tammes15/Vendor/EM8/Definitions.lean:89:53: This simp argument is unused:
  hra

Hint: Omit it from the simp argument list.
  [apply] simp [Fin.sum_univ_succ, r, h, Real.norm_eq_abs, hha]

Note: This linter can be disabled with `set_option linter.unusedSimpArgs false`
warning: Tammes15/Vendor/EM8/Definitions.lean:113:4: try 'simp' instead of 'simpa'

Note: This linter can be disabled with `set_option linter.unnecessarySimpa false`
warning: Tammes15/Vendor/EM8/Definitions.lean:132:4: try 'simp' instead of 'simpa'

Note: This linter can be disabled with `set_option linter.unnecessarySimpa false`
warning: Tammes15/Vendor/EM8/Definitions.lean:131:56: This simp argument is unused:
  hr.ne'

Hint: Omit it from the simp argument list.
  [apply] simp [Real.cos_add, Real.sin_add, htwo, hthree] at hx hy ⊢

Note: This linter can be disabled with `set_option linter.unusedSimpArgs false`
warning: Tammes15/Vendor/EM8/Definitions.lean:147:2: Try this: 
  letI̵

The goal is a proposition, so `let` is preferred over `letI`.
The difference between `let` and `letI` is that `letI` inlines the value.
But this is not relevant for proofs because of proof irrelevance.

Note: This linter can be disabled with `set_option linter.style.haveILetI false`
⚠ [8960/9176] Replayed Tammes15.Vendor.EM8.Antiprism
warning: Tammes15/Vendor/EM8/Antiprism.lean:38:54: this tactic is never executed

Note: This linter can be disabled with `set_option linter.unreachableTactic false`
warning: Tammes15/Vendor/EM8/Antiprism.lean:38:54: Unused tactic linter: `ring` does nothing

Note: This linter can be disabled with `set_option linter.unusedTactic false`
warning: Tammes15/Vendor/EM8/Antiprism.lean:143:38: This simp argument is unused:
  hha

Hint: Omit it from the simp argument list.
  [apply] simp [Xc, norm_vec3_sub, r, h, hra, hs2]

Note: This linter can be disabled with `set_option linter.unusedSimpArgs false`
warning: Tammes15/Vendor/EM8/Antiprism.lean:143:43: This simp argument is unused:
  hs2

Hint: Omit it from the simp argument list.
  [apply] simp [Xc, norm_vec3_sub, r, h, hra, hha]

Note: This linter can be disabled with `set_option linter.unusedSimpArgs false`
⚠ [8961/9176] Replayed Tammes15.Vendor.EM8.Parameter
warning: Tammes15/Vendor/EM8/Parameter.lean:332:20: `dif_pos` has been deprecated: Use `dite_eq_left` instead
warning: Tammes15/Vendor/EM8/Parameter.lean:337:20: `dif_pos` has been deprecated: Use `dite_eq_left` instead
⚠ [8963/9176] Replayed Tammes15.Vendor.EM8.RankinBound
warning: Tammes15/Vendor/EM8/RankinBound.lean:99:17: `if_neg` has been deprecated: Use `ite_eq_right` instead
warning: Tammes15/Vendor/EM8/RankinBound.lean:117:2: `push_neg` has been deprecated. Prefer using `push Not` instead.
If you'd rather continue using `push_neg` in your project, you can implement it as follows:
```
open Lean.Parser.Tactic in
macro "push_neg" cfg:optConfig loc:(location)? : tactic =>
  `(tactic| push $cfg:optConfig Not $[$loc]?)
```
⚠ [8965/9176] Replayed Tammes15.Draw.Angular
warning: Tammes15/Draw/Angular.lean:116:15: This simp argument is unused:
  E

Hint: Omit it from the simp argument list.
  [apply] simp [f, Equiv.sigmaCongrRight_apply]

Note: This linter can be disabled with `set_option linter.unusedSimpArgs false`
warning: Tammes15/Draw/Angular.lean:184:4: try 'simp' instead of 'simpa'

Note: This linter can be disabled with `set_option linter.unnecessarySimpa false`
warning: Tammes15/Draw/Angular.lean:279:8: try 'simp' instead of 'simpa'

Note: This linter can be disabled with `set_option linter.unnecessarySimpa false`
warning: Tammes15/Draw/Angular.lean:319:31: try 'simp' instead of 'simpa'

Note: This linter can be disabled with `set_option linter.unnecessarySimpa false`
warning: Tammes15/Draw/Angular.lean:366:0: automatically included section variable(s) unused in theorem `Tammes15.distinctDirs_of_sep`:
  [Fintype V]
  [DecidableEq V]
consider restructuring your `variable` declarations so that the variables are not in scope or explicitly omit them:
  omit [Fintype V] [DecidableEq V] in theorem ...

Note: This linter can be disabled with `set_option linter.unusedSectionVars false`
⚠ [8966/9176] Replayed Tammes15.Glue.Reconstruct
warning: Tammes15/Glue/Reconstruct.lean:36:41: This simp argument is unused:
  e2

Hint: Omit it from the simp argument list.
  [apply] simp [rmat, e1, e3, Matrix.toEuclideanLin, Matrix.toLpLin_apply, Matrix.mulVec, dotProduct,
    Fin.sum_univ_three]

Note: This linter can be disabled with `set_option linter.unusedSimpArgs false`
warning: Tammes15/Glue/Reconstruct.lean:36:45: This simp argument is unused:
  e3

Hint: Omit it from the simp argument list.
  [apply] simp [rmat, e1, e2, Matrix.toEuclideanLin, Matrix.toLpLin_apply, Matrix.mulVec, dotProduct,
    Fin.sum_univ_three]

Note: This linter can be disabled with `set_option linter.unusedSimpArgs false`
warning: Tammes15/Glue/Reconstruct.lean:36:94: This simp argument is unused:
  Matrix.mulVec

Hint: Omit it from the simp argument list.
  [apply] simp [rmat, e1, e2, e3, Matrix.toEuclideanLin, Matrix.toLpLin_apply, dotProduct, Fin.sum_univ_three]

Note: This linter can be disabled with `set_option linter.unusedSimpArgs false`
warning: Tammes15/Glue/Reconstruct.lean:36:109: This simp argument is unused:
  dotProduct

Hint: Omit it from the simp argument list.
  [apply] simp [rmat, e1, e2, e3, Matrix.toEuclideanLin, Matrix.toLpLin_apply, Matrix.mulVec, Fin.sum_univ_three]

Note: This linter can be disabled with `set_option linter.unusedSimpArgs false`
warning: Tammes15/Glue/Reconstruct.lean:36:121: This simp argument is unused:
  Fin.sum_univ_three

Hint: Omit it from the simp argument list.
  [apply] simp [rmat, e1, e2, e3, Matrix.toEuclideanLin, Matrix.toLpLin_apply, Matrix.mulVec, dotProduct]

Note: This linter can be disabled with `set_option linter.unusedSimpArgs false`
warning: Tammes15/Glue/Reconstruct.lean:65:8: This simp argument is unused:
  Matrix.star_eq_conjTranspose

Hint: Omit it from the simp argument list.
  [apply] simp [rmat, cross, cross_apply, Matrix.mul_apply, Fin.sum_univ_three]

Note: This linter can be disabled with `set_option linter.unusedSimpArgs false`
warning: Tammes15/Glue/Reconstruct.lean:118:55: This simp argument is unused:
  Matrix.mulVec

Hint: Omit it from the simp argument list.
  [apply] simp [Matrix.toEuclideanLin, Matrix.toLpLin_apply, dotProduct, Pi.single_apply]

Note: This linter can be disabled with `set_option linter.unusedSimpArgs false`
warning: Tammes15/Glue/Reconstruct.lean:118:70: This simp argument is unused:
  dotProduct

Hint: Omit it from the simp argument list.
  [apply] simp [Matrix.toEuclideanLin, Matrix.toLpLin_apply, Matrix.mulVec, Pi.single_apply]

Note: This linter can be disabled with `set_option linter.unusedSimpArgs false`
warning: Tammes15/Glue/Reconstruct.lean:118:82: This simp argument is unused:
  Pi.single_apply

Hint: Omit it from the simp argument list.
  [apply] simp [Matrix.toEuclideanLin, Matrix.toLpLin_apply, Matrix.mulVec, dotProduct]

Note: This linter can be disabled with `set_option linter.unusedSimpArgs false`
warning: Tammes15/Glue/Reconstruct.lean:186:36: This simp argument is unused:
  Matrix.mul_apply

Hint: Omit it from the simp argument list.
  [apply] simp [rotZ, rotY, e1, e2, e3, Matrix.toEuclideanLin, Matrix.toLpLin_apply, Matrix.mulVec, dotProduct,
    Fin.sum_univ_three, Pi.single_apply]

Note: This linter can be disabled with `set_option linter.unusedSimpArgs false`
warning: Tammes15/Glue/Reconstruct.lean:186:54: This simp argument is unused:
  Pi.single_apply

Hint: Omit it from the simp argument list.
  [apply] simp [rotZ, rotY, e1, e2, e3, Matrix.toEuclideanLin, Matrix.toLpLin_apply, Matrix.mulVec, dotProduct,
    Fin.sum_univ_three, Matrix.mul_apply]

Note: This linter can be disabled with `set_option linter.unusedSimpArgs false`
warning: Tammes15/Glue/Reconstruct.lean:294:4: try 'simp' instead of 'simpa'

Note: This linter can be disabled with `set_option linter.unnecessarySimpa false`
warning: Tammes15/Glue/Reconstruct.lean:298:4: try 'simp' instead of 'simpa'

Note: This linter can be disabled with `set_option linter.unnecessarySimpa false`
ℹ [8969/9176] Replayed Tammes15.Fans.Realise
info: Tammes15/Fans/Realise.lean:333:32: Try this:
  [apply] ring_nf
  
  The `ring` tactic failed to close the goal. Use `ring_nf` to obtain a normal form.
    
  Note that `ring` works primarily in *commutative* rings. If you have a noncommutative ring, abelian group or module, consider using `noncomm_ring`, `abel` or `module` instead.
⚠ [8971/9176] Replayed Tammes15.Vendor.EM8.ContactGeometryGlobal
warning: Tammes15/Vendor/EM8/ContactGeometryGlobal.lean:26:21: This simp argument is unused:
  real_inner_self_eq_norm_sq

Hint: Omit it from the simp argument list.
  [apply] simp [hY]

Note: This linter can be disabled with `set_option linter.unusedSimpArgs false`
warning: Tammes15/Vendor/EM8/ContactGeometryGlobal.lean:53:8: This simp argument is unused:
  real_inner_self_eq_norm_sq

Hint: Omit it from the simp argument list.
  [apply] simp [ha, hb]

Note: This linter can be disabled with `set_option linter.unusedSimpArgs false`
warning: Tammes15/Vendor/EM8/ContactGeometryGlobal.lean:102:45: This simp argument is unused:
  real_inner_self_eq_norm_sq

Hint: Omit it from the simp argument list.
  [apply] simp [inner_smul_left, inner_smul_right, hqnorm, mul_comm]

Note: This linter can be disabled with `set_option linter.unusedSimpArgs false`
⚠ [8973/9176] Replayed Tammes15.Vendor.EM8.PackingPush
warning: Tammes15/Vendor/EM8/PackingPush.lean:23:25: This simp argument is unused:
  real_inner_self_eq_norm_sq

Hint: Omit it from the simp argument list.
  [apply] simp [horth', horth, hp, hv]

Note: This linter can be disabled with `set_option linter.unusedSimpArgs false`
⚠ [8975/9176] Replayed Tammes15.Vendor.EM8.ContactDirections
warning: Tammes15/Vendor/EM8/ContactDirections.lean:82:10: This simp argument is unused:
  real_inner_self_eq_norm_sq

Hint: Omit it from the simp argument list.
  [apply] simp [hp, hq]

Note: This linter can be disabled with `set_option linter.unusedSimpArgs false`
warning: Tammes15/Vendor/EM8/ContactDirections.lean:113:4: `push_neg` has been deprecated. Prefer using `push Not` instead.
If you'd rather continue using `push_neg` in your project, you can implement it as follows:
```
open Lean.Parser.Tactic in
macro "push_neg" cfg:optConfig loc:(location)? : tactic =>
  `(tactic| push $cfg:optConfig Not $[$loc]?)
```
⚠ [8978/9176] Replayed Tammes15.Vendor.EM8.CrossAlgebra
warning: Tammes15/Vendor/EM8/CrossAlgebra.lean:51:37: This simp argument is unused:
  Real.norm_eq_abs

Hint: Omit it from the simp argument list.
  [apply] simp [sphereEdgeNormal, norm_smul, abs_of_pos (inv_pos.mpr hp), hp.ne']

Note: This linter can be disabled with `set_option linter.unusedSimpArgs false`
warning: Tammes15/Vendor/EM8/CrossAlgebra.lean:51:55: This simp argument is unused:
  abs_of_pos (inv_pos.mpr hp)

Hint: Omit it from the simp argument list.
  [apply] simp [sphereEdgeNormal, norm_smul, Real.norm_eq_abs, hp.ne']

Note: This linter can be disabled with `set_option linter.unusedSimpArgs false`
⚠ [8980/9176] Replayed Tammes15.Vendor.EM8.SphericalPolygon
warning: Tammes15/Vendor/EM8/SphericalPolygon.lean:26:25: `if_neg` has been deprecated: Use `ite_eq_right` instead
⚠ [8983/9176] Replayed Tammes15.Vendor.EM8.PackingEndgame
warning: Tammes15/Vendor/EM8/PackingEndgame.lean:15:45: Used `tac1 <;> tac2` where `(tac1; tac2)` would suffice

Note: This linter can be disabled with `set_option linter.unnecessarySeqFocus false`
warning: Tammes15/Vendor/EM8/PackingEndgame.lean:15:57: Used `tac1 <;> tac2` where `(tac1; tac2)` would suffice

Note: This linter can be disabled with `set_option linter.unnecessarySeqFocus false`
⚠ [8985/9176] Replayed Tammes15.Vendor.EM8.VertexConcavity
warning: Tammes15/Vendor/EM8/VertexConcavity.lean:71:56: `if_pos` has been deprecated: Use `ite_eq_left` instead
warning: Tammes15/Vendor/EM8/VertexConcavity.lean:82:55: `if_neg` has been deprecated: Use `ite_eq_right` instead
warning: Tammes15/Vendor/EM8/VertexConcavity.lean:114:56: `if_pos` has been deprecated: Use `ite_eq_left` instead
warning: Tammes15/Vendor/EM8/VertexConcavity.lean:125:55: `if_neg` has been deprecated: Use `ite_eq_right` instead
⚠ [8987/9176] Replayed Tammes15.Vendor.EM8.RhombusScalar
warning: Tammes15/Vendor/EM8/RhombusScalar.lean:49:45: Used `tac1 <;> tac2` where `(tac1; tac2)` would suffice

Note: This linter can be disabled with `set_option linter.unnecessarySeqFocus false`
warning: Tammes15/Vendor/EM8/RhombusScalar.lean:49:57: Used `tac1 <;> tac2` where `(tac1; tac2)` would suffice

Note: This linter can be disabled with `set_option linter.unnecessarySeqFocus false`
warning: Tammes15/Vendor/EM8/RhombusScalar.lean:51:45: Used `tac1 <;> tac2` where `(tac1; tac2)` would suffice

Note: This linter can be disabled with `set_option linter.unnecessarySeqFocus false`
warning: Tammes15/Vendor/EM8/RhombusScalar.lean:51:57: Used `tac1 <;> tac2` where `(tac1; tac2)` would suffice

Note: This linter can be disabled with `set_option linter.unnecessarySeqFocus false`
⚠ [8992/9176] Replayed Tammes15.Vendor.EM8.ContactRankBound
warning: Tammes15/Vendor/EM8/ContactRankBound.lean:23:43: `Set.setOf_and` has been deprecated: Use `Set.ofPred_and` instead
warning: Tammes15/Vendor/EM8/ContactRankBound.lean:38:10: This simp argument is unused:
  Pi.single_apply

Hint: Omit it from the simp argument list.
  [apply] simp

Note: This linter can be disabled with `set_option linter.unusedSimpArgs false`
warning: Tammes15/Vendor/EM8/ContactRankBound.lean:40:10: This simp argument is unused:
  Prod.norm_def

Hint: Omit it from the simp argument list.
  [apply] simp [Pi.norm_single]

Note: This linter can be disabled with `set_option linter.unusedSimpArgs false`
⚠ [8993/9176] Replayed Tammes15.Vendor.EM8.LocalChart
warning: Tammes15/Vendor/EM8/LocalChart.lean:100:48: This simp argument is unused:
  chartRay

Hint: Omit it from the simp argument list.
  [apply] simp [v, Pi.add_apply]

Note: This linter can be disabled with `set_option linter.unusedSimpArgs false`
warning: Tammes15/Vendor/EM8/LocalChart.lean:100:61: This simp argument is unused:
  Pi.add_apply

Hint: Omit it from the simp argument list.
  [apply] simp [chartRay, v]

Note: This linter can be disabled with `set_option linter.unusedSimpArgs false`
warning: Tammes15/Vendor/EM8/LocalChart.lean:100:38: Used `tac1 <;> tac2` where `(tac1; tac2)` would suffice

Note: This linter can be disabled with `set_option linter.unnecessarySeqFocus false`
⚠ [8994/9176] Replayed Tammes15.Vendor.EM8.LocalRotations
warning: Tammes15/Vendor/EM8/LocalRotations.lean:34:32: This simp argument is unused:
  hab

Hint: Omit it from the simp argument list.
  [apply] simp [lineReflection_apply, hb]

Note: This linter can be disabled with `set_option linter.unusedSimpArgs false`
⚠ [8997/9176] Replayed Tammes15.Vendor.EM8.TangentAngles
warning: Tammes15/Vendor/EM8/TangentAngles.lean:59:29: Variable name `hpw` is not explicitly referenced.

Hint: The binding can be removed (if unused) or named `_` (if used implicitly). Alternatively, prefix the name with `_` to silence this warning:
  [apply] _hpw

Note: This linter can be disabled with `set_option linter.unusedVariables false`
⚠ [8998/9176] Replayed Tammes15.Vendor.EM8.TangentWedge
warning: Tammes15/Vendor/EM8/TangentWedge.lean:24:27: `if_pos` has been deprecated: Use `ite_eq_left` instead
⚠ [9002/9176] Replayed Tammes15.Vendor.EM8.ContactCovering
warning: Tammes15/Vendor/EM8/ContactCovering.lean:45:2: `push_neg` has been deprecated. Prefer using `push Not` instead.
If you'd rather continue using `push_neg` in your project, you can implement it as follows:
```
open Lean.Parser.Tactic in
macro "push_neg" cfg:optConfig loc:(location)? : tactic =>
  `(tactic| push $cfg:optConfig Not $[$loc]?)
```
warning: Tammes15/Vendor/EM8/ContactCovering.lean:74:35: Variable name `hc` is not explicitly referenced.

Hint: The binding can be removed (if unused) or named `_` (if used implicitly). Alternatively, prefix the name with `_` to silence this warning:
  [apply] _hc

Note: This linter can be disabled with `set_option linter.unusedVariables false`
warning: Tammes15/Vendor/EM8/ContactCovering.lean:115:2: `push_neg` has been deprecated. Prefer using `push Not` instead.
If you'd rather continue using `push_neg` in your project, you can implement it as follows:
```
open Lean.Parser.Tactic in
macro "push_neg" cfg:optConfig loc:(location)? : tactic =>
  `(tactic| push $cfg:optConfig Not $[$loc]?)
```
⚠ [9003/9176] Replayed Tammes15.Vendor.EM8.SphericalCone
warning: Tammes15/Vendor/EM8/SphericalCone.lean:56:2: `push_neg` has been deprecated. Prefer using `push Not` instead.
If you'd rather continue using `push_neg` in your project, you can implement it as follows:
```
open Lean.Parser.Tactic in
macro "push_neg" cfg:optConfig loc:(location)? : tactic =>
  `(tactic| push $cfg:optConfig Not $[$loc]?)
```
⚠ [9004/9176] Replayed Tammes15.Vendor.EM8.CircleOrder
warning: Tammes15/Vendor/EM8/CircleOrder.lean:33:27: `if_neg` has been deprecated: Use `ite_eq_right` instead
warning: Tammes15/Vendor/EM8/CircleOrder.lean:35:27: `if_neg` has been deprecated: Use `ite_eq_right` instead
warning: Tammes15/Vendor/EM8/CircleOrder.lean:69:26: `if_neg` has been deprecated: Use `ite_eq_right` instead
warning: Tammes15/Vendor/EM8/CircleOrder.lean:79:29: `if_neg` has been deprecated: Use `ite_eq_right` instead
⚠ [9008/9176] Replayed Tammes15.Vendor.EM8.RotationSystem
warning: Tammes15/Vendor/EM8/RotationSystem.lean:61:6: `dif_pos` has been deprecated: Use `dite_eq_left` instead
warning: Tammes15/Vendor/EM8/RotationSystem.lean:73:6: `dif_pos` has been deprecated: Use `dite_eq_left` instead
⚠ [9009/9176] Replayed Tammes15.Vendor.EM8.FiniteCycles
warning: Tammes15/Vendor/EM8/FiniteCycles.lean:46:27: `if_neg` has been deprecated: Use `ite_eq_right` instead
⚠ [9010/9176] Replayed Tammes15.Vendor.EM8.ContactBoundary
warning: Tammes15/Vendor/EM8/ContactBoundary.lean:58:12: This simp argument is unused:
  Fin.val_add_one

Hint: Omit it from the simp argument list.
  [apply] simp [Fin.ext_iff, hzero]

Note: This linter can be disabled with `set_option linter.unusedSimpArgs false`
warning: Tammes15/Vendor/EM8/ContactBoundary.lean:58:29: This simp argument is unused:
  Fin.ext_iff

Hint: Omit it from the simp argument list.
  [apply] simp [Fin.val_add_one, hzero]

Note: This linter can be disabled with `set_option linter.unusedSimpArgs false`
⚠ [9011/9176] Replayed Tammes15.Vendor.EM8.CircleGapInterior
warning: Tammes15/Vendor/EM8/CircleGapInterior.lean:61:82: `if_pos` has been deprecated: Use `ite_eq_left` instead
warning: Tammes15/Vendor/EM8/CircleGapInterior.lean:63:26: `if_neg` has been deprecated: Use `ite_eq_right` instead
warning: Tammes15/Vendor/EM8/CircleGapInterior.lean:66:43: `if_pos` has been deprecated: Use `ite_eq_left` instead
warning: Tammes15/Vendor/EM8/CircleGapInterior.lean:71:29: `if_neg` has been deprecated: Use `ite_eq_right` instead
warning: Tammes15/Vendor/EM8/CircleGapInterior.lean:75:43: `if_neg` has been deprecated: Use `ite_eq_right` instead
warning: Tammes15/Vendor/EM8/CircleGapInterior.lean:95:82: `if_pos` has been deprecated: Use `ite_eq_left` instead
warning: Tammes15/Vendor/EM8/CircleGapInterior.lean:97:26: `if_neg` has been deprecated: Use `ite_eq_right` instead
warning: Tammes15/Vendor/EM8/CircleGapInterior.lean:100:43: `if_pos` has been deprecated: Use `ite_eq_left` instead
warning: Tammes15/Vendor/EM8/CircleGapInterior.lean:105:29: `if_neg` has been deprecated: Use `ite_eq_right` instead
warning: Tammes15/Vendor/EM8/CircleGapInterior.lean:109:43: `if_neg` has been deprecated: Use `ite_eq_right` instead
⚠ [9012/9176] Replayed Tammes15.Vendor.EM8.ContactSector
warning: Tammes15/Vendor/EM8/ContactSector.lean:59:6: `dif_pos` has been deprecated: Use `dite_eq_left` instead
⚠ [9015/9176] Replayed Tammes15.Vendor.EM8.WeakBoundarySupport
warning: Tammes15/Vendor/EM8/WeakBoundarySupport.lean:31:6: Used `tac1 <;> tac2` where `(tac1; tac2)` would suffice

Note: This linter can be disabled with `set_option linter.unnecessarySeqFocus false`
⚠ [9019/9176] Replayed Tammes15.Vendor.EM8.SphericalLocalConnectivity
warning: Tammes15/Vendor/EM8/SphericalLocalConnectivity.lean:40:2: Try `simp at h` instead of `simpa using h`

Note: This linter can be disabled with `set_option linter.unnecessarySimpa false`
⚠ [9023/9176] Replayed Tammes15.Vendor.EM8.FiniteArcPatchCover
warning: Tammes15/Vendor/EM8/FiniteArcPatchCover.lean:23:2: Try this: 
  letI̵

The goal is a proposition, so `let` is preferred over `letI`.
The difference between `let` and `letI` is that `letI` inlines the value.
But this is not relevant for proofs because of proof irrelevance.

Note: This linter can be disabled with `set_option linter.style.haveILetI false`
⚠ [9029/9176] Replayed Tammes15.Vendor.EM8.ShortestChainCorners
warning: Tammes15/Vendor/EM8/ShortestChainCorners.lean:106:2: Used `tac1 <;> tac2` where `(tac1; tac2)` would suffice

Note: This linter can be disabled with `set_option linter.unnecessarySeqFocus false`
⚠ [9034/9176] Replayed Tammes15.Vendor.EM8.TracePatchSubdivision
warning: Tammes15/Vendor/EM8/TracePatchSubdivision.lean:47:4: `push_neg` has been deprecated. Prefer using `push Not` instead.
If you'd rather continue using `push_neg` in your project, you can implement it as follows:
```
open Lean.Parser.Tactic in
macro "push_neg" cfg:optConfig loc:(location)? : tactic =>
  `(tactic| push $cfg:optConfig Not $[$loc]?)
```
⚠ [9036/9176] Replayed Tammes15.Vendor.EM8.InteriorChainShortening
warning: Tammes15/Vendor/EM8/InteriorChainShortening.lean:155:25: Used `tac1 <;> tac2` where `(tac1; tac2)` would suffice

Note: This linter can be disabled with `set_option linter.unnecessarySeqFocus false`
warning: Tammes15/Vendor/EM8/InteriorChainShortening.lean:155:37: Used `tac1 <;> tac2` where `(tac1; tac2)` would suffice

Note: This linter can be disabled with `set_option linter.unnecessarySeqFocus false`
⚠ [9037/9176] Replayed Tammes15.Vendor.EM8.SphericalRegionInterior
warning: Tammes15/Vendor/EM8/SphericalRegionInterior.lean:98:2: `push_neg` has been deprecated. Prefer using `push Not` instead.
If you'd rather continue using `push_neg` in your project, you can implement it as follows:
```
open Lean.Parser.Tactic in
macro "push_neg" cfg:optConfig loc:(location)? : tactic =>
  `(tactic| push $cfg:optConfig Not $[$loc]?)
```
⚠ [9038/9176] Replayed Tammes15.Vendor.EM8.GreatCircleInteriorPropagation
warning: Tammes15/Vendor/EM8/GreatCircleInteriorPropagation.lean:113:9: Variable name `x` is not explicitly referenced.

Hint: The binding can be removed (if unused) or named `_` (if used implicitly). Alternatively, prefix the name with `_` to silence this warning:
  [apply] _x

Note: This linter can be disabled with `set_option linter.unusedVariables false`
⚠ [9040/9176] Replayed Tammes15.Vendor.EM8.SphericalComplementRegions
warning: Tammes15/Vendor/EM8/SphericalComplementRegions.lean:43:27: This simp argument is unused:
  real_inner_self_eq_norm_sq

Hint: Omit it from the simp argument list.
  [apply] simp [inner_neg_right, hxunit] at hh

Note: This linter can be disabled with `set_option linter.unusedSimpArgs false`
⚠ [9042/9176] Replayed Tammes15.Vendor.EM8.ContactArcLocalGeometry
warning: Tammes15/Vendor/EM8/ContactArcLocalGeometry.lean:39:43: This simp argument is unused:
  real_inner_self_eq_norm_sq

Hint: Omit it from the simp argument list.
  [apply] simp [inner_sub_left, inner_smul_left, hb, hba]

Note: This linter can be disabled with `set_option linter.unusedSimpArgs false`
warning: Tammes15/Vendor/EM8/ContactArcLocalGeometry.lean:42:43: This simp argument is unused:
  real_inner_self_eq_norm_sq

Hint: Omit it from the simp argument list.
  [apply] simp [inner_sub_left, inner_smul_left, ha, hba]

Note: This linter can be disabled with `set_option linter.unusedSimpArgs false`
⚠ [9044/9176] Replayed Tammes15.Vendor.EM8.SolidAngleDerivative
warning: Tammes15/Vendor/EM8/SolidAngleDerivative.lean:43:19: This simp argument is unused:
  solidAngleDenom

Hint: Omit it from the simp argument list.
  [apply] simp only [inner_zero_left, add_zero, zero_add, Pi.add_apply]

Note: This linter can be disabled with `set_option linter.unusedSimpArgs false`
warning: Tammes15/Vendor/EM8/SolidAngleDerivative.lean:43:73: This simp argument is unused:
  Pi.add_apply

Hint: Omit it from the simp argument list.
  [apply] simp only [solidAngleDenom, inner_zero_left, add_zero, zero_add]

Note: This linter can be disabled with `set_option linter.unusedSimpArgs false`
⚠ [9045/9176] Replayed Tammes15.Vendor.EM8.SolidAngleDomain
warning: Tammes15/Vendor/EM8/SolidAngleDomain.lean:21:2: `push_neg` has been deprecated. Prefer using `push Not` instead.
If you'd rather continue using `push_neg` in your project, you can implement it as follows:
```
open Lean.Parser.Tactic in
macro "push_neg" cfg:optConfig loc:(location)? : tactic =>
  `(tactic| push $cfg:optConfig Not $[$loc]?)
```
warning: Tammes15/Vendor/EM8/SolidAngleDomain.lean:41:42: This simp argument is unused:
  real_inner_self_eq_norm_sq

Hint: Omit it from the simp argument list.
  [apply] simp [hx]

Note: This linter can be disabled with `set_option linter.unusedSimpArgs false`
⚠ [9047/9176] Replayed Tammes15.Vendor.EM8.CycleEdgeSeparation
warning: Tammes15/Vendor/EM8/CycleEdgeSeparation.lean:41:19: `if_neg` has been deprecated: Use `ite_eq_right` instead
warning: Tammes15/Vendor/EM8/CycleEdgeSeparation.lean:41:45: `if_neg` has been deprecated: Use `ite_eq_right` instead
warning: Tammes15/Vendor/EM8/CycleEdgeSeparation.lean:45:19: `if_neg` has been deprecated: Use `ite_eq_right` instead
warning: Tammes15/Vendor/EM8/CycleEdgeSeparation.lean:45:45: `if_pos` has been deprecated: Use `ite_eq_left` instead
⚠ [9048/9176] Replayed Tammes15.Vendor.EM8.ContactSimpleCycles
warning: Tammes15/Vendor/EM8/ContactSimpleCycles.lean:55:42: `if_true` has been deprecated: Use `ite_true` instead
warning: Tammes15/Vendor/EM8/ContactSimpleCycles.lean:55:51: `if_false` has been deprecated: Use `ite_false` instead
warning: Tammes15/Vendor/EM8/ContactSimpleCycles.lean:57:42: `if_true` has been deprecated: Use `ite_true` instead
warning: Tammes15/Vendor/EM8/ContactSimpleCycles.lean:57:51: `if_false` has been deprecated: Use `ite_false` instead
warning: Tammes15/Vendor/EM8/ContactSimpleCycles.lean:59:42: `if_false` has been deprecated: Use `ite_false` instead
warning: Tammes15/Vendor/EM8/ContactSimpleCycles.lean:89:5: Variable name `hY` is not explicitly referenced.

Hint: The binding can be removed (if unused) or named `_` (if used implicitly). Alternatively, prefix the name with `_` to silence this warning:
  [apply] _hY

Note: This linter can be disabled with `set_option linter.unusedVariables false`
warning: Tammes15/Vendor/EM8/ContactSimpleCycles.lean:89:27: Variable name `hc` is not explicitly referenced.

Hint: The binding can be removed (if unused) or named `_` (if used implicitly). Alternatively, prefix the name with `_` to silence this warning:
  [apply] _hc

Note: This linter can be disabled with `set_option linter.unusedVariables false`
warning: Tammes15/Vendor/EM8/ContactSimpleCycles.lean:90:5: Variable name `hirr` is not explicitly referenced.

Hint: The binding can be removed (if unused) or named `_` (if used implicitly). Alternatively, prefix the name with `_` to silence this warning:
  [apply] _hirr

Note: This linter can be disabled with `set_option linter.unusedVariables false`
⚠ [9049/9176] Replayed Tammes15.Vendor.EM8.ArcEmbedding
warning: Tammes15/Vendor/EM8/ArcEmbedding.lean:79:26: Variable name `hij` is not explicitly referenced.

Hint: The binding can be removed (if unused) or named `_` (if used implicitly). Alternatively, prefix the name with `_` to silence this warning:
  [apply] _hij

Note: This linter can be disabled with `set_option linter.unusedVariables false`
⚠ [9056/9176] Replayed Tammes15.Vendor.EM8.ContactSectorCover
warning: Tammes15/Vendor/EM8/ContactSectorCover.lean:31:27: `if_neg` has been deprecated: Use `ite_eq_right` instead
warning: Tammes15/Vendor/EM8/ContactSectorCover.lean:99:6: `dif_pos` has been deprecated: Use `dite_eq_left` instead
⚠ [9062/9176] Replayed Tammes15.Vendor.EM8.ContactFaceLocalModels
warning: Tammes15/Vendor/EM8/ContactFaceLocalModels.lean:125:2: Try this: 
  letI̵

The goal is a proposition, so `let` is preferred over `letI`.
The difference between `let` and `letI` is that `letI` inlines the value.
But this is not relevant for proofs because of proof irrelevance.

Note: This linter can be disabled with `set_option linter.style.haveILetI false`
⚠ [9070/9176] Replayed Tammes15.Vendor.EM8.RhombusRelation
warning: Tammes15/Vendor/EM8/RhombusRelation.lean:11:42: Variable name `hc` is not explicitly referenced.

Hint: The binding can be removed (if unused) or named `_` (if used implicitly). Alternatively, prefix the name with `_` to silence this warning:
  [apply] _hc

Note: This linter can be disabled with `set_option linter.unusedVariables false`
⚠ [9076/9176] Replayed Tammes15.Vendor.EM8.ContactRotationInvariants
warning: Tammes15/Vendor/EM8/ContactRotationInvariants.lean:24:29: `if_neg` has been deprecated: Use `ite_eq_right` instead
warning: Tammes15/Vendor/EM8/ContactRotationInvariants.lean:52:31: `dif_pos` has been deprecated: Use `dite_eq_left` instead
⚠ [9093/9176] Replayed Tammes15.Vendor.EM8.ChartInverse
warning: Tammes15/Vendor/EM8/ChartInverse.lean:17:4: This simp argument is unused:
  real_inner_self_eq_norm_sq

Hint: Omit it from the simp argument list.
  [apply] simp [inverseSphereChart, inner_sub_left, inner_smul_left, hp]

Note: This linter can be disabled with `set_option linter.unusedSimpArgs false`
warning: Tammes15/Vendor/EM8/ChartInverse.lean:41:28: This simp argument is unused:
  real_inner_self_eq_norm_sq

Hint: Omit it from the simp argument list.
  [apply] simp [inverseSphereChart, hp]

Note: This linter can be disabled with `set_option linter.unusedSimpArgs false`
warning: Tammes15/Vendor/EM8/ChartInverse.lean:61:27: This simp argument is unused:
  WithLp.equiv_symm_apply

Hint: Omit it from the simp argument list.
  [apply] simp only [tangentCoordinateInverse, tangentVector, Matrix.cons_val_zero, Matrix.cons_val_one, Prod.fst]

Note: This linter can be disabled with `set_option linter.unusedSimpArgs false`
warning: Tammes15/Vendor/EM8/ChartInverse.lean:61:52: This simp argument is unused:
  Prod.fst

Hint: Omit it from the simp argument list.
  [apply] simp only [tangentCoordinateInverse, tangentVector, Matrix.cons_val_zero, Matrix.cons_val_one,
    WithLp.equiv_symm_apply]

Note: This linter can be disabled with `set_option linter.unusedSimpArgs false`
warning: Tammes15/Vendor/EM8/ChartInverse.lean:66:27: This simp argument is unused:
  WithLp.equiv_symm_apply

Hint: Omit it from the simp argument list.
  [apply] simp only [tangentCoordinateInverse, tangentVector, Matrix.cons_val_zero, Matrix.cons_val_one, Prod.snd]

Note: This linter can be disabled with `set_option linter.unusedSimpArgs false`
warning: Tammes15/Vendor/EM8/ChartInverse.lean:66:52: This simp argument is unused:
  Prod.snd

Hint: Omit it from the simp argument list.
  [apply] simp only [tangentCoordinateInverse, tangentVector, Matrix.cons_val_zero, Matrix.cons_val_one,
    WithLp.equiv_symm_apply]

Note: This linter can be disabled with `set_option linter.unusedSimpArgs false`
⚠ [9100/9176] Replayed Tammes15.Vendor.EM8.BoundaryFaceSupport
warning: Tammes15/Vendor/EM8/BoundaryFaceSupport.lean:34:14: This simp argument is unused:
  Fin.val_add

Hint: Omit it from the simp argument list.
  [apply] simp [Nat.mod_eq_of_lt hsize, Nat.mod_eq_of_lt (show j.val + 1 < C.size + 1 by omega)]

Note: This linter can be disabled with `set_option linter.unusedSimpArgs false`
warning: Tammes15/Vendor/EM8/BoundaryFaceSupport.lean:34:27: This simp argument is unused:
  Nat.mod_eq_of_lt hsize

Hint: Omit it from the simp argument list.
  [apply] simp [Fin.val_add, Nat.mod_eq_of_lt (show j.val + 1 < C.size + 1 by omega)]

Note: This linter can be disabled with `set_option linter.unusedSimpArgs false`
warning: Tammes15/Vendor/EM8/BoundaryFaceSupport.lean:35:10: This simp argument is unused:
  Nat.mod_eq_of_lt (show j.val + 1 < C.size + 1 by omega)

Hint: Omit it from the simp argument list.
  [apply] simp [Fin.val_add, Nat.mod_eq_of_lt hsize]

Note: This linter can be disabled with `set_option linter.unusedSimpArgs false`
⚠ [9101/9176] Replayed Tammes15.Vendor.EM8.RhombusOrientation
warning: Tammes15/Vendor/EM8/RhombusOrientation.lean:24:32: This simp argument is unused:
  ha

Hint: Omit it from the simp argument list.
  [apply] simp only [cross_cross_cyclic, inner_smul_left, inner_smul_right, starRingEnd_apply, star_trivial,
    cross_inner_cross, real_inner_self_eq_norm_sq, hb, hd, one_pow, hab, hbd, hba, hdb, hda] at h

Note: This linter can be disabled with `set_option linter.unusedSimpArgs false`
warning: Tammes15/Vendor/EM8/RhombusOrientation.lean:24:40: This simp argument is unused:
  hd

Hint: Omit it from the simp argument list.
  [apply] simp only [cross_cross_cyclic, inner_smul_left, inner_smul_right, starRingEnd_apply, star_trivial,
    cross_inner_cross, real_inner_self_eq_norm_sq, ha, hb, one_pow, hab, hbd, hba, hdb, hda] at h

Note: This linter can be disabled with `set_option linter.unusedSimpArgs false`
⚠ [9102/9176] Replayed Tammes15.Vendor.EM8.EmptyContactSector
warning: Tammes15/Vendor/EM8/EmptyContactSector.lean:56:6: `dif_pos` has been deprecated: Use `dite_eq_left` instead
warning: Tammes15/Vendor/EM8/EmptyContactSector.lean:56:6: `dif_pos` has been deprecated: Use `dite_eq_left` instead
⚠ [9105/9176] Replayed Tammes15.FaceChain.Interfaces
warning: Tammes15/FaceChain/Interfaces.lean:166:53: try 'simp' instead of 'simpa'

Note: This linter can be disabled with `set_option linter.unnecessarySimpa false`
warning: Tammes15/FaceChain/Interfaces.lean:281:4: Try this: intro x h_eq
warning: Tammes15/FaceChain/Interfaces.lean:376:2: Try this: intro i hcontact
⚠ [9106/9176] Replayed Tammes15.FaceChain.ThreeConn
warning: Tammes15/FaceChain/ThreeConn.lean:721:61: Try `simp at this` instead of `simpa using this`

Note: This linter can be disabled with `set_option linter.unnecessarySimpa false`
warning: Tammes15/FaceChain/ThreeConn.lean:723:61: Try `simp at this` instead of `simpa using this`

Note: This linter can be disabled with `set_option linter.unnecessarySimpa false`
warning: Tammes15/FaceChain/ThreeConn.lean:690:57: Variable name `huv` is not explicitly referenced.

Hint: The binding can be removed (if unused) or named `_` (if used implicitly). Alternatively, prefix the name with `_` to silence this warning:
  [apply] _huv

Note: This linter can be disabled with `set_option linter.unusedVariables false`
warning: Tammes15/FaceChain/ThreeConn.lean:840:34: try 'simp' instead of 'simpa'

Note: This linter can be disabled with `set_option linter.unnecessarySimpa false`
warning: Tammes15/FaceChain/ThreeConn.lean:841:34: try 'simp' instead of 'simpa'

Note: This linter can be disabled with `set_option linter.unnecessarySimpa false`
⚠ [9108/9176] Replayed Tammes15.Hyps.Transport
warning: Tammes15/Hyps/Transport.lean:412:0: automatically included section variable(s) unused in theorem `Tammes15.iso_degree`:
  [DecidableEq V]
  [DecidableEq V']
consider restructuring your `variable` declarations so that the variables are not in scope or explicitly omit them:
  omit [DecidableEq V] [DecidableEq V'] in theorem ...

Note: This linter can be disabled with `set_option linter.unusedSectionVars false`
warning: Tammes15/Hyps/Transport.lean:415:0: automatically included section variable(s) unused in theorem `Tammes15.iso_kConnected`:
  [DecidableEq V]
  [DecidableEq V']
consider restructuring your `variable` declarations so that the variables are not in scope or explicitly omit them:
  omit [DecidableEq V] [DecidableEq V'] in theorem ...

Note: This linter can be disabled with `set_option linter.unusedSectionVars false`
warning: Tammes15/Hyps/Transport.lean:698:43: try 'simp' instead of 'simpa'

Note: This linter can be disabled with `set_option linter.unnecessarySimpa false`
warning: Tammes15/Hyps/Transport.lean:795:8: try 'simp' instead of 'simpa'

Note: This linter can be disabled with `set_option linter.unnecessarySimpa false`
ℹ [9110/9176] Replayed Tammes15.TwoConn.Hull
info: Tammes15/TwoConn/Hull.lean:705:60: Try this:
  [apply] ring_nf
  
  The `ring` tactic failed to close the goal. Use `ring_nf` to obtain a normal form.
    
  Note that `ring` works primarily in *commutative* rings. If you have a noncommutative ring, abelian group or module, consider using `noncomm_ring`, `abel` or `module` instead.
info: Tammes15/TwoConn/Hull.lean:708:73: Try this:
  [apply] ring_nf
  
  The `ring` tactic failed to close the goal. Use `ring_nf` to obtain a normal form.
    
  Note that `ring` works primarily in *commutative* rings. If you have a noncommutative ring, abelian group or module, consider using `noncomm_ring`, `abel` or `module` instead.
⚠ [9127/9176] Replayed Tammes15.Geom.Wheel
warning: Tammes15/Geom/Wheel.lean:23:35: Variable name `hx` is not explicitly referenced.

Hint: The binding can be removed (if unused) or named `_` (if used implicitly). Alternatively, prefix the name with `_` to silence this warning:
  [apply] _hx

Note: This linter can be disabled with `set_option linter.unusedVariables false`
info: Tammes15/Geom/Wheel.lean:95:44: Try this:
  [apply] ring_nf
  
  The `ring` tactic failed to close the goal. Use `ring_nf` to obtain a normal form.
    
  Note that `ring` works primarily in *commutative* rings. If you have a noncommutative ring, abelian group or module, consider using `noncomm_ring`, `abel` or `module` instead.
info: Tammes15/Geom/Wheel.lean:150:85: Try this:
  [apply] ring_nf
  
  The `ring` tactic failed to close the goal. Use `ring_nf` to obtain a normal form.
    
  Note that `ring` works primarily in *commutative* rings. If you have a noncommutative ring, abelian group or module, consider using `noncomm_ring`, `abel` or `module` instead.
info: Tammes15/Geom/Wheel.lean:161:129: Try this:
  [apply] ring_nf
  
  The `ring` tactic failed to close the goal. Use `ring_nf` to obtain a normal form.
    
  Note that `ring` works primarily in *commutative* rings. If you have a noncommutative ring, abelian group or module, consider using `noncomm_ring`, `abel` or `module` instead.
warning: Tammes15/Geom/Wheel.lean:96:14: This simp argument is unused:
  Finset.sum_range_zero

Hint: Omit it from the simp argument list.
  [apply] simp [h0, Complex.exp_zero]

Note: This linter can be disabled with `set_option linter.unusedSimpArgs false`
warning: Tammes15/Geom/Wheel.lean:123:14: This simp argument is unused:
  h_norm_w

Hint: Omit it from the simp argument list.
  [apply] simp

Note: This linter can be disabled with `set_option linter.unusedSimpArgs false`
warning: Tammes15/Geom/Wheel.lean:434:45: Variable name `hunit` is not explicitly referenced.

Hint: The binding can be removed (if unused) or named `_` (if used implicitly). Alternatively, prefix the name with `_` to silence this warning:
  [apply] _hunit

Note: This linter can be disabled with `set_option linter.unusedVariables false`
warning: Tammes15/Geom/Wheel.lean:434:79: Variable name `hx` is not explicitly referenced.

Hint: The binding can be removed (if unused) or named `_` (if used implicitly). Alternatively, prefix the name with `_` to silence this warning:
  [apply] _hx

Note: This linter can be disabled with `set_option linter.unusedVariables false`
ℹ [9128/9176] Replayed Tammes15.Geom.Nor
info: Tammes15/Geom/Nor.lean:122:49: Try this:
  [apply] ring_nf
  
  The `ring` tactic failed to close the goal. Use `ring_nf` to obtain a normal form.
    
  Note that `ring` works primarily in *commutative* rings. If you have a noncommutative ring, abelian group or module, consider using `noncomm_ring`, `abel` or `module` instead.
⚠ [9135/9176] Replayed Tammes15.Draw.Count
warning: Tammes15/Draw/Count.lean:150:14: `if_pos` has been deprecated: Use `ite_eq_left` instead
warning: Tammes15/Draw/Count.lean:155:14: `if_neg` has been deprecated: Use `ite_eq_right` instead
⚠ [9136/9176] Replayed Tammes15.Draw.Structure
warning: Tammes15/Draw/Structure.lean:86:2: Try this: 
  haveI̵

The goal is a proposition, so `have` is preferred over `haveI`.
The difference between `have` and `haveI` is that `haveI` inlines the value.
But this is not relevant for proofs because of proof irrelevance.

Note: This linter can be disabled with `set_option linter.style.haveILetI false`
⚠ [9139/9176] Replayed Tammes15.Vendor.EM8.ComponentHemisphere
warning: Tammes15/Vendor/EM8/ComponentHemisphere.lean:22:2: `push_neg` has been deprecated. Prefer using `push Not` instead.
If you'd rather continue using `push_neg` in your project, you can implement it as follows:
```
open Lean.Parser.Tactic in
macro "push_neg" cfg:optConfig loc:(location)? : tactic =>
  `(tactic| push $cfg:optConfig Not $[$loc]?)
```
⚠ [9150/9176] Replayed Tammes15.FejesToth.Saturate
warning: Tammes15/FejesToth/Saturate.lean:117:10: try 'simp' instead of 'simpa'

Note: This linter can be disabled with `set_option linter.unnecessarySimpa false`
ℹ [9165/9176] Replayed Tammes15.Challenge.Glue.Frames
info: Tammes15/Challenge/Glue/Frames.lean:222:94: Try this:
  [apply] abel_nf
⚠ [9168/9176] Replayed Tammes15.Challenge.Trigrows.Mono
info: Tammes15/Challenge/Trigrows/Mono.lean:186:82: Try this:
  [apply] ring_nf
  
  The `ring` tactic failed to close the goal. Use `ring_nf` to obtain a normal form.
    
  Note that `ring` works primarily in *commutative* rings. If you have a noncommutative ring, abelian group or module, consider using `noncomm_ring`, `abel` or `module` instead.
info: Tammes15/Challenge/Trigrows/Mono.lean:191:67: Try this:
  [apply] ring_nf
  
  The `ring` tactic failed to close the goal. Use `ring_nf` to obtain a normal form.
    
  Note that `ring` works primarily in *commutative* rings. If you have a noncommutative ring, abelian group or module, consider using `noncomm_ring`, `abel` or `module` instead.
info: Tammes15/Challenge/Trigrows/Mono.lean:192:61: Try this:
  [apply] ring_nf
  
  The `ring` tactic failed to close the goal. Use `ring_nf` to obtain a normal form.
    
  Note that `ring` works primarily in *commutative* rings. If you have a noncommutative ring, abelian group or module, consider using `noncomm_ring`, `abel` or `module` instead.
info: Tammes15/Challenge/Trigrows/Mono.lean:195:47: Try this:
  [apply] ring_nf
  
  The `ring` tactic failed to close the goal. Use `ring_nf` to obtain a normal form.
    
  Note that `ring` works primarily in *commutative* rings. If you have a noncommutative ring, abelian group or module, consider using `noncomm_ring`, `abel` or `module` instead.
warning: Tammes15/Challenge/Trigrows/Mono.lean:868:39: Variable name `hab` is not explicitly referenced.

Hint: The binding can be removed (if unused) or named `_` (if used implicitly). Alternatively, prefix the name with `_` to silence this warning:
  [apply] _hab

Note: This linter can be disabled with `set_option linter.unusedVariables false`
ℹ [9169/9176] Replayed Tammes15.Challenge.Trigrows.Rows
info: Tammes15/Challenge/Trigrows/Rows.lean:374:55: Try this:
  [apply] ring_nf
  
  The `ring` tactic failed to close the goal. Use `ring_nf` to obtain a normal form.
    
  Note that `ring` works primarily in *commutative* rings. If you have a noncommutative ring, abelian group or module, consider using `noncomm_ring`, `abel` or `module` instead.
info: Tammes15/Challenge/Trigrows/Rows.lean:386:8: Try this:
  [apply] ring_nf
  
  The `ring` tactic failed to close the goal. Use `ring_nf` to obtain a normal form.
    
  Note that `ring` works primarily in *commutative* rings. If you have a noncommutative ring, abelian group or module, consider using `noncomm_ring`, `abel` or `module` instead.
info: Tammes15/Challenge/Trigrows/Rows.lean:387:47: Try this:
  [apply] ring_nf
  
  The `ring` tactic failed to close the goal. Use `ring_nf` to obtain a normal form.
    
  Note that `ring` works primarily in *commutative* rings. If you have a noncommutative ring, abelian group or module, consider using `noncomm_ring`, `abel` or `module` instead.
⚠ [9173/9176] Replayed Tammes15.Challenge
warning: Tammes15/Challenge.lean:14:8: declaration uses `sorry`
warning: Tammes15/Challenge.lean:18:8: declaration uses `sorry`
All targets up-to-date (9176 jobs).
