# Realisations of subgraphs of the contact graph of C3 at d <= psi*, built by flex.gp at realprecision 60;
# format in README.md. Edges listed are the kept contacts (distance exactly d); every other pair is farther.
begin config C3-rm3-32
info base C3
info removed 1-3 2-4 14-15
info rattlers none
info delta 0.e-19 rad: d = psi* - delta
info newton residual 0.e-76, min non-edge gap -1.727234 e-77
n 15
d 0.9365061543089923367175684691930560782513
point 1 0.8950239687385675817752053027300069363982 0.1714903098093749755411220556254286252362 0.4117319140228847855850930801629745052897
point 2 0.4117319140228847855850930801629745052897 0.8950239687385675817752053027300069363982 0.1714903098093749755411220556254286252362
point 3 0.1714903098093749755411220556254286252362 0.4117319140228847855850930801629745052897 0.8950239687385675817752053027300069363982
point 4 0.8009928994820256966989893094450395527570 0.3819643241495056538159414100761232449542 -0.4609920064994498908133393714792726773162
point 5 -0.4609920064994498908133393714792726773162 0.8009928994820256966989893094450395527570 0.3819643241495056538159414100761232449542
point 6 0.3819643241495056538159414100761232449542 -0.4609920064994498908133393714792726773162 0.8009928994820256966989893094450395527570
point 7 0.7788399620322553112220048616995050840131 -0.6271780756254064502195746100187979488791 0.0074816439642001671733910575444910472665
point 8 0.0074816439642001671733910575444910472665 0.7788399620322553112220048616995050840131 -0.6271780756254064502195746100187979488791
point 9 -0.6271780756254064502195746100187979488791 0.0074816439642001671733910575444910472665 0.7788399620322553112220048616995050840131
point 10 0.4609920064994498908133393714792726773162 -0.3819643241495056538159414100761232449542 -0.8009928994820256966989893094450395527570
point 11 -0.3819643241495056538159414100761232449542 -0.8009928994820256966989893094450395527570 0.4609920064994498908133393714792726773162
point 12 -0.8009928994820256966989893094450395527570 0.4609920064994498908133393714792726773162 -0.3819643241495056538159414100761232449542
point 13 -0.4117319140228847855850930801629745052897 -0.1714903098093749755411220556254286252362 -0.8950239687385675817752053027300069363982
point 14 -0.1714903098093749755411220556254286252362 -0.8950239687385675817752053027300069363982 -0.4117319140228847855850930801629745052897
point 15 -0.8950239687385675817752053027300069363982 -0.4117319140228847855850930801629745052897 -0.1714903098093749755411220556254286252362
edge 1 2
edge 1 4
edge 1 6
edge 1 7
edge 2 3
edge 2 5
edge 2 8
edge 3 5
edge 3 6
edge 3 9
edge 4 8
edge 4 10
edge 5 9
edge 5 12
edge 6 7
edge 6 11
edge 7 10
edge 8 12
edge 9 11
edge 10 13
edge 10 14
edge 11 14
edge 11 15
edge 12 13
edge 12 15
edge 13 14
edge 13 15
rot 1 4 2 6 7 4
rot 2 4 1 8 5 3
rot 3 4 2 5 9 6
rot 4 3 1 10 8
rot 5 4 2 12 9 3
rot 6 4 1 3 11 7
rot 7 3 1 6 10
rot 8 3 2 4 12
rot 9 3 3 5 11
rot 10 4 4 7 14 13
rot 11 4 6 9 15 14
rot 12 4 5 8 13 15
rot 13 4 10 14 15 12
rot 14 3 10 11 13
rot 15 3 11 12 13
corner 1 2 6 2.3790554612281723974466912919278055997708
corner 1 6 7 1.1895277306140861987233456459639027998854
corner 1 7 4 1.5250743847232416820319041827033945688527
corner 1 4 2 1.1895277306140861987233456459639027998854
corner 2 1 8 2.3790554612281723974466912919278055997708
corner 2 8 5 1.5250743847232416820319041827033945688527
corner 2 5 3 1.1895277306140861987233456459639027998854
corner 2 3 1 1.1895277306140861987233456459639027998854
corner 3 2 5 1.1895277306140861987233456459639027998854
corner 3 5 9 1.1895277306140861987233456459639027998854
corner 3 9 6 1.5250743847232416820319041827033945688527
corner 3 6 2 2.3790554612281723974466912919278055997708
corner 4 1 10 2.1113347268718540913921864503684149221215
corner 4 10 8 1.7927951190795599880864090242627852465021
corner 4 8 1 2.3790554612281723974466912919278055997708
corner 5 2 12 2.1113347268718540913921864503684149221215
corner 5 12 9 1.7927951190795599880864090242627852465021
corner 5 9 3 1.1895277306140861987233456459639027998854
corner 5 3 2 1.1895277306140861987233456459639027998854
corner 6 1 3 1.1895277306140861987233456459639027998854
corner 6 3 11 2.1113347268718540913921864503684149221215
corner 6 11 7 1.7927951190795599880864090242627852465021
corner 6 7 1 1.1895277306140861987233456459639027998854
corner 7 1 6 1.1895277306140861987233456459639027998854
corner 7 6 10 2.9823228496936461868097546702266880463874
corner 7 10 1 2.1113347268718540913921864503684149221215
corner 8 2 4 1.1895277306140861987233456459639027998854
corner 8 4 12 2.9823228496936461868097546702266880463874
corner 8 12 2 2.1113347268718540913921864503684149221215
corner 9 3 5 1.1895277306140861987233456459639027998854
corner 9 5 11 2.9823228496936461868097546702266880463874
corner 9 11 3 2.1113347268718540913921864503684149221215
corner 10 4 7 1.5250743847232416820319041827033945688527
corner 10 7 14 1.4572484649704045047778504875232934775347
corner 10 14 13 1.1895277306140861987233456459639027998854
corner 10 13 4 2.1113347268718540913921864503684149221215
corner 11 6 9 1.5250743847232416820319041827033945688527
corner 11 9 15 1.4572484649704045047778504875232934775347
corner 11 15 14 1.1895277306140861987233456459639027998854
corner 11 14 6 2.1113347268718540913921864503684149221215
corner 12 5 8 1.5250743847232416820319041827033945688527
corner 12 8 13 1.4572484649704045047778504875232934775347
corner 12 13 15 1.1895277306140861987233456459639027998854
corner 12 15 5 2.1113347268718540913921864503684149221215
corner 13 10 14 1.1895277306140861987233456459639027998854
corner 13 14 15 1.1895277306140861987233456459639027998854
corner 13 15 12 1.1895277306140861987233456459639027998854
corner 13 12 10 2.7146021153373278807552498286672973687381
corner 14 10 11 2.7146021153373278807552498286672973687381
corner 14 11 13 2.3790554612281723974466912919278055997708
corner 14 13 10 1.1895277306140861987233456459639027998854
corner 15 11 12 2.7146021153373278807552498286672973687381
corner 15 12 13 1.1895277306140861987233456459639027998854
corner 15 13 11 2.3790554612281723974466912919278055997708
face 1 4 1 2 3 6
facecorners 1 2.3790554612281723974466912919278055997708 1.1895277306140861987233456459639027998854 2.3790554612281723974466912919278055997708 1.1895277306140861987233456459639027998854
face 2 3 1 6 7
facecorners 2 1.1895277306140861987233456459639027998854 1.1895277306140861987233456459639027998854 1.1895277306140861987233456459639027998854
face 3 4 1 7 10 4
facecorners 3 1.5250743847232416820319041827033945688527 2.1113347268718540913921864503684149221215 1.5250743847232416820319041827033945688527 2.1113347268718540913921864503684149221215
face 4 4 1 4 8 2
facecorners 4 1.1895277306140861987233456459639027998854 2.3790554612281723974466912919278055997708 1.1895277306140861987233456459639027998854 2.3790554612281723974466912919278055997708
face 5 4 2 8 12 5
facecorners 5 1.5250743847232416820319041827033945688527 2.1113347268718540913921864503684149221215 1.5250743847232416820319041827033945688527 2.1113347268718540913921864503684149221215
face 6 3 2 5 3
facecorners 6 1.1895277306140861987233456459639027998854 1.1895277306140861987233456459639027998854 1.1895277306140861987233456459639027998854
face 7 3 3 5 9
facecorners 7 1.1895277306140861987233456459639027998854 1.1895277306140861987233456459639027998854 1.1895277306140861987233456459639027998854
face 8 4 3 9 11 6
facecorners 8 1.5250743847232416820319041827033945688527 2.1113347268718540913921864503684149221215 1.5250743847232416820319041827033945688527 2.1113347268718540913921864503684149221215
face 9 5 4 10 13 12 8
facecorners 9 1.7927951190795599880864090242627852465021 2.1113347268718540913921864503684149221215 2.7146021153373278807552498286672973687381 1.4572484649704045047778504875232934775347 2.9823228496936461868097546702266880463874
face 10 5 5 12 15 11 9
facecorners 10 1.7927951190795599880864090242627852465021 2.1113347268718540913921864503684149221215 2.7146021153373278807552498286672973687381 1.4572484649704045047778504875232934775347 2.9823228496936461868097546702266880463874
face 11 5 6 11 14 10 7
facecorners 11 1.7927951190795599880864090242627852465021 2.1113347268718540913921864503684149221215 2.7146021153373278807552498286672973687381 1.4572484649704045047778504875232934775347 2.9823228496936461868097546702266880463874
face 12 3 10 14 13
facecorners 12 1.1895277306140861987233456459639027998854 1.1895277306140861987233456459639027998854 1.1895277306140861987233456459639027998854
face 13 4 11 15 13 14
facecorners 13 1.1895277306140861987233456459639027998854 2.3790554612281723974466912919278055997708 1.1895277306140861987233456459639027998854 2.3790554612281723974466912919278055997708
face 14 3 12 13 15
facecorners 14 1.1895277306140861987233456459639027998854 1.1895277306140861987233456459639027998854 1.1895277306140861987233456459639027998854
end
begin config C3-rm3-33
info base C3
info removed 1-3 2-4 14-15
info rattlers none
info delta 1.000 e-5 rad: d = psi* - delta
info newton residual 0.e-76, min non-edge gap 1.078709 e-4
n 15
d 0.9364961543089923367175684691930560782513
point 1 0.8950858379467942963289348058251415809866 0.1714160136431711216016733616805007830135 0.4116283432585385896845955853731475281456
point 2 0.4117533272694737630706102208401936242472 0.8949891378354576811934182447185427472516 0.1716206299926141340922585017679941183409
point 3 0.1713330582137087877452997171943754526043 0.4116849368998216959253776106959829867776 0.8950756928287840083635715586195980953222
point 4 0.8009534399902758130260043490610895289209 0.3819695353829569056882512129475765786180 -0.4610562449496500144848965231081286430175
point 5 -0.4610114817933064732152016015606226213700 0.8010080399978363081807939742536274147437 0.3819090644558787154652519804542210877597
point 6 0.3820024275421056752473065676914653066466 -0.4609760714916461218562352933997414038449 0.8009838992539532108489201238486195990292
point 7 0.7787737263566095886513645723964207995007 -0.6272606809453669197817915440420354640156 0.0074512600676109079655465156924926005160
point 8 0.0074632897127671705239808712443425088253 0.7789521773209462301026657536788746245471 -0.6270389180534334627556618400007489400773
point 9 -0.6273328482824783434362199975444209903771 0.0075004845012078479370115069939115995208 0.7787151213364487822082595241824133971257
point 10 0.4609610371832796762868831101188098412659 -0.3819753421924038145908380323604182081419 -0.8010054682434515452176594172082134345041
point 11 -0.3819403648990477376086397088815178058523 -0.8009773521469315774634976889245967177170 0.4610388693033079040490807309895383669063
point 12 -0.8009963176425433704193444742699226797741 0.4609603519829045753768713676468234178892 -0.3819953573315813036744710318209722344682
point 13 -0.4117838498881254837624920709383155284375 -0.1716008151082940627257727551898699918544 -0.8949788942905205818579247335805011299707
point 14 -0.1714297545654407928743502475744832144375 -0.8950684037569676899711480353578586790878 -0.4116605298611789418696839019776704607586
point 15 -0.8950463470359979850359324945677630040375 -0.4117222333349662868637784666382954235239 -0.1713967305265285294042029834970473947606
edge 1 2
edge 1 4
edge 1 6
edge 1 7
edge 2 3
edge 2 5
edge 2 8
edge 3 5
edge 3 6
edge 3 9
edge 4 8
edge 4 10
edge 5 9
edge 5 12
edge 6 7
edge 6 11
edge 7 10
edge 8 12
edge 9 11
edge 10 13
edge 10 14
edge 11 14
edge 11 15
edge 12 13
edge 12 15
edge 13 14
edge 13 15
rot 1 4 2 6 7 4
rot 2 4 1 8 5 3
rot 3 4 2 5 9 6
rot 4 3 1 10 8
rot 5 4 2 12 9 3
rot 6 4 1 3 11 7
rot 7 3 1 6 10
rot 8 3 2 4 12
rot 9 3 3 5 11
rot 10 4 4 7 14 13
rot 11 4 6 9 15 14
rot 12 4 5 8 13 15
rot 13 4 10 14 15 12
rot 14 3 10 11 13
rot 15 3 11 12 13
corner 1 2 6 2.3787418423277157262330865072380138719838
corner 1 6 7 1.1895243092212625305147132453833991791148
corner 1 7 4 1.5252505642453166805046171860547713403832
corner 1 4 2 1.1896685913852915396728698278828213769125
corner 2 1 8 2.3789412403093348714677234641401349013655
corner 2 8 5 1.5247832594827820887386282453625847958038
corner 2 5 3 1.1895243092212625305147132453833991791148
corner 2 3 1 1.1899364981662069862042218116728868921102
corner 3 2 5 1.1895243092212625305147132453833991791148
corner 3 5 9 1.1895243092212625305147132453833991791148
corner 3 9 6 1.5253948464093456896627737685541935381809
corner 3 6 2 2.3787418423277157262330865072380138719838
corner 4 1 10 2.1111718451531632475986701088091962729145
corner 4 10 8 1.7930722217170883578588931936096745941143
corner 4 8 1 2.3789412403093348714677234641401349013655
corner 5 2 12 2.1115729382560640127890184359038727511357
corner 5 12 9 1.7925637504809974031068418398883346590289
corner 5 9 3 1.1895243092212625305147132453833991791148
corner 5 3 2 1.1895243092212625305147132453833991791148
corner 6 1 3 1.1899364981662069862042218116728868921102
corner 6 3 11 2.1110479883203033809984870066264358431176
corner 6 11 7 1.7926765114718135792078647028762838540517
corner 6 7 1 1.1895243092212625305147132453833991791148
corner 7 1 6 1.1895243092212625305147132453833991791148
corner 7 6 10 2.9824891528051606988119034123664103163649
corner 7 10 1 2.1111718451531632475986701088091962729145
corner 8 2 4 1.1896685913852915396728698278828213769125
corner 8 4 12 2.9819437775382309244633985027723116403461
corner 8 12 2 2.1115729382560640127890184359038727511357
corner 9 3 5 1.1895243092212625305147132453833991791148
corner 9 5 11 2.9826130096380205654120865145491707461619
corner 9 11 3 2.1110479883203033809984870066264358431176
corner 10 4 7 1.5252505642453166805046171860547713403832
corner 10 7 14 1.4569926550708488873255243794327024029675
corner 10 14 13 1.1895243092212625305147132453833991791148
corner 10 13 4 2.1114177786421583785804319556881328459287
corner 11 6 9 1.5253948464093456896627737685541935381809
corner 11 9 15 1.4568905865328997919575852672203715517040
corner 11 15 14 1.1896896109210533547011722186954865299549
corner 11 14 6 2.1112102633162876406037555120889541485545
corner 12 5 8 1.5247832594827820887386282453625847958038
corner 12 8 13 1.4576509043450096146612130399816256125041
corner 12 13 15 1.1895243092212625305147132453833991791148
corner 12 15 5 2.1112268341305322430107322358313961809715
corner 13 10 14 1.1895243092212625305147132453833991791148
corner 13 14 15 1.1896896109210533547011722186954865299549
corner 13 15 12 1.1895243092212625305147132453833991791148
corner 13 12 10 2.7144470778160080611946880570967208802098
corner 14 10 11 2.7147354013640073391813812599416939234346
corner 14 11 13 2.3789255965943166072291922612339126658449
corner 14 13 10 1.1895243092212625305147132453833991791148
corner 15 11 12 2.7147354013640073391813812599416939234346
corner 15 12 13 1.1895243092212625305147132453833991791148
corner 15 13 11 2.3789255965943166072291922612339126658449
face 1 4 1 2 3 6
facecorners 1 2.3787418423277157262330865072380138719838 1.1899364981662069862042218116728868921102 2.3787418423277157262330865072380138719838 1.1899364981662069862042218116728868921102
face 2 3 1 6 7
facecorners 2 1.1895243092212625305147132453833991791148 1.1895243092212625305147132453833991791148 1.1895243092212625305147132453833991791148
face 3 4 1 7 10 4
facecorners 3 1.5252505642453166805046171860547713403832 2.1111718451531632475986701088091962729145 1.5252505642453166805046171860547713403832 2.1111718451531632475986701088091962729145
face 4 4 1 4 8 2
facecorners 4 1.1896685913852915396728698278828213769125 2.3789412403093348714677234641401349013655 1.1896685913852915396728698278828213769125 2.3789412403093348714677234641401349013655
face 5 4 2 8 12 5
facecorners 5 1.5247832594827820887386282453625847958038 2.1115729382560640127890184359038727511357 1.5247832594827820887386282453625847958038 2.1115729382560640127890184359038727511357
face 6 3 2 5 3
facecorners 6 1.1895243092212625305147132453833991791148 1.1895243092212625305147132453833991791148 1.1895243092212625305147132453833991791148
face 7 3 3 5 9
facecorners 7 1.1895243092212625305147132453833991791148 1.1895243092212625305147132453833991791148 1.1895243092212625305147132453833991791148
face 8 4 3 9 11 6
facecorners 8 1.5253948464093456896627737685541935381809 2.1110479883203033809984870066264358431176 1.5253948464093456896627737685541935381809 2.1110479883203033809984870066264358431176
face 9 5 4 10 13 12 8
facecorners 9 1.7930722217170883578588931936096745941143 2.1114177786421583785804319556881328459287 2.7144470778160080611946880570967208802098 1.4576509043450096146612130399816256125041 2.9819437775382309244633985027723116403461
face 10 5 5 12 15 11 9
facecorners 10 1.7925637504809974031068418398883346590289 2.1112268341305322430107322358313961809715 2.7147354013640073391813812599416939234346 1.4568905865328997919575852672203715517040 2.9826130096380205654120865145491707461619
face 11 5 6 11 14 10 7
facecorners 11 1.7926765114718135792078647028762838540517 2.1112102633162876406037555120889541485545 2.7147354013640073391813812599416939234346 1.4569926550708488873255243794327024029675 2.9824891528051606988119034123664103163649
face 12 3 10 14 13
facecorners 12 1.1895243092212625305147132453833991791148 1.1895243092212625305147132453833991791148 1.1895243092212625305147132453833991791148
face 13 4 11 15 13 14
facecorners 13 1.1896896109210533547011722186954865299549 2.3789255965943166072291922612339126658449 1.1896896109210533547011722186954865299549 2.3789255965943166072291922612339126658449
face 14 3 12 13 15
facecorners 14 1.1895243092212625305147132453833991791148 1.1895243092212625305147132453833991791148 1.1895243092212625305147132453833991791148
end
begin config C3-rm3-34
info base C3
info removed 1-6 2-4 13-15
info rattlers none
info delta 1.000 e-3 rad: d = psi* - delta
info newton residual 0.e-76, min non-edge gap 8.485001 e-3
n 15
d 0.9355061543089923367175684691930560782513
point 1 0.8944506306095393275238225627065799836351 0.1787017491601912580930427548748713123509 0.4099070068311659290028951286076129207076
point 2 0.4053102711790573723152405960250078407284 0.8978888403398475170413384718074150595211 0.1718115667524244100794944092694643612436
point 3 0.1709700521415837002066570537984585118273 0.4125051709209429331055788699831594433823 0.8947674140435534477312342384317131177378
point 4 0.8007261369763103004244113327306230274902 0.3782712374095058861671713208471882725672 -0.4644873782049156918177682150136887578774
point 5 -0.4652191030757638837874736480159187459390 0.7973205100826036776016572085219185651673 0.3845142264403210168565864679536584271013
point 6 0.3798243050004780305755318851412153479774 -0.4598885596321318571360657009373575141372 0.8026431399136149974309306232820994836603
point 7 0.7822479449102938144548838805386373280159 -0.6228462211803654992620449331777733072758 0.0122775178664562864502740402559731702467
point 8 0.0089610487211452723335808523800230716254 0.7772378154651233355489017235940589772153 -0.6291431298336016522823132362134636949331
point 9 -0.6244761258798924027548824981041036232883 0.0032269952910832580281278838726231964678 0.7810372300392805887911510186526027993159
point 10 0.4619602039384231226018000230798895259936 -0.3882719257298607390798259043196214198663 -0.7973943075211886812430499233144114022778
point 11 -0.3801288602842849415435351682644726154559 -0.8029162791596720090559968078447918157636 0.4591595564064394235289334472560535253196
point 12 -0.7995208136353824409201698385038942526098 0.4625419196634778852070318669063159168253 -0.3831728606227753563130166974734356643016
point 13 -0.4050956160153217608913436962445294122883 -0.1626043353183920210260209057027360930020 -0.8996984895068074509193082076807045057188
point 14 -0.1826890627841897262487182444448697225290 -0.8906670393748943721097547151044319858313 -0.4163375209012451504561837256333009807744
point 15 -0.8993802672675209701647081704493114858788 -0.4059899204499713596874817532320890361591 -0.1621336465476197045269016665828987448174
edge 1 2
edge 1 3
edge 1 4
edge 1 7
edge 2 3
edge 2 5
edge 2 8
edge 3 5
edge 3 6
edge 3 9
edge 4 8
edge 4 10
edge 5 9
edge 5 12
edge 6 7
edge 6 11
edge 7 10
edge 8 12
edge 9 11
edge 10 13
edge 10 14
edge 11 14
edge 11 15
edge 12 13
edge 12 15
edge 13 14
edge 14 15
rot 1 4 2 3 7 4
rot 2 4 1 8 5 3
rot 3 5 1 2 5 9 6
rot 4 3 1 10 8
rot 5 4 2 12 9 3
rot 6 3 3 11 7
rot 7 3 1 6 10
rot 8 3 2 4 12
rot 9 3 3 5 11
rot 10 4 4 7 14 13
rot 11 4 6 9 15 14
rot 12 4 5 8 13 15
rot 13 3 10 14 12
rot 14 4 10 11 15 13
rot 15 3 11 12 14
corner 1 2 3 1.1891858638899650821453808135861126411251
corner 1 3 7 2.3698858911918118716413005748352214007609
corner 1 7 4 1.5199580295299278333878921097613160670133
corner 1 4 2 1.2041555225678816897507132683763556594951
corner 2 1 8 2.3671901868468335028483944341319003773585
corner 2 8 5 1.5376233925528228097861307052548801087856
corner 2 5 3 1.1891858638899650821453808135861126411251
corner 2 3 1 1.1891858638899650821453808135861126411251
corner 3 1 2 1.1891858638899650821453808135861126411251
corner 3 2 5 1.1891858638899650821453808135861126411251
corner 3 5 9 1.1891858638899650821453808135861126411251
corner 3 9 6 1.5150733758017774156961724220550606588285
corner 3 6 1 1.2005543397079138147929719037456071861906
corner 4 1 10 2.1145594106087399552162089357474789693437
corner 4 10 8 1.8014357097240130188606833966796264216921
corner 4 8 1 2.3671901868468335028483944341319003773585
corner 5 2 12 2.0993595827865580205855983764380270130263
corner 5 12 9 1.8054539966130982920489267629487534731179
corner 5 9 3 1.1891858638899650821453808135861126411251
corner 5 3 2 1.1891858638899650821453808135861126411251
corner 6 3 11 2.1187401802869391150232441271036763608033
corner 6 11 7 1.7945592357008354902607420646201080068301
corner 6 7 3 2.3698858911918118716413005748352214007609
corner 7 1 6 1.2005543397079138147929719037456071861906
corner 7 6 10 2.9680715568629327069161059270659196128600
corner 7 10 1 2.1145594106087399552162089357474789693437
corner 8 2 4 1.2041555225678816897507132683763556594951
corner 8 4 12 2.9796702018251467665889751217446230958730
corner 8 12 2 2.0993595827865580205855983764380270130263
corner 9 3 5 1.1891858638899650821453808135861126411251
corner 9 5 11 2.9752592630026822797566618258692167664659
corner 9 11 3 2.1187401802869391150232441271036763608033
corner 10 4 7 1.5199580295299278333878921097613160670133
corner 10 7 14 1.4864313874236337652773308286577391676701
corner 10 14 13 1.1891858638899650821453808135861126411251
corner 10 13 4 2.0876100263360597961146830145538378925859
corner 11 6 9 1.5150733758017774156961724220550606588285
corner 11 9 15 1.4445671707710604318277412358681404035137
corner 11 15 14 1.1891858638899650821453808135861126411251
corner 11 14 6 2.1343588967167835472559922950496920649271
corner 12 5 8 1.5376233925528228097861307052548801087856
corner 12 8 13 1.4409444083630307791500070414856886587673
corner 12 13 15 1.2176157987419054493600949581462993432289
corner 12 15 5 2.0870017075218274386290540616721376576125
corner 13 10 14 1.1891858638899650821453808135861126411251
corner 13 14 12 2.3570813938441935289205083759056610742711
corner 13 12 10 2.7369180494454278658593975770672320529981
corner 14 10 11 2.6871977806577508632744301812404811429153
corner 14 11 15 1.1891858638899650821453808135861126411251
corner 14 15 13 1.2176157987419054493600949581462993432289
corner 14 13 10 1.1891858638899650821453808135861126411251
corner 15 11 12 2.7369180494454278658593975770672320529981
corner 15 12 14 2.3570813938441935289205083759056610742711
corner 15 14 11 1.1891858638899650821453808135861126411251
face 1 3 1 2 3
facecorners 1 1.1891858638899650821453808135861126411251 1.1891858638899650821453808135861126411251 1.1891858638899650821453808135861126411251
face 2 4 1 3 6 7
facecorners 2 2.3698858911918118716413005748352214007609 1.2005543397079138147929719037456071861906 2.3698858911918118716413005748352214007609 1.2005543397079138147929719037456071861906
face 3 4 1 7 10 4
facecorners 3 1.5199580295299278333878921097613160670133 2.1145594106087399552162089357474789693437 1.5199580295299278333878921097613160670133 2.1145594106087399552162089357474789693437
face 4 4 1 4 8 2
facecorners 4 1.2041555225678816897507132683763556594951 2.3671901868468335028483944341319003773585 1.2041555225678816897507132683763556594951 2.3671901868468335028483944341319003773585
face 5 4 2 8 12 5
facecorners 5 1.5376233925528228097861307052548801087856 2.0993595827865580205855983764380270130263 1.5376233925528228097861307052548801087856 2.0993595827865580205855983764380270130263
face 6 3 2 5 3
facecorners 6 1.1891858638899650821453808135861126411251 1.1891858638899650821453808135861126411251 1.1891858638899650821453808135861126411251
face 7 3 3 5 9
facecorners 7 1.1891858638899650821453808135861126411251 1.1891858638899650821453808135861126411251 1.1891858638899650821453808135861126411251
face 8 4 3 9 11 6
facecorners 8 1.5150733758017774156961724220550606588285 2.1187401802869391150232441271036763608033 1.5150733758017774156961724220550606588285 2.1187401802869391150232441271036763608033
face 9 5 4 10 13 12 8
facecorners 9 1.8014357097240130188606833966796264216921 2.0876100263360597961146830145538378925859 2.7369180494454278658593975770672320529981 1.4409444083630307791500070414856886587673 2.9796702018251467665889751217446230958730
face 10 5 5 12 15 11 9
facecorners 10 1.8054539966130982920489267629487534731179 2.0870017075218274386290540616721376576125 2.7369180494454278658593975770672320529981 1.4445671707710604318277412358681404035137 2.9752592630026822797566618258692167664659
face 11 5 6 11 14 10 7
facecorners 11 1.7945592357008354902607420646201080068301 2.1343588967167835472559922950496920649271 2.6871977806577508632744301812404811429153 1.4864313874236337652773308286577391676701 2.9680715568629327069161059270659196128600
face 12 3 10 14 13
facecorners 12 1.1891858638899650821453808135861126411251 1.1891858638899650821453808135861126411251 1.1891858638899650821453808135861126411251
face 13 3 11 15 14
facecorners 13 1.1891858638899650821453808135861126411251 1.1891858638899650821453808135861126411251 1.1891858638899650821453808135861126411251
face 14 4 12 13 14 15
facecorners 14 1.2176157987419054493600949581462993432289 2.3570813938441935289205083759056610742711 1.2176157987419054493600949581462993432289 2.3570813938441935289205083759056610742711
end
begin config C3-rm3-35
info base C3
info removed 1-6 2-4 13-15
info rattlers none
info delta 1.000 e-7 rad: d = psi* - delta
info newton residual 0.e-76, min non-edge gap 8.167089 e-7
n 15
d 0.9365060543089923367175684691930560782513
point 1 0.8950239151727045372932940690261700758139 0.1714910045586693342781152765536702957012 0.4117317410941034630573452996864679696880
point 2 0.4117312984002269819195381437569912206540 0.8950242454289461124357864235270807343024 0.1714903437864910231694440475501873001494
point 3 0.1714902605372884381378512938728617771829 0.4117319881011547650965183355874838026302 0.8950239441015661915803115517737307236853
point 4 0.8009928726655778970241638501925972808943 0.3819639760545038779904547708796696563833 -0.4609923415151055425508524556103821633036
point 5 -0.4609924107027636738692552031182917532389 0.8009925487718897168626946889081953401719 0.3819645717685952263292373911623303143453
point 6 0.3819641200163947503142329146733514340392 -0.4609918973815443150809666188827726962244 0.8009930596257778455432813044497086258138
point 7 0.7788402931835489709514021846000629198062 -0.6271776588495881771692088881186829585803 0.0074821089081268504538557319753471323421
point 8 0.0074817858908407043831530700436427155797 0.7788398106232723262305240207682334826896 -0.6271782619544374134396363936955146770546
point 9 -0.6271778158652407212265150674243084950416 0.0074812384312834878424214356275333736754 0.7788401751052910927729740126801981338135
point 10 0.4609921078470991528666825945589967780292 -0.3819649268193852679883703630403506988241 -0.8009925537622370185062352430786842078144
point 11 -0.3819641474558232559724817638969010869341 -0.8009930806262875783537071295394738215667 0.4609918381567678855219505508121777773091
point 12 -0.8009927562178741963369961081985672362243 0.4609921600978030843028306376884629720883 -0.3819644392019427870834139189558054521490
point 13 -0.4117312818974980811020233102285952013916 -0.1714894521228440791055450021222650680007 -0.8950244238665499888597076975401179072596
point 14 -0.1714913874480504726266752830000351965286 -0.8950235588192047423852422090972712060564 -0.4117323562579800281081950440800556673651
point 15 -0.8950243948704193430014974214217456759336 -0.4117313621895286269628354295781418602571 -0.1714894106829773608574661853502977759930
edge 1 2
edge 1 3
edge 1 4
edge 1 7
edge 2 3
edge 2 5
edge 2 8
edge 3 5
edge 3 6
edge 3 9
edge 4 8
edge 4 10
edge 5 9
edge 5 12
edge 6 7
edge 6 11
edge 7 10
edge 8 12
edge 9 11
edge 10 13
edge 10 14
edge 11 14
edge 11 15
edge 12 13
edge 12 15
edge 13 14
edge 14 15
rot 1 4 2 3 7 4
rot 2 4 1 8 5 3
rot 3 5 1 2 5 9 6
rot 4 3 1 10 8
rot 5 4 2 12 9 3
rot 6 3 3 11 7
rot 7 3 1 6 10
rot 8 3 2 4 12
rot 9 3 3 5 11
rot 10 4 4 7 14 13
rot 11 4 6 9 15 14
rot 12 4 5 8 13 15
rot 13 3 10 14 12
rot 14 4 10 11 15 13
rot 15 3 11 12 14
corner 1 2 3 1.1895276963998852784508722255921867899433
corner 1 3 7 2.3790545798659734150273243126936646678237
corner 1 7 4 1.5250739003704212905477285145495542728764
corner 1 4 2 1.1895291305433064928993617137236000377510
corner 2 1 8 2.3790543255148151571749921450371599411205
corner 2 8 5 1.5250755888650007628485501703374722473872
corner 2 5 3 1.1895276963998852784508722255921867899433
corner 2 3 1 1.1895276963998852784508722255921867899433
corner 3 1 2 1.1895276963998852784508722255921867899433
corner 3 2 5 1.1895276963998852784508722255921867899433
corner 3 5 9 1.1895276963998852784508722255921867899433
corner 3 9 6 1.5250734292159803644152855852340856656892
corner 3 6 1 1.1895287887639502771573845045483597328752
corner 4 1 10 2.1113350260604045055882547614964001035606
corner 4 10 8 1.7927959556043668141620398600254457237133
corner 4 8 1 2.3790543255148151571749921450371599411205
corner 5 2 12 2.1113335767766058351986167111195892431334
corner 5 12 9 1.7927963376032100848249256042550429453743
corner 5 9 3 1.1895276963998852784508722255921867899433
corner 5 3 2 1.1895276963998852784508722255921867899433
corner 6 3 11 2.1113354304657014556297479695534731860400
corner 6 11 7 1.7927952968479116062682144843118679145307
corner 6 7 3 2.3790545798659734150273243126936646678237
corner 7 1 6 1.1895287887639502771573845045483597328752
corner 7 6 10 2.9823214923552316941796475005142459319586
corner 7 10 1 2.1113350260604045055882547614964001035606
corner 8 2 4 1.1895291305433064928993617137236000377510
corner 8 4 12 2.9823225998596741488273083417158164875100
corner 8 12 2 2.1113335767766058351986167111195892431334
corner 9 3 5 1.1895276963998852784508722255921867899433
corner 9 5 11 2.9823221803139997428446665714133457924110
corner 9 11 3 2.1113354304657014556297479695534731860400
corner 10 4 7 1.5250739003704212905477285145495542728764
corner 10 7 14 1.4572512659230749935130182893806988163730
corner 10 14 13 1.1895276963998852784508722255921867899433
corner 10 13 4 2.1113324444862049144136677370365658892017
corner 11 6 9 1.5250734292159803644152855852340856656892
corner 11 9 15 1.4572472473094783377811165169304135776088
corner 11 15 14 1.1895276963998852784508722255921867899433
corner 11 14 6 2.1113369342542424962780124388023197351531
corner 12 5 8 1.5250755888650007628485501703374722473872
corner 12 8 13 1.4572469015804823209067285029300896357974
corner 12 13 15 1.1895304284592163847845996394925168332349
corner 12 15 5 2.1113323882748870083854084537989270519748
corner 13 10 14 1.1895276963998852784508722255921867899433
corner 13 14 12 2.3790533596094398218678173099230299694257
corner 13 12 10 2.7146042511702613766065972310437890090253
corner 14 10 11 2.7145994859205995352389426758821153552728
corner 14 11 15 1.1895276963998852784508722255921867899433
corner 14 15 13 1.1895304284592163847845996394925168332349
corner 14 13 10 1.1895276963998852784508722255921867899433
corner 15 11 12 2.7146042511702613766065972310437890090253
corner 15 12 14 2.3790533596094398218678173099230299694257
corner 15 14 11 1.1895276963998852784508722255921867899433
face 1 3 1 2 3
facecorners 1 1.1895276963998852784508722255921867899433 1.1895276963998852784508722255921867899433 1.1895276963998852784508722255921867899433
face 2 4 1 3 6 7
facecorners 2 2.3790545798659734150273243126936646678237 1.1895287887639502771573845045483597328752 2.3790545798659734150273243126936646678237 1.1895287887639502771573845045483597328752
face 3 4 1 7 10 4
facecorners 3 1.5250739003704212905477285145495542728764 2.1113350260604045055882547614964001035606 1.5250739003704212905477285145495542728764 2.1113350260604045055882547614964001035606
face 4 4 1 4 8 2
facecorners 4 1.1895291305433064928993617137236000377510 2.3790543255148151571749921450371599411205 1.1895291305433064928993617137236000377510 2.3790543255148151571749921450371599411205
face 5 4 2 8 12 5
facecorners 5 1.5250755888650007628485501703374722473872 2.1113335767766058351986167111195892431334 1.5250755888650007628485501703374722473872 2.1113335767766058351986167111195892431334
face 6 3 2 5 3
facecorners 6 1.1895276963998852784508722255921867899433 1.1895276963998852784508722255921867899433 1.1895276963998852784508722255921867899433
face 7 3 3 5 9
facecorners 7 1.1895276963998852784508722255921867899433 1.1895276963998852784508722255921867899433 1.1895276963998852784508722255921867899433
face 8 4 3 9 11 6
facecorners 8 1.5250734292159803644152855852340856656892 2.1113354304657014556297479695534731860400 1.5250734292159803644152855852340856656892 2.1113354304657014556297479695534731860400
face 9 5 4 10 13 12 8
facecorners 9 1.7927959556043668141620398600254457237133 2.1113324444862049144136677370365658892017 2.7146042511702613766065972310437890090253 1.4572469015804823209067285029300896357974 2.9823225998596741488273083417158164875100
face 10 5 5 12 15 11 9
facecorners 10 1.7927963376032100848249256042550429453743 2.1113323882748870083854084537989270519748 2.7146042511702613766065972310437890090253 1.4572472473094783377811165169304135776088 2.9823221803139997428446665714133457924110
face 11 5 6 11 14 10 7
facecorners 11 1.7927952968479116062682144843118679145307 2.1113369342542424962780124388023197351531 2.7145994859205995352389426758821153552728 1.4572512659230749935130182893806988163730 2.9823214923552316941796475005142459319586
face 12 3 10 14 13
facecorners 12 1.1895276963998852784508722255921867899433 1.1895276963998852784508722255921867899433 1.1895276963998852784508722255921867899433
face 13 3 11 15 14
facecorners 13 1.1895276963998852784508722255921867899433 1.1895276963998852784508722255921867899433 1.1895276963998852784508722255921867899433
face 14 4 12 13 14 15
facecorners 14 1.1895304284592163847845996394925168332349 2.3790533596094398218678173099230299694257 1.1895304284592163847845996394925168332349 2.3790533596094398218678173099230299694257
end
begin config C3-rm3-36
info base C3
info removed 1-6 3-5 13-14
info rattlers none
info delta 1.000 e-5 rad: d = psi* - delta
info newton residual 4.76 e-73, min non-edge gap 8.169988 e-5
n 15
d 0.9364961543089923367175684691930560782513
point 1 0.8950516466952579051675877852999384941491 0.1714937058327861092434472130045474182437 0.4116703275775958112309575025272998099398
point 2 0.4117393248077131591272996236684104908732 0.8950215041086032016180510514140876777582 0.1714853801058914333450107418919269551884
point 3 0.1715598087823875067518212049472697895121 0.4117146124215274286232740182666531886497 0.8950186087055073554328736231616962709352
point 4 0.8009578134122778426407884544943289397609 0.3819890927806370349163870865179911881767 -0.4610324436853100510245097932677063871150
point 5 -0.4609810936022259995124702468512470652507 0.8010089183076478631123020574208296937852 0.3819439018140067957130741096870838445645
point 6 0.3819294952724279709237330075670579222440 -0.4610255213537189853938368142118415704876 0.8009902179811436498873624452795363754373
point 7 0.7788248131079893700067035441518885204930 -0.6271967178151082980784102469337349370750 0.0074958421315314807360003046761516966944
point 8 0.0074410725095286348850315033571532757926 0.7788612754047703368606610002372172563159 -0.6271520900983767197135811629007984806205
point 9 -0.6271363830685663754539038727830195746875 0.0075281517171059975644240114419464334943 0.7788730859154144681880811451201884095597
point 10 0.4610073676424748216221651985444452490336 -0.3819758346588025225236734253992064510728 -0.8009785694486883189178424544737607529139
point 11 -0.3820246167486499581011761737248726280661 -0.8009583146340310791830126737483377092491 0.4610021371063908561557495833779500450842
point 12 -0.8010110241299862280275729324940366961676 0.4609751586188619206171694295024598420923 -0.3819466485761404257150098791432832389192
point 13 -0.4116767102380307297295167740873382695696 -0.1714003639575795855960765499062475813141 -0.8950665905298899812652999492234012815158
point 14 -0.1714045129981488489185579955641148186611 -0.8950694927106444230206017052273082115613 -0.4116686727728709166694781379766284728174
point 15 -0.8949829533028147656344703194903880069794 -0.4117761542458775724534125218579054799259 -0.1715981121453465357130339129998036140591
edge 1 2
edge 1 3
edge 1 4
edge 1 7
edge 2 3
edge 2 4
edge 2 5
edge 2 8
edge 3 6
edge 3 9
edge 4 8
edge 4 10
edge 5 9
edge 5 12
edge 6 7
edge 6 11
edge 7 10
edge 8 12
edge 9 11
edge 10 13
edge 10 14
edge 11 14
edge 11 15
edge 12 13
edge 12 15
edge 13 15
edge 14 15
rot 1 4 2 3 7 4
rot 2 5 1 4 8 5 3
rot 3 4 1 2 9 6
rot 4 4 1 10 8 2
rot 5 3 2 12 9
rot 6 3 3 11 7
rot 7 3 1 6 10
rot 8 3 2 4 12
rot 9 3 3 5 11
rot 10 4 4 7 14 13
rot 11 4 6 9 15 14
rot 12 4 5 8 13 15
rot 13 3 10 15 12
rot 14 3 10 11 15
rot 15 4 11 12 13 14
corner 1 2 3 1.1895243092212625305147132453833991791148
corner 1 3 7 2.3789418435003369817110851501569020911205
corner 1 7 4 1.5251948452367244341847751256353053190441
corner 1 4 2 1.1895243092212625305147132453833991791148
corner 2 1 4 1.1895243092212625305147132453833991791148
corner 2 4 8 1.1895243092212625305147132453833991791148
corner 2 8 5 1.5249787932897025504616105188119696794349
corner 2 5 3 1.1896335862260963349195365115968385516149
corner 2 3 1 1.1895243092212625305147132453833991791148
corner 3 1 2 1.1895243092212625305147132453833991791148
corner 3 2 9 2.3789672924990561891845128886158911592676
corner 3 9 6 1.5250259245494394293192876195218263840224
corner 3 6 1 1.1896677809098283279067730130378890459896
corner 4 1 10 2.1112196740447577974356615040028706440361
corner 4 10 8 1.7929170146923036184601987717893367661285
corner 4 8 2 1.1895243092212625305147132453833991791148
corner 4 2 1 1.1895243092212625305147132453833991791148
corner 5 2 12 2.1114051200233411973807001469372123131980
corner 5 12 9 1.7928128946571890903600737310059022959288
corner 5 9 2 2.3789672924990561891845128886158911592676
corner 6 3 11 2.1113646669924189126544603204466219733160
corner 6 11 7 1.7928787966868305825597412959554817039578
corner 6 7 3 2.3789418435003369817110851501569020911205
corner 7 1 6 1.1896677809098283279067730130378890459896
corner 7 6 10 2.9822978522250003515828522495182460783687
corner 7 10 1 2.1112196740447577974356615040028706440361
corner 8 2 4 1.1895243092212625305147132453833991791148
corner 8 4 12 2.9822558779349827490298733742383942760815
corner 8 12 2 2.1114051200233411973807001469372123131980
corner 9 3 5 1.1896335862260963349195365115968385516149
corner 9 5 11 2.9821870539610712293512899345155452434634
corner 9 11 3 2.1113646669924189126544603204466219733160
corner 10 4 7 1.5251948452367244341847751256353053190441
corner 10 7 14 1.4570920649345646533516572730120286273600
corner 10 14 13 1.1897976160533424626612226005446379905611
corner 10 13 4 2.1111007809549549267276317673670338314290
corner 11 6 9 1.5250259245494394293192876195218263840224
corner 11 9 15 1.4575286671358954294463095342057279551885
corner 11 15 14 1.1895243092212625305147132453833991791148
corner 11 14 6 2.1111064062729890876449763674480522500686
corner 12 5 8 1.5249787932897025504616105188119696794349
corner 12 8 13 1.4571266529841776368500724699825321551882
corner 12 13 15 1.1895243092212625305147132453833991791148
corner 12 15 5 2.1115555516844437590988905323811047546564
corner 13 10 15 2.3788452121960818007270123337646517922225
corner 13 15 12 1.1895243092212625305147132453833991791148
corner 13 12 10 2.7148157857622421456835611874109547970570
corner 14 10 11 2.7148157857622421456835611874109547970570
corner 14 11 15 1.1895243092212625305147132453833991791148
corner 14 15 10 2.3788452121960818007270123337646517922225
corner 15 11 12 2.7143390726837189532346376752475694196035
corner 15 12 13 1.1895243092212625305147132453833991791148
corner 15 13 14 1.1897976160533424626612226005446379905611
corner 15 14 11 1.1895243092212625305147132453833991791148
face 1 3 1 2 3
facecorners 1 1.1895243092212625305147132453833991791148 1.1895243092212625305147132453833991791148 1.1895243092212625305147132453833991791148
face 2 4 1 3 6 7
facecorners 2 2.3789418435003369817110851501569020911205 1.1896677809098283279067730130378890459896 2.3789418435003369817110851501569020911205 1.1896677809098283279067730130378890459896
face 3 4 1 7 10 4
facecorners 3 1.5251948452367244341847751256353053190441 2.1112196740447577974356615040028706440361 1.5251948452367244341847751256353053190441 2.1112196740447577974356615040028706440361
face 4 3 1 4 2
facecorners 4 1.1895243092212625305147132453833991791148 1.1895243092212625305147132453833991791148 1.1895243092212625305147132453833991791148
face 5 3 2 4 8
facecorners 5 1.1895243092212625305147132453833991791148 1.1895243092212625305147132453833991791148 1.1895243092212625305147132453833991791148
face 6 4 2 8 12 5
facecorners 6 1.5249787932897025504616105188119696794349 2.1114051200233411973807001469372123131980 1.5249787932897025504616105188119696794349 2.1114051200233411973807001469372123131980
face 7 4 2 5 9 3
facecorners 7 1.1896335862260963349195365115968385516149 2.3789672924990561891845128886158911592676 1.1896335862260963349195365115968385516149 2.3789672924990561891845128886158911592676
face 8 4 3 9 11 6
facecorners 8 1.5250259245494394293192876195218263840224 2.1113646669924189126544603204466219733160 1.5250259245494394293192876195218263840224 2.1113646669924189126544603204466219733160
face 9 5 4 10 13 12 8
facecorners 9 1.7929170146923036184601987717893367661285 2.1111007809549549267276317673670338314290 2.7148157857622421456835611874109547970570 1.4571266529841776368500724699825321551882 2.9822558779349827490298733742383942760815
face 10 5 5 12 15 11 9
facecorners 10 1.7928128946571890903600737310059022959288 2.1115555516844437590988905323811047546564 2.7143390726837189532346376752475694196035 1.4575286671358954294463095342057279551885 2.9821870539610712293512899345155452434634
face 11 5 6 11 14 10 7
facecorners 11 1.7928787966868305825597412959554817039578 2.1111064062729890876449763674480522500686 2.7148157857622421456835611874109547970570 1.4570920649345646533516572730120286273600 2.9822978522250003515828522495182460783687
face 12 4 10 14 15 13
facecorners 12 1.1897976160533424626612226005446379905611 2.3788452121960818007270123337646517922225 1.1897976160533424626612226005446379905611 2.3788452121960818007270123337646517922225
face 13 3 11 15 14
facecorners 13 1.1895243092212625305147132453833991791148 1.1895243092212625305147132453833991791148 1.1895243092212625305147132453833991791148
face 14 3 12 13 15
facecorners 14 1.1895243092212625305147132453833991791148 1.1895243092212625305147132453833991791148 1.1895243092212625305147132453833991791148
end
begin config C3-rm3-37
info base C3
info removed 1-6 2-3 13-15
info rattlers none
info delta 1.000 e-7 rad: d = psi* - delta
info newton residual 0.e-76, min non-edge gap 1.077855 e-6
n 15
d 0.9365060543089923367175684691930560782513
point 1 0.8950236207729089296053145697996324125019 0.1714916119859076727449402217814916453149 0.4117321280602559329825218951990535885956
point 2 0.4117314447192791073715021485597967424787 0.8950244857092605466936973566089997128675 0.1714887384356444435578966548777836827712
point 3 0.1714895672416521453633823122975779408338 0.4117308790654998144986188316570369989142 0.8950245871210587218097156409987922335544
point 4 0.8009930507930667217417989206096139073313 0.3819637718649896162504735936081033442999 -0.4609922011963822817293116522320661492877
point 5 -0.4609918473251695021805392206621746106456 0.8009928095347810093538109061488173376018 0.3819647048790053390309337719871450118524
point 6 0.3819643761170014750159072524436879552577 -0.4609926484383906066329290730146321047751 0.8009925052479007033414923713333941773285
point 7 0.7788410834965525123313109640109414431753 -0.6271766851586882971552787429669165407396 0.0074814605041858284871402524460694735173
point 8 0.0074818323068291282711255806688532187242 0.7788387146829340487085221960379302269903 -0.6271796223542086184420175769710799388580
point 9 -0.6271789012312256253425082373207063748529 0.0074813402890175311989069539491454276379 0.7788393001113082344754499823958560444548
point 10 0.4609916900349683959246871453285809344282 -0.3819646341956574811545194670083279822444 -0.8009929337656364042786000003211270256464
point 11 -0.3819644342723927660457024827397247231977 -0.8009930250791317370024063694677818187256 0.4609916970245260097516817855267507656739
point 12 -0.8009927442080752581032573654621270183422 0.4609924747221059625413571892563955194545 -0.3819640846671391108761121262666800501059
point 13 -0.4117318175356728700183571802188491045726 -0.1714893748214105159233787960573995757157 -0.8950241922719928108034864591646049387693
point 14 -0.1714914140022201190413649960091178555457 -0.8950235184327654844096714255401195053287 -0.4117324329898632657081277258277088559089
point 15 -0.8950244127679491924551738137312936375749 -0.4117312007794101787564951237041304747109 -0.1714897048050778165820306977925842920641
edge 1 2
edge 1 3
edge 1 4
edge 1 7
edge 2 4
edge 2 5
edge 2 8
edge 3 5
edge 3 6
edge 3 9
edge 4 8
edge 4 10
edge 5 9
edge 5 12
edge 6 7
edge 6 11
edge 7 10
edge 8 12
edge 9 11
edge 10 13
edge 10 14
edge 11 14
edge 11 15
edge 12 13
edge 12 15
edge 13 14
edge 14 15
rot 1 4 2 3 7 4
rot 2 4 1 4 8 5
rot 3 4 1 5 9 6
rot 4 4 1 10 8 2
rot 5 4 2 12 9 3
rot 6 3 3 11 7
rot 7 3 1 6 10
rot 8 3 2 4 12
rot 9 3 3 5 11
rot 10 4 4 7 14 13
rot 11 4 6 9 15 14
rot 12 4 5 8 13 15
rot 13 3 10 14 12
rot 14 4 10 11 15 13
rot 15 3 11 12 14
corner 1 2 3 1.1895318154284077102943412810089972818143
corner 1 3 7 2.3790543199273065459698997335741923133056
corner 1 7 4 1.5250714754239869422101735263836293833312
corner 1 4 2 1.1895276963998852784508722255921867899433
corner 2 1 4 1.1895276963998852784508722255921867899433
corner 2 4 8 1.1895276963998852784508722255921867899433
corner 2 8 5 1.5250775869494773649288514510233762825537
corner 2 5 1 2.3790523274303385550946908643512559059540
corner 3 1 5 2.3790523274303385550946908643512559059540
corner 3 5 9 1.1895276963998852784508722255921867899433
corner 3 9 6 1.5250761452979520673233897238214210193498
corner 3 6 1 1.1895291380514105760563339527941420531473
corner 4 1 10 2.1113371074601495095235806365343560410339
corner 4 10 8 1.7927928069196664104999616788402761474738
corner 4 8 2 1.1895276963998852784508722255921867899433
corner 4 2 1 1.1895276963998852784508722255921867899433
corner 5 2 12 2.1113318617613484681716754293351248820515
corner 5 12 9 1.7927939335899450200083978306226968145852
corner 5 9 3 1.1895276963998852784508722255921867899433
corner 5 3 2 1.1895318154284077102943412810089972818143
corner 6 3 11 2.1113330991738370403322892697279640846218
corner 6 11 7 1.7927978880784428906230977632568493704670
corner 6 7 3 2.3790543199273065459698997335741923133056
corner 7 1 6 1.1895291380514105760563339527941420531473
corner 7 6 10 2.9823190616680263913453721772305076742132
corner 7 10 1 2.1113371074601495095235806365343560410339
corner 8 2 4 1.1895276963998852784508722255921867899433
corner 8 4 12 2.9823257490183527303027391116316940963995
corner 8 12 2 2.1113318617613484681716754293351248820515
corner 9 3 5 1.1895276963998852784508722255921867899433
corner 9 5 11 2.9823245116058641581421252712388548938293
corner 9 11 3 2.1113330991738370403322892697279640846218
corner 10 4 7 1.5250714754239869422101735263836293833312
corner 10 7 14 1.4572524861761805519072407616358083532339
corner 10 14 13 1.1895276963998852784508722255921867899433
corner 10 13 4 2.1113336491795337043570002529473812418860
corner 11 6 9 1.5250761452979520673233897238214210193498
corner 11 9 15 1.4572459087296978113077022770672916872621
corner 11 15 14 1.1895276963998852784508722255921867899433
corner 11 14 6 2.1113355567520513198433225400781062718391
corner 12 5 8 1.5250775869494773649288514510233762825537
corner 12 8 13 1.4572448890322224971532392716035126212658
corner 12 13 15 1.1895293478057930382888688946769492085297
corner 12 15 5 2.1113334833920935765543271492551676560451
corner 13 10 14 1.1895276963998852784508722255921867899433
corner 13 14 12 2.3790541638287158220615851274261045695926
corner 13 12 10 2.7146034469509853764128294135407144088585
corner 14 10 11 2.7146005665740228817346734206976829799780
corner 14 11 15 1.1895276963998852784508722255921867899433
corner 14 15 13 1.1895293478057930382888688946769492085297
corner 14 13 10 1.1895276963998852784508722255921867899433
corner 15 11 12 2.7146034469509853764128294135407144088585
corner 15 12 14 2.3790541638287158220615851274261045695926
corner 15 14 11 1.1895276963998852784508722255921867899433
face 1 4 1 2 5 3
facecorners 1 1.1895318154284077102943412810089972818143 2.3790523274303385550946908643512559059540 1.1895318154284077102943412810089972818143 2.3790523274303385550946908643512559059540
face 2 4 1 3 6 7
facecorners 2 2.3790543199273065459698997335741923133056 1.1895291380514105760563339527941420531473 2.3790543199273065459698997335741923133056 1.1895291380514105760563339527941420531473
face 3 4 1 7 10 4
facecorners 3 1.5250714754239869422101735263836293833312 2.1113371074601495095235806365343560410339 1.5250714754239869422101735263836293833312 2.1113371074601495095235806365343560410339
face 4 3 1 4 2
facecorners 4 1.1895276963998852784508722255921867899433 1.1895276963998852784508722255921867899433 1.1895276963998852784508722255921867899433
face 5 3 2 4 8
facecorners 5 1.1895276963998852784508722255921867899433 1.1895276963998852784508722255921867899433 1.1895276963998852784508722255921867899433
face 6 4 2 8 12 5
facecorners 6 1.5250775869494773649288514510233762825537 2.1113318617613484681716754293351248820515 1.5250775869494773649288514510233762825537 2.1113318617613484681716754293351248820515
face 7 3 3 5 9
facecorners 7 1.1895276963998852784508722255921867899433 1.1895276963998852784508722255921867899433 1.1895276963998852784508722255921867899433
face 8 4 3 9 11 6
facecorners 8 1.5250761452979520673233897238214210193498 2.1113330991738370403322892697279640846218 1.5250761452979520673233897238214210193498 2.1113330991738370403322892697279640846218
face 9 5 4 10 13 12 8
facecorners 9 1.7927928069196664104999616788402761474738 2.1113336491795337043570002529473812418860 2.7146034469509853764128294135407144088585 1.4572448890322224971532392716035126212658 2.9823257490183527303027391116316940963995
face 10 5 5 12 15 11 9
facecorners 10 1.7927939335899450200083978306226968145852 2.1113334833920935765543271492551676560451 2.7146034469509853764128294135407144088585 1.4572459087296978113077022770672916872621 2.9823245116058641581421252712388548938293
face 11 5 6 11 14 10 7
facecorners 11 1.7927978880784428906230977632568493704670 2.1113355567520513198433225400781062718391 2.7146005665740228817346734206976829799780 1.4572524861761805519072407616358083532339 2.9823190616680263913453721772305076742132
face 12 3 10 14 13
facecorners 12 1.1895276963998852784508722255921867899433 1.1895276963998852784508722255921867899433 1.1895276963998852784508722255921867899433
face 13 3 11 15 14
facecorners 13 1.1895276963998852784508722255921867899433 1.1895276963998852784508722255921867899433 1.1895276963998852784508722255921867899433
face 14 4 12 13 14 15
facecorners 14 1.1895293478057930382888688946769492085297 2.3790541638287158220615851274261045695926 1.1895293478057930382888688946769492085297 2.3790541638287158220615851274261045695926
end
begin config C3-rm3-38
info base C3
info removed 1-6 2-3 13-15
info rattlers none
info delta 1.000 e-3 rad: d = psi* - delta
info newton residual 2.75 e-68, min non-edge gap 1.180742 e-2
n 15
d 0.9355061543089923367175684691930560782513
point 1 0.8911318163034093260034416765355525301715 0.1857415896951599554284269050072311424287 0.4139856855367122299532881364560228198074
point 2 0.4064782382736137084646022407918830556048 0.9005189882619038621095092776921265844243 0.1544052900315801159292421702862127148320
point 3 0.1635925635432161338057435851902909690414 0.4004830588914466943274111286852746415445 0.9015823826441535067254533398794694652730
point 4 0.8026185916500423640500456197316412889367 0.3760666277261625995977212798936557274592 -0.4630089500737263042408259074989513066902
point 5 -0.4591891932067734049858355444579344333823 0.8000276079387770183756987116509435787558 0.3861361306299515558218768228537816469361
point 6 0.3826538241814612274850187434379214247012 -0.4679480020875351375110371474293378232315 0.7966183014352529732768726900759017477848
point 7 0.7908801734463605969032306507716405012752 -0.6119458971203557917222839739494894515906 0.0055470935648773528308567977003814081889
point 8 0.0094411483501412431182075958091661137981 0.7650991241102372288608288013333717863049 -0.6438433000378107800471310190780632250930
point 9 -0.6359732609651873641609877074334131201252 0.0042473888461255551363122133687468772119 0.7716994045775177986062423039987811610077
point 10 0.4577265455155763959091157677078851119858 -0.3854077155003231869454708311033418464722 -0.8012161396047878616606863288787941104715
point 11 -0.3831369599357199425248380228599925536071 -0.8023585428000671340366469355790310911216 0.4576317719815434412617798551179088584854
point 12 -0.7992011878514718592330285780102721121720 0.4661599638820253763326690886771477961089 -0.3794368846202292781419210375652167393993
point 13 -0.4103849206302001804857458326765589372567 -0.1611779021196034815991826438030845821107 -0.8975555140422612421327046021946076923446
point 14 -0.1835614235369216056513608918667277905064 -0.8899936492961171126818601802202930438374 -0.4173925107158476344865758120125022865961
point 15 -0.8998466370005540493392983489607546602229 -0.4038825340237315588627050929346562431851 -0.1647875255878382071883304993827689305423
edge 1 2
edge 1 3
edge 1 4
edge 1 7
edge 2 4
edge 2 5
edge 2 8
edge 3 5
edge 3 6
edge 3 9
edge 4 8
edge 4 10
edge 5 9
edge 5 12
edge 6 7
edge 6 11
edge 7 10
edge 8 12
edge 9 11
edge 10 13
edge 10 14
edge 11 14
edge 11 15
edge 12 13
edge 12 15
edge 13 14
edge 14 15
rot 1 4 2 3 7 4
rot 2 4 1 4 8 5
rot 3 4 1 5 9 6
rot 4 4 1 10 8 2
rot 5 4 2 12 9 3
rot 6 3 3 11 7
rot 7 3 1 6 10
rot 8 3 2 4 12
rot 9 3 3 5 11
rot 10 4 4 7 14 13
rot 11 4 6 9 15 14
rot 12 4 5 8 13 15
rot 13 3 10 14 12
rot 14 4 10 11 15 13
rot 15 3 11 12 14
corner 1 2 3 1.2338109917545572709381692811063058132760
corner 1 3 7 2.3665491418971103398161716077881028700941
corner 1 7 4 1.4936393096379537840255650640784844438992
corner 1 4 2 1.1891858638899650821453808135861126411251
corner 2 1 4 1.1891858638899650821453808135861126411251
corner 2 4 8 1.1891858638899650821453808135861126411251
corner 2 8 5 1.5599647311395518549996693066724675963475
corner 2 5 1 2.3448488482601044576348558327143128897967
corner 3 1 5 2.3448488482601044576348558327143128897967
corner 3 5 9 1.1891858638899650821453808135861126411251
corner 3 9 6 1.5441394301385683326486600344505915688843
corner 3 6 1 1.2050111648909486044963900858079886685883
corner 4 1 10 2.1369738226104910345200392320403007175800
corner 4 10 8 1.7678397567891652781144859073464797685642
corner 4 8 2 1.1891858638899650821453808135861126411251
corner 4 2 1 1.1891858638899650821453808135861126411251
corner 5 2 12 2.0799541060682278433028439461841938254959
corner 5 12 9 1.7802343454668362805388927256823934884974
corner 5 9 3 1.1891858638899650821453808135861126411251
corner 5 3 2 1.2338109917545572709381692811063058132760
corner 6 3 11 2.0937210104747683659696643593591996929086
corner 6 11 7 1.8229151548077077711394507994117032053916
corner 6 7 3 2.3665491418971103398161716077881028700941
corner 7 1 6 1.2050111648909486044963900858079886685883
corner 7 6 10 2.9412003196781468379088574487107163822260
corner 7 10 1 2.1369738226104910345200392320403007175800
corner 8 2 4 1.1891858638899650821453808135861126411251
corner 8 4 12 3.0140453372213935514770620067886993017734
corner 8 12 2 2.0799541060682278433028439461841938254959
corner 9 3 5 1.1891858638899650821453808135861126411251
corner 9 5 11 3.0002784328148530288102415936136934343606
corner 9 11 3 2.0937210104747683659696643593591996929086
corner 10 4 7 1.4936393096379537840255650640784844438992
corner 10 7 14 1.5012799779260371552982256967442924566975
corner 10 14 13 1.1891858638899650821453808135861126411251
corner 10 13 4 2.0990801557256304554561151921501162266726
corner 11 6 9 1.5441394301385683326486600344505915688843
corner 11 9 15 1.4294635509921742810540449272423636102622
corner 11 15 14 1.1891858638899650821453808135861126411251
corner 11 14 6 2.1203964621588787810772009912799379481228
corner 12 5 8 1.5599647311395518549996693066724675963475
corner 12 8 13 1.4180774545240302611623078831315536176362
corner 12 13 15 1.2076210627404728021388997962144332959508
corner 12 15 5 2.0975220587755315586244097805405512584598
corner 13 10 14 1.1891858638899650821453808135861126411251
corner 13 14 12 2.3645925181043898542725616898047009782366
corner 13 12 10 2.7294069251852315405073442631681921490327
corner 14 10 11 2.6971925166591835104956253431723471901934
corner 14 11 15 1.1891858638899650821453808135861126411251
corner 14 15 13 1.2076210627404728021388997962144332959508
corner 14 13 10 1.1891858638899650821453808135861126411251
corner 15 11 12 2.7294069251852315405073442631681921490327
corner 15 12 14 2.3645925181043898542725616898047009782366
corner 15 14 11 1.1891858638899650821453808135861126411251
face 1 4 1 2 5 3
facecorners 1 1.2338109917545572709381692811063058132760 2.3448488482601044576348558327143128897967 1.2338109917545572709381692811063058132760 2.3448488482601044576348558327143128897967
face 2 4 1 3 6 7
facecorners 2 2.3665491418971103398161716077881028700941 1.2050111648909486044963900858079886685883 2.3665491418971103398161716077881028700941 1.2050111648909486044963900858079886685883
face 3 4 1 7 10 4
facecorners 3 1.4936393096379537840255650640784844438992 2.1369738226104910345200392320403007175800 1.4936393096379537840255650640784844438992 2.1369738226104910345200392320403007175800
face 4 3 1 4 2
facecorners 4 1.1891858638899650821453808135861126411251 1.1891858638899650821453808135861126411251 1.1891858638899650821453808135861126411251
face 5 3 2 4 8
facecorners 5 1.1891858638899650821453808135861126411251 1.1891858638899650821453808135861126411251 1.1891858638899650821453808135861126411251
face 6 4 2 8 12 5
facecorners 6 1.5599647311395518549996693066724675963475 2.0799541060682278433028439461841938254959 1.5599647311395518549996693066724675963475 2.0799541060682278433028439461841938254959
face 7 3 3 5 9
facecorners 7 1.1891858638899650821453808135861126411251 1.1891858638899650821453808135861126411251 1.1891858638899650821453808135861126411251
face 8 4 3 9 11 6
facecorners 8 1.5441394301385683326486600344505915688843 2.0937210104747683659696643593591996929086 1.5441394301385683326486600344505915688843 2.0937210104747683659696643593591996929086
face 9 5 4 10 13 12 8
facecorners 9 1.7678397567891652781144859073464797685642 2.0990801557256304554561151921501162266726 2.7294069251852315405073442631681921490327 1.4180774545240302611623078831315536176362 3.0140453372213935514770620067886993017734
face 10 5 5 12 15 11 9
facecorners 10 1.7802343454668362805388927256823934884974 2.0975220587755315586244097805405512584598 2.7294069251852315405073442631681921490327 1.4294635509921742810540449272423636102622 3.0002784328148530288102415936136934343606
face 11 5 6 11 14 10 7
facecorners 11 1.8229151548077077711394507994117032053916 2.1203964621588787810772009912799379481228 2.6971925166591835104956253431723471901934 1.5012799779260371552982256967442924566975 2.9412003196781468379088574487107163822260
face 12 3 10 14 13
facecorners 12 1.1891858638899650821453808135861126411251 1.1891858638899650821453808135861126411251 1.1891858638899650821453808135861126411251
face 13 3 11 15 14
facecorners 13 1.1891858638899650821453808135861126411251 1.1891858638899650821453808135861126411251 1.1891858638899650821453808135861126411251
face 14 4 12 13 14 15
facecorners 14 1.2076210627404728021388997962144332959508 2.3645925181043898542725616898047009782366 1.2076210627404728021388997962144332959508 2.3645925181043898542725616898047009782366
end
begin config C3-rm3-39
info base C3
info removed 1-6 2-4 3-5
info rattlers none
info delta 1.000 e-5 rad: d = psi* - delta
info newton residual 5.75 e-66, min non-edge gap 8.282984 e-5
n 15
d 0.9364961543089923367175684691930560782513
point 1 0.8950330710099250192903815939835200363086 0.1715179631107202881594385631636250620029 0.4117006073943686962622659460707855258676
point 2 0.4117006073943686962622659460707855258676 0.8950330710099250192903815939835200363086 0.1715179631107202881594385631636250620029
point 3 0.1715179631107202881594385631636250620029 0.4117006073943686962622659460707855258676 0.8950330710099250192903815939835200363086
point 4 0.8009832047564350226089235308830374682293 0.3819475111387816092026513120822255536835 -0.4610227808178259491542215054872119983745
point 5 -0.4610227808178259491542215054872119983745 0.8009832047564350226089235308830374682293 0.3819475111387816092026513120822255536835
point 6 0.3819475111387816092026513120822255536835 -0.4610227808178259491542215054872119983745 0.8009832047564350226089235308830374682293
point 7 0.7788544956129788677346607972342302078748 -0.6271599567869016595252641709400166011275 0.0074875407514032754249345249064662375337
point 8 0.0074875407514032754249345249064662375337 0.7788544956129788677346607972342302078748 -0.6271599567869016595252641709400166011275
point 9 -0.6271599567869016595252641709400166011275 0.0074875407514032754249345249064662375337 0.7788544956129788677346607972342302078748
point 10 0.4609872165190646337766955019722290572332 -0.3819908812944671874022073505658145903452 -0.8009829915883865389829375525447049667372
point 11 -0.3819908812944671874022073505658145903452 -0.8009829915883865389829375525447049667372 0.4609872165190646337766955019722290572332
point 12 -0.8009829915883865389829375525447049667372 0.4609872165190646337766955019722290572332 -0.3819908812944671874022073505658145903452
point 13 -0.4117228966425594090484628240885092808039 -0.1715030736764970086059278125651703086379 -0.8950256711959575860576954665642510347373
point 14 -0.1715030736764970086059278125651703086379 -0.8950256711959575860576954665642510347373 -0.4117228966425594090484628240885092808039
point 15 -0.8950256711959575860576954665642510347373 -0.4117228966425594090484628240885092808039 -0.1715030736764970086059278125651703086379
edge 1 2
edge 1 3
edge 1 4
edge 1 7
edge 2 3
edge 2 5
edge 2 8
edge 3 6
edge 3 9
edge 4 8
edge 4 10
edge 5 9
edge 5 12
edge 6 7
edge 6 11
edge 7 10
edge 8 12
edge 9 11
edge 10 13
edge 10 14
edge 11 14
edge 11 15
edge 12 13
edge 12 15
edge 13 14
edge 13 15
edge 14 15
rot 1 4 2 3 7 4
rot 2 4 1 8 5 3
rot 3 4 1 2 9 6
rot 4 3 1 10 8
rot 5 3 2 12 9
rot 6 3 3 11 7
rot 7 3 1 6 10
rot 8 3 2 4 12
rot 9 3 3 5 11
rot 10 4 4 7 14 13
rot 11 4 6 9 15 14
rot 12 4 5 8 13 15
rot 13 4 10 14 15 12
rot 14 4 10 11 15 13
rot 15 4 11 12 13 14
corner 1 2 3 1.1895243092212625305147132453833991791148
corner 1 3 7 2.3789661676750711577016202320675869514166
corner 1 7 4 1.5250597326720310551789662065061688895483
corner 1 4 2 1.1896350976112217335299870826018507483146
corner 2 1 8 2.3789661676750711577016202320675869514166
corner 2 8 5 1.5250597326720310551789662065061688895483
corner 2 5 3 1.1896350976112217335299870826018507483146
corner 2 3 1 1.1895243092212625305147132453833991791148
corner 3 1 2 1.1895243092212625305147132453833991791148
corner 3 2 9 2.3789661676750711577016202320675869514166
corner 3 9 6 1.5250597326720310551789662065061688895483
corner 3 6 1 1.1896350976112217335299870826018507483146
corner 4 1 10 2.1113356487354361232819691748150568352540
corner 4 10 8 1.7928834907690791959416973596763619817237
corner 4 8 1 2.3789661676750711577016202320675869514166
corner 5 2 12 2.1113356487354361232819691748150568352540
corner 5 12 9 1.7928834907690791959416973596763619817237
corner 5 9 2 2.3789661676750711577016202320675869514166
corner 6 3 11 2.1113356487354361232819691748150568352540
corner 6 11 7 1.7928834907690791959416973596763619817237
corner 6 7 3 2.3789661676750711577016202320675869514166
corner 7 1 6 1.1896350976112217335299870826018507483146
corner 7 6 10 2.9822145608329286201133305091420981848258
corner 7 10 1 2.1113356487354361232819691748150568352540
corner 8 2 4 1.1896350976112217335299870826018507483146
corner 8 4 12 2.9822145608329286201133305091420981848258
corner 8 12 2 2.1113356487354361232819691748150568352540
corner 9 3 5 1.1896350976112217335299870826018507483146
corner 9 5 11 2.9822145608329286201133305091420981848258
corner 9 11 3 2.1113356487354361232819691748150568352540
corner 10 4 7 1.5250597326720310551789662065061688895483
corner 10 7 14 1.4573080464128863332265319333018607301651
corner 10 14 13 1.1895243092212625305147132453833991791148
corner 10 13 4 2.1112932188734065580050753813675769695661
corner 11 6 9 1.5250597326720310551789662065061688895483
corner 11 9 15 1.4573080464128863332265319333018607301651
corner 11 15 14 1.1895243092212625305147132453833991791148
corner 11 14 6 2.1112932188734065580050753813675769695661
corner 12 5 8 1.5250597326720310551789662065061688895483
corner 12 8 13 1.4573080464128863332265319333018607301651
corner 12 13 15 1.1895243092212625305147132453833991791148
corner 12 15 5 2.1112932188734065580050753813675769695661
corner 13 10 14 1.1895243092212625305147132453833991791148
corner 13 14 15 1.1895243092212625305147132453833991791148
corner 13 15 12 1.1895243092212625305147132453833991791148
corner 13 12 10 2.7146123795157988853811470304088082310498
corner 14 10 11 2.7146123795157988853811470304088082310498
corner 14 11 15 1.1895243092212625305147132453833991791148
corner 14 15 13 1.1895243092212625305147132453833991791148
corner 14 13 10 1.1895243092212625305147132453833991791148
corner 15 11 12 2.7146123795157988853811470304088082310498
corner 15 12 13 1.1895243092212625305147132453833991791148
corner 15 13 14 1.1895243092212625305147132453833991791148
corner 15 14 11 1.1895243092212625305147132453833991791148
face 1 3 1 2 3
facecorners 1 1.1895243092212625305147132453833991791148 1.1895243092212625305147132453833991791148 1.1895243092212625305147132453833991791148
face 2 4 1 3 6 7
facecorners 2 2.3789661676750711577016202320675869514166 1.1896350976112217335299870826018507483146 2.3789661676750711577016202320675869514166 1.1896350976112217335299870826018507483146
face 3 4 1 7 10 4
facecorners 3 1.5250597326720310551789662065061688895483 2.1113356487354361232819691748150568352540 1.5250597326720310551789662065061688895483 2.1113356487354361232819691748150568352540
face 4 4 1 4 8 2
facecorners 4 1.1896350976112217335299870826018507483146 2.3789661676750711577016202320675869514166 1.1896350976112217335299870826018507483146 2.3789661676750711577016202320675869514166
face 5 4 2 8 12 5
facecorners 5 1.5250597326720310551789662065061688895483 2.1113356487354361232819691748150568352540 1.5250597326720310551789662065061688895483 2.1113356487354361232819691748150568352540
face 6 4 2 5 9 3
facecorners 6 1.1896350976112217335299870826018507483146 2.3789661676750711577016202320675869514166 1.1896350976112217335299870826018507483146 2.3789661676750711577016202320675869514166
face 7 4 3 9 11 6
facecorners 7 1.5250597326720310551789662065061688895483 2.1113356487354361232819691748150568352540 1.5250597326720310551789662065061688895483 2.1113356487354361232819691748150568352540
face 8 5 4 10 13 12 8
facecorners 8 1.7928834907690791959416973596763619817237 2.1112932188734065580050753813675769695661 2.7146123795157988853811470304088082310498 1.4573080464128863332265319333018607301651 2.9822145608329286201133305091420981848258
face 9 5 5 12 15 11 9
facecorners 9 1.7928834907690791959416973596763619817237 2.1112932188734065580050753813675769695661 2.7146123795157988853811470304088082310498 1.4573080464128863332265319333018607301651 2.9822145608329286201133305091420981848258
face 10 5 6 11 14 10 7
facecorners 10 1.7928834907690791959416973596763619817237 2.1112932188734065580050753813675769695661 2.7146123795157988853811470304088082310498 1.4573080464128863332265319333018607301651 2.9822145608329286201133305091420981848258
face 11 3 10 14 13
facecorners 11 1.1895243092212625305147132453833991791148 1.1895243092212625305147132453833991791148 1.1895243092212625305147132453833991791148
face 12 3 11 15 14
facecorners 12 1.1895243092212625305147132453833991791148 1.1895243092212625305147132453833991791148 1.1895243092212625305147132453833991791148
face 13 3 12 13 15
facecorners 13 1.1895243092212625305147132453833991791148 1.1895243092212625305147132453833991791148 1.1895243092212625305147132453833991791148
face 14 3 13 14 15
facecorners 14 1.1895243092212625305147132453833991791148 1.1895243092212625305147132453833991791148 1.1895243092212625305147132453833991791148
end
begin config C3-rm3-40
info base C3
info removed 1-6 2-4 3-5
info rattlers none
info delta 1.000 e-2 rad: d = psi* - delta
info newton residual 4.36 e-64, min non-edge gap 8.872230 e-2
n 15
d 0.9265061543089923367175684691930560782513
point 1 0.9035276845855976801890766015432382672137 0.2024387670550139677576918446345796389124 0.3776986481053837497025342466117269323561
point 2 0.3776986481053837497025342466117269323561 0.9035276845855976801890766015432382672137 0.2024387670550139677576918446345796389124
point 3 0.2024387670550139677576918446345796389124 0.3776986481053837497025342466117269323561 0.9035276845855976801890766015432382672137
point 4 0.7895635852971475346561396881769789425544 0.3643240742784594582335745880310823388096 -0.4938191102760783040058334102552235080641
point 5 -0.4938191102760783040058334102552235080641 0.7895635852971475346561396881769789425544 0.3643240742784594582335745880310823388096
point 6 0.3643240742784594582335745880310823388096 -0.4938191102760783040058334102552235080641 0.7895635852971475346561396881769789425544
point 7 0.7946782438385846889755104493446399061426 -0.6068581652448722344882462086329230713465 0.0144795043164564508278314856982825172109
point 8 0.0144795043164564508278314856982825172109 0.7946782438385846889755104493446399061426 -0.6068581652448722344882462086329230713465
point 9 -0.6068581652448722344882462086329230713465 0.0144795043164564508278314856982825172109 0.7946782438385846889755104493446399061426
point 10 0.4565937758751099051338413124514918367533 -0.4106619157877475361886163539383869882999 -0.7892267828410582106683086452894555158106
point 11 -0.4106619157877475361886163539383869882999 -0.7892267828410582106683086452894555158106 0.4565937758751099051338413124514918367533
point 12 -0.7892267828410582106683086452894555158106 0.4565937758751099051338413124514918367533 -0.4106619157877475361886163539383869882999
point 13 -0.4014972730219286112880813614070409269166 -0.1852353942154659183884744475999400385900 -0.8969324325086008679727468837825638729755
point 14 -0.1852353942154659183884744475999400385900 -0.8969324325086008679727468837825638729755 -0.4014972730219286112880813614070409269166
point 15 -0.8969324325086008679727468837825638729755 -0.4014972730219286112880813614070409269166 -0.1852353942154659183884744475999400385900
edge 1 2
edge 1 3
edge 1 4
edge 1 7
edge 2 3
edge 2 5
edge 2 8
edge 3 6
edge 3 9
edge 4 8
edge 4 10
edge 5 9
edge 5 12
edge 6 7
edge 6 11
edge 7 10
edge 8 12
edge 9 11
edge 10 13
edge 10 14
edge 11 14
edge 11 15
edge 12 13
edge 12 15
edge 13 14
edge 13 15
edge 14 15
rot 1 4 2 3 7 4
rot 2 4 1 8 5 3
rot 3 4 1 2 9 6
rot 4 3 1 10 8
rot 5 3 2 12 9
rot 6 3 3 11 7
rot 7 3 1 6 10
rot 8 3 2 4 12
rot 9 3 3 5 11
rot 10 4 4 7 14 13
rot 11 4 6 9 15 14
rot 12 4 5 8 13 15
rot 13 4 10 14 15 12
rot 14 4 10 11 15 13
rot 15 4 11 12 13 14
corner 1 2 3 1.1861337282615198403527990931851430261456
corner 1 3 7 2.2794173992138107359823380707428796869598
corner 1 7 4 1.5106137469891567360436443193498246843888
corner 1 4 2 1.3070204327150991645465052832811583709002
corner 2 1 8 2.2794173992138107359823380707428796869598
corner 2 8 5 1.5106137469891567360436443193498246843888
corner 2 5 3 1.3070204327150991645465052832811583709002
corner 2 3 1 1.1861337282615198403527990931851430261456
corner 3 1 2 1.1861337282615198403527990931851430261456
corner 3 2 9 2.2794173992138107359823380707428796869598
corner 3 9 6 1.5106137469891567360436443193498246843888
corner 3 6 1 1.3070204327150991645465052832811583709002
corner 4 1 10 2.1122174605220622606286156465605225233887
corner 4 10 8 1.8915504474437134803143330492556035580458
corner 4 8 1 2.2794173992138107359823380707428796869598
corner 5 2 12 2.1122174605220622606286156465605225233887
corner 5 12 9 1.8915504474437134803143330492556035580458
corner 5 9 2 2.2794173992138107359823380707428796869598
corner 6 3 11 2.1122174605220622606286156465605225233887
corner 6 11 7 1.8915504474437134803143330492556035580458
corner 6 7 3 2.2794173992138107359823380707428796869598
corner 7 1 6 1.3070204327150991645465052832811583709002
corner 7 6 10 2.8639474139424250517501658367173248741055
corner 7 10 1 2.1122174605220622606286156465605225233887
corner 8 2 4 1.3070204327150991645465052832811583709002
corner 8 4 12 2.8639474139424250517501658367173248741055
corner 8 12 2 2.1122174605220622606286156465605225233887
corner 9 3 5 1.3070204327150991645465052832811583709002
corner 9 5 11 2.8639474139424250517501658367173248741055
corner 9 11 3 2.1122174605220622606286156465605225233887
corner 10 4 7 1.5106137469891567360436443193498246843888
corner 10 7 14 1.5230074036421947352168040811185022545154
corner 10 14 13 1.1861337282615198403527990931851430261456
corner 10 13 4 2.0634304282867151653120392729055358033446
corner 11 6 9 1.5106137469891567360436443193498246843888
corner 11 9 15 1.5230074036421947352168040811185022545154
corner 11 15 14 1.1861337282615198403527990931851430261456
corner 11 14 6 2.0634304282867151653120392729055358033446
corner 12 5 8 1.5106137469891567360436443193498246843888
corner 12 8 13 1.5230074036421947352168040811185022545154
corner 12 13 15 1.1861337282615198403527990931851430261456
corner 12 15 5 2.0634304282867151653120392729055358033446
corner 13 10 14 1.1861337282615198403527990931851430261456
corner 13 14 15 1.1861337282615198403527990931851430261456
corner 13 15 12 1.1861337282615198403527990931851430261456
corner 13 12 10 2.7247841223950269558668894870035766899576
corner 14 10 11 2.7247841223950269558668894870035766899576
corner 14 11 15 1.1861337282615198403527990931851430261456
corner 14 15 13 1.1861337282615198403527990931851430261456
corner 14 13 10 1.1861337282615198403527990931851430261456
corner 15 11 12 2.7247841223950269558668894870035766899576
corner 15 12 13 1.1861337282615198403527990931851430261456
corner 15 13 14 1.1861337282615198403527990931851430261456
corner 15 14 11 1.1861337282615198403527990931851430261456
face 1 3 1 2 3
facecorners 1 1.1861337282615198403527990931851430261456 1.1861337282615198403527990931851430261456 1.1861337282615198403527990931851430261456
face 2 4 1 3 6 7
facecorners 2 2.2794173992138107359823380707428796869598 1.3070204327150991645465052832811583709002 2.2794173992138107359823380707428796869598 1.3070204327150991645465052832811583709002
face 3 4 1 7 10 4
facecorners 3 1.5106137469891567360436443193498246843888 2.1122174605220622606286156465605225233887 1.5106137469891567360436443193498246843888 2.1122174605220622606286156465605225233887
face 4 4 1 4 8 2
facecorners 4 1.3070204327150991645465052832811583709002 2.2794173992138107359823380707428796869598 1.3070204327150991645465052832811583709002 2.2794173992138107359823380707428796869598
face 5 4 2 8 12 5
facecorners 5 1.5106137469891567360436443193498246843888 2.1122174605220622606286156465605225233887 1.5106137469891567360436443193498246843888 2.1122174605220622606286156465605225233887
face 6 4 2 5 9 3
facecorners 6 1.3070204327150991645465052832811583709002 2.2794173992138107359823380707428796869598 1.3070204327150991645465052832811583709002 2.2794173992138107359823380707428796869598
face 7 4 3 9 11 6
facecorners 7 1.5106137469891567360436443193498246843888 2.1122174605220622606286156465605225233887 1.5106137469891567360436443193498246843888 2.1122174605220622606286156465605225233887
face 8 5 4 10 13 12 8
facecorners 8 1.8915504474437134803143330492556035580458 2.0634304282867151653120392729055358033446 2.7247841223950269558668894870035766899576 1.5230074036421947352168040811185022545154 2.8639474139424250517501658367173248741055
face 9 5 5 12 15 11 9
facecorners 9 1.8915504474437134803143330492556035580458 2.0634304282867151653120392729055358033446 2.7247841223950269558668894870035766899576 1.5230074036421947352168040811185022545154 2.8639474139424250517501658367173248741055
face 10 5 6 11 14 10 7
facecorners 10 1.8915504474437134803143330492556035580458 2.0634304282867151653120392729055358033446 2.7247841223950269558668894870035766899576 1.5230074036421947352168040811185022545154 2.8639474139424250517501658367173248741055
face 11 3 10 14 13
facecorners 11 1.1861337282615198403527990931851430261456 1.1861337282615198403527990931851430261456 1.1861337282615198403527990931851430261456
face 12 3 11 15 14
facecorners 12 1.1861337282615198403527990931851430261456 1.1861337282615198403527990931851430261456 1.1861337282615198403527990931851430261456
face 13 3 12 13 15
facecorners 13 1.1861337282615198403527990931851430261456 1.1861337282615198403527990931851430261456 1.1861337282615198403527990931851430261456
face 14 3 13 14 15
facecorners 14 1.1861337282615198403527990931851430261456 1.1861337282615198403527990931851430261456 1.1861337282615198403527990931851430261456
end
begin config C3-rm3-41
info base C3
info removed 2-4 3-5 14-15
info rattlers none
info delta 1.000 e-3 rad: d = psi* - delta
info newton residual 5.53 e-77, min non-edge gap 8.485001 e-3
n 15
d 0.9355061543089923367175684691930560782513
point 1 0.8947674140435534477312342384317131177378 0.1709700521415837002066570537984585118273 0.4125051709209429331055788699831594433823
point 2 0.4099070068311659290028951286076129207076 0.8944506306095393275238225627065799836351 0.1787017491601912580930427548748713123509
point 3 0.1718115667524244100794944092694643612436 0.4053102711790573723152405960250078407284 0.8978888403398475170413384718074150595211
point 4 0.8026431399136149974309306232820994836603 0.3798243050004780305755318851412153479774 -0.4598885596321318571360657009373575141372
point 5 -0.4644873782049156918177682150136887578774 0.8007261369763103004244113327306230274902 0.3782712374095058861671713208471882725672
point 6 0.3845142264403210168565864679536584271013 -0.4652191030757638837874736480159187459390 0.7973205100826036776016572085219185651673
point 7 0.7810372300392805887911510186526027993159 -0.6244761258798924027548824981041036232883 0.0032269952910832580281278838726231964678
point 8 0.0122775178664562864502740402559731702467 0.7822479449102938144548838805386373280159 -0.6228462211803654992620449331777733072758
point 9 -0.6291431298336016522823132362134636949331 0.0089610487211452723335808523800230716254 0.7772378154651233355489017235940589772153
point 10 0.4591595564064394235289334472560535253196 -0.3801288602842849415435351682644726154559 -0.8029162791596720090559968078447918157636
point 11 -0.3831728606227753563130166974734356643016 -0.7995208136353824409201698385038942526098 0.4625419196634778852070318669063159168253
point 12 -0.7973943075211886812430499233144114022778 0.4619602039384231226018000230798895259936 -0.3882719257298607390798259043196214198663
point 13 -0.4163375209012451504561837256333009807744 -0.1826890627841897262487182444448697225290 -0.8906670393748943721097547151044319858313
point 14 -0.1621336465476197045269016665828987448174 -0.8993802672675209701647081704493114858788 -0.4059899204499713596874817532320890361591
point 15 -0.8996984895068074509193082076807045057188 -0.4050956160153217608913436962445294122883 -0.1626043353183920210260209057027360930020
edge 1 2
edge 1 3
edge 1 4
edge 1 6
edge 1 7
edge 2 3
edge 2 5
edge 2 8
edge 3 6
edge 3 9
edge 4 8
edge 4 10
edge 5 9
edge 5 12
edge 6 7
edge 6 11
edge 7 10
edge 8 12
edge 9 11
edge 10 13
edge 10 14
edge 11 14
edge 11 15
edge 12 13
edge 12 15
edge 13 14
edge 13 15
rot 1 5 2 3 6 7 4
rot 2 4 1 8 5 3
rot 3 4 1 2 9 6
rot 4 3 1 10 8
rot 5 3 2 12 9
rot 6 4 1 3 11 7
rot 7 3 1 6 10
rot 8 3 2 4 12
rot 9 3 3 5 11
rot 10 4 4 7 14 13
rot 11 4 6 9 15 14
rot 12 4 5 8 13 15
rot 13 4 10 14 15 12
rot 14 3 10 11 13
rot 15 3 11 12 13
corner 1 2 3 1.1891858638899650821453808135861126411251
corner 1 3 6 1.1891858638899650821453808135861126411251
corner 1 6 7 1.1891858638899650821453808135861126411251
corner 1 7 4 1.5150733758017774156961724220550606588285
corner 1 4 2 1.2005543397079138147929719037456071861906
corner 2 1 8 2.3698858911918118716413005748352214007609
corner 2 8 5 1.5199580295299278333878921097613160670133
corner 2 5 3 1.2041555225678816897507132683763556594951
corner 2 3 1 1.1891858638899650821453808135861126411251
corner 3 1 2 1.1891858638899650821453808135861126411251
corner 3 2 9 2.3671901868468335028483944341319003773585
corner 3 9 6 1.5376233925528228097861307052548801087856
corner 3 6 1 1.1891858638899650821453808135861126411251
corner 4 1 10 2.1187401802869391150232441271036763608033
corner 4 10 8 1.7945592357008354902607420646201080068301
corner 4 8 1 2.3698858911918118716413005748352214007609
corner 5 2 12 2.1145594106087399552162089357474789693437
corner 5 12 9 1.8014357097240130188606833966796264216921
corner 5 9 2 2.3671901868468335028483944341319003773585
corner 6 1 3 1.1891858638899650821453808135861126411251
corner 6 3 11 2.0993595827865580205855983764380270130263
corner 6 11 7 1.8054539966130982920489267629487534731179
corner 6 7 1 1.1891858638899650821453808135861126411251
corner 7 1 6 1.1891858638899650821453808135861126411251
corner 7 6 10 2.9752592630026822797566618258692167664659
corner 7 10 1 2.1187401802869391150232441271036763608033
corner 8 2 4 1.2005543397079138147929719037456071861906
corner 8 4 12 2.9680715568629327069161059270659196128600
corner 8 12 2 2.1145594106087399552162089357474789693437
corner 9 3 5 1.2041555225678816897507132683763556594951
corner 9 5 11 2.9796702018251467665889751217446230958730
corner 9 11 3 2.0993595827865580205855983764380270130263
corner 10 4 7 1.5150733758017774156961724220550606588285
corner 10 7 14 1.4445671707710604318277412358681404035137
corner 10 14 13 1.1891858638899650821453808135861126411251
corner 10 13 4 2.1343588967167835472559922950496920649271
corner 11 6 9 1.5376233925528228097861307052548801087856
corner 11 9 15 1.4409444083630307791500070414856886587673
corner 11 15 14 1.2176157987419054493600949581462993432289
corner 11 14 6 2.0870017075218274386290540616721376576125
corner 12 5 8 1.5199580295299278333878921097613160670133
corner 12 8 13 1.4864313874236337652773308286577391676701
corner 12 13 15 1.1891858638899650821453808135861126411251
corner 12 15 5 2.0876100263360597961146830145538378925859
corner 13 10 14 1.1891858638899650821453808135861126411251
corner 13 14 15 1.2176157987419054493600949581462993432289
corner 13 15 12 1.1891858638899650821453808135861126411251
corner 13 12 10 2.6871977806577508632744301812404811429153
corner 14 10 11 2.7369180494454278658593975770672320529981
corner 14 11 13 2.3570813938441935289205083759056610742711
corner 14 13 10 1.1891858638899650821453808135861126411251
corner 15 11 12 2.7369180494454278658593975770672320529981
corner 15 12 13 1.1891858638899650821453808135861126411251
corner 15 13 11 2.3570813938441935289205083759056610742711
face 1 3 1 2 3
facecorners 1 1.1891858638899650821453808135861126411251 1.1891858638899650821453808135861126411251 1.1891858638899650821453808135861126411251
face 2 3 1 3 6
facecorners 2 1.1891858638899650821453808135861126411251 1.1891858638899650821453808135861126411251 1.1891858638899650821453808135861126411251
face 3 3 1 6 7
facecorners 3 1.1891858638899650821453808135861126411251 1.1891858638899650821453808135861126411251 1.1891858638899650821453808135861126411251
face 4 4 1 7 10 4
facecorners 4 1.5150733758017774156961724220550606588285 2.1187401802869391150232441271036763608033 1.5150733758017774156961724220550606588285 2.1187401802869391150232441271036763608033
face 5 4 1 4 8 2
facecorners 5 1.2005543397079138147929719037456071861906 2.3698858911918118716413005748352214007609 1.2005543397079138147929719037456071861906 2.3698858911918118716413005748352214007609
face 6 4 2 8 12 5
facecorners 6 1.5199580295299278333878921097613160670133 2.1145594106087399552162089357474789693437 1.5199580295299278333878921097613160670133 2.1145594106087399552162089357474789693437
face 7 4 2 5 9 3
facecorners 7 1.2041555225678816897507132683763556594951 2.3671901868468335028483944341319003773585 1.2041555225678816897507132683763556594951 2.3671901868468335028483944341319003773585
face 8 4 3 9 11 6
facecorners 8 1.5376233925528228097861307052548801087856 2.0993595827865580205855983764380270130263 1.5376233925528228097861307052548801087856 2.0993595827865580205855983764380270130263
face 9 5 4 10 13 12 8
facecorners 9 1.7945592357008354902607420646201080068301 2.1343588967167835472559922950496920649271 2.6871977806577508632744301812404811429153 1.4864313874236337652773308286577391676701 2.9680715568629327069161059270659196128600
face 10 5 5 12 15 11 9
facecorners 10 1.8014357097240130188606833966796264216921 2.0876100263360597961146830145538378925859 2.7369180494454278658593975770672320529981 1.4409444083630307791500070414856886587673 2.9796702018251467665889751217446230958730
face 11 5 6 11 14 10 7
facecorners 11 1.8054539966130982920489267629487534731179 2.0870017075218274386290540616721376576125 2.7369180494454278658593975770672320529981 1.4445671707710604318277412358681404035137 2.9752592630026822797566618258692167664659
face 12 3 10 14 13
facecorners 12 1.1891858638899650821453808135861126411251 1.1891858638899650821453808135861126411251 1.1891858638899650821453808135861126411251
face 13 4 11 15 13 14
facecorners 13 1.2176157987419054493600949581462993432289 2.3570813938441935289205083759056610742711 1.2176157987419054493600949581462993432289 2.3570813938441935289205083759056610742711
face 14 3 12 13 15
facecorners 14 1.1891858638899650821453808135861126411251 1.1891858638899650821453808135861126411251 1.1891858638899650821453808135861126411251
end
begin config C3-rm3-42
info base C3
info removed 2-4 3-5 14-15
info rattlers none
info delta 1.000 e-7 rad: d = psi* - delta
info newton residual 0.e-76, min non-edge gap 8.167089 e-7
n 15
d 0.9365060543089923367175684691930560782513
point 1 0.8950239441015661915803115517737307236853 0.1714902605372884381378512938728617771829 0.4117319881011547650965183355874838026302
point 2 0.4117317410941034630573452996864679696880 0.8950239151727045372932940690261700758139 0.1714910045586693342781152765536702957012
point 3 0.1714903437864910231694440475501873001494 0.4117312984002269819195381437569912206540 0.8950242454289461124357864235270807343024
point 4 0.8009930596257778455432813044497086258138 0.3819641200163947503142329146733514340392 -0.4609918973815443150809666188827726962244
point 5 -0.4609923415151055425508524556103821633036 0.8009928726655778970241638501925972808943 0.3819639760545038779904547708796696563833
point 6 0.3819645717685952263292373911623303143453 -0.4609924107027636738692552031182917532389 0.8009925487718897168626946889081953401719
point 7 0.7788401751052910927729740126801981338135 -0.6271778158652407212265150674243084950416 0.0074812384312834878424214356275333736754
point 8 0.0074821089081268504538557319753471323421 0.7788402931835489709514021846000629198062 -0.6271776588495881771692088881186829585803
point 9 -0.6271782619544374134396363936955146770546 0.0074817858908407043831530700436427155797 0.7788398106232723262305240207682334826896
point 10 0.4609918381567678855219505508121777773091 -0.3819641474558232559724817638969010869341 -0.8009930806262875783537071295394738215667
point 11 -0.3819644392019427870834139189558054521490 -0.8009927562178741963369961081985672362243 0.4609921600978030843028306376884629720883
point 12 -0.8009925537622370185062352430786842078144 0.4609921078470991528666825945589967780292 -0.3819649268193852679883703630403506988241
point 13 -0.4117323562579800281081950440800556673651 -0.1714913874480504726266752830000351965286 -0.8950235588192047423852422090972712060564
point 14 -0.1714894106829773608574661853502977759930 -0.8950243948704193430014974214217456759336 -0.4117313621895286269628354295781418602571
point 15 -0.8950244238665499888597076975401179072596 -0.4117312818974980811020233102285952013916 -0.1714894521228440791055450021222650680007
edge 1 2
edge 1 3
edge 1 4
edge 1 6
edge 1 7
edge 2 3
edge 2 5
edge 2 8
edge 3 6
edge 3 9
edge 4 8
edge 4 10
edge 5 9
edge 5 12
edge 6 7
edge 6 11
edge 7 10
edge 8 12
edge 9 11
edge 10 13
edge 10 14
edge 11 14
edge 11 15
edge 12 13
edge 12 15
edge 13 14
edge 13 15
rot 1 5 2 3 6 7 4
rot 2 4 1 8 5 3
rot 3 4 1 2 9 6
rot 4 3 1 10 8
rot 5 3 2 12 9
rot 6 4 1 3 11 7
rot 7 3 1 6 10
rot 8 3 2 4 12
rot 9 3 3 5 11
rot 10 4 4 7 14 13
rot 11 4 6 9 15 14
rot 12 4 5 8 13 15
rot 13 4 10 14 15 12
rot 14 3 10 11 13
rot 15 3 11 12 13
corner 1 2 3 1.1895276963998852784508722255921867899433
corner 1 3 6 1.1895276963998852784508722255921867899433
corner 1 6 7 1.1895276963998852784508722255921867899433
corner 1 7 4 1.5250734292159803644152855852340856656892
corner 1 4 2 1.1895287887639502771573845045483597328752
corner 2 1 8 2.3790545798659734150273243126936646678237
corner 2 8 5 1.5250739003704212905477285145495542728764
corner 2 5 3 1.1895291305433064928993617137236000377510
corner 2 3 1 1.1895276963998852784508722255921867899433
corner 3 1 2 1.1895276963998852784508722255921867899433
corner 3 2 9 2.3790543255148151571749921450371599411205
corner 3 9 6 1.5250755888650007628485501703374722473872
corner 3 6 1 1.1895276963998852784508722255921867899433
corner 4 1 10 2.1113354304657014556297479695534731860400
corner 4 10 8 1.7927952968479116062682144843118679145307
corner 4 8 1 2.3790545798659734150273243126936646678237
corner 5 2 12 2.1113350260604045055882547614964001035606
corner 5 12 9 1.7927959556043668141620398600254457237133
corner 5 9 2 2.3790543255148151571749921450371599411205
corner 6 1 3 1.1895276963998852784508722255921867899433
corner 6 3 11 2.1113335767766058351986167111195892431334
corner 6 11 7 1.7927963376032100848249256042550429453743
corner 6 7 1 1.1895276963998852784508722255921867899433
corner 7 1 6 1.1895276963998852784508722255921867899433
corner 7 6 10 2.9823221803139997428446665714133457924110
corner 7 10 1 2.1113354304657014556297479695534731860400
corner 8 2 4 1.1895287887639502771573845045483597328752
corner 8 4 12 2.9823214923552316941796475005142459319586
corner 8 12 2 2.1113350260604045055882547614964001035606
corner 9 3 5 1.1895291305433064928993617137236000377510
corner 9 5 11 2.9823225998596741488273083417158164875100
corner 9 11 3 2.1113335767766058351986167111195892431334
corner 10 4 7 1.5250734292159803644152855852340856656892
corner 10 7 14 1.4572472473094783377811165169304135776088
corner 10 14 13 1.1895276963998852784508722255921867899433
corner 10 13 4 2.1113369342542424962780124388023197351531
corner 11 6 9 1.5250755888650007628485501703374722473872
corner 11 9 15 1.4572469015804823209067285029300896357974
corner 11 15 14 1.1895304284592163847845996394925168332349
corner 11 14 6 2.1113323882748870083854084537989270519748
corner 12 5 8 1.5250739003704212905477285145495542728764
corner 12 8 13 1.4572512659230749935130182893806988163730
corner 12 13 15 1.1895276963998852784508722255921867899433
corner 12 15 5 2.1113324444862049144136677370365658892017
corner 13 10 14 1.1895276963998852784508722255921867899433
corner 13 14 15 1.1895304284592163847845996394925168332349
corner 13 15 12 1.1895276963998852784508722255921867899433
corner 13 12 10 2.7145994859205995352389426758821153552728
corner 14 10 11 2.7146042511702613766065972310437890090253
corner 14 11 13 2.3790533596094398218678173099230299694257
corner 14 13 10 1.1895276963998852784508722255921867899433
corner 15 11 12 2.7146042511702613766065972310437890090253
corner 15 12 13 1.1895276963998852784508722255921867899433
corner 15 13 11 2.3790533596094398218678173099230299694257
face 1 3 1 2 3
facecorners 1 1.1895276963998852784508722255921867899433 1.1895276963998852784508722255921867899433 1.1895276963998852784508722255921867899433
face 2 3 1 3 6
facecorners 2 1.1895276963998852784508722255921867899433 1.1895276963998852784508722255921867899433 1.1895276963998852784508722255921867899433
face 3 3 1 6 7
facecorners 3 1.1895276963998852784508722255921867899433 1.1895276963998852784508722255921867899433 1.1895276963998852784508722255921867899433
face 4 4 1 7 10 4
facecorners 4 1.5250734292159803644152855852340856656892 2.1113354304657014556297479695534731860400 1.5250734292159803644152855852340856656892 2.1113354304657014556297479695534731860400
face 5 4 1 4 8 2
facecorners 5 1.1895287887639502771573845045483597328752 2.3790545798659734150273243126936646678237 1.1895287887639502771573845045483597328752 2.3790545798659734150273243126936646678237
face 6 4 2 8 12 5
facecorners 6 1.5250739003704212905477285145495542728764 2.1113350260604045055882547614964001035606 1.5250739003704212905477285145495542728764 2.1113350260604045055882547614964001035606
face 7 4 2 5 9 3
facecorners 7 1.1895291305433064928993617137236000377510 2.3790543255148151571749921450371599411205 1.1895291305433064928993617137236000377510 2.3790543255148151571749921450371599411205
face 8 4 3 9 11 6
facecorners 8 1.5250755888650007628485501703374722473872 2.1113335767766058351986167111195892431334 1.5250755888650007628485501703374722473872 2.1113335767766058351986167111195892431334
face 9 5 4 10 13 12 8
facecorners 9 1.7927952968479116062682144843118679145307 2.1113369342542424962780124388023197351531 2.7145994859205995352389426758821153552728 1.4572512659230749935130182893806988163730 2.9823214923552316941796475005142459319586
face 10 5 5 12 15 11 9
facecorners 10 1.7927959556043668141620398600254457237133 2.1113324444862049144136677370365658892017 2.7146042511702613766065972310437890090253 1.4572469015804823209067285029300896357974 2.9823225998596741488273083417158164875100
face 11 5 6 11 14 10 7
facecorners 11 1.7927963376032100848249256042550429453743 2.1113323882748870083854084537989270519748 2.7146042511702613766065972310437890090253 1.4572472473094783377811165169304135776088 2.9823221803139997428446665714133457924110
face 12 3 10 14 13
facecorners 12 1.1895276963998852784508722255921867899433 1.1895276963998852784508722255921867899433 1.1895276963998852784508722255921867899433
face 13 4 11 15 13 14
facecorners 13 1.1895304284592163847845996394925168332349 2.3790533596094398218678173099230299694257 1.1895304284592163847845996394925168332349 2.3790533596094398218678173099230299694257
face 14 3 12 13 15
facecorners 14 1.1895276963998852784508722255921867899433 1.1895276963998852784508722255921867899433 1.1895276963998852784508722255921867899433
end
begin config C3-rm3-43
info base C3
info removed 1-2 3-5 13-14
info rattlers none
info delta 1.000 e-5 rad: d = psi* - delta
info newton residual 0.e-76, min non-edge gap 1.078709 e-4
n 15
d 0.9364961543089923367175684691930560782513
point 1 0.8950756928287840083635715586195980953222 0.1713330582137087877452997171943754526043 0.4116849368998216959253776106959829867776
point 2 0.4116283432585385896845955853731475281456 0.8950858379467942963289348058251415809866 0.1714160136431711216016733616805007830135
point 3 0.1716206299926141340922585017679941183409 0.4117533272694737630706102208401936242472 0.8949891378354576811934182447185427472516
point 4 0.8009838992539532108489201238486195990292 0.3820024275421056752473065676914653066466 -0.4609760714916461218562352933997414038449
point 5 -0.4610562449496500144848965231081286430175 0.8009534399902758130260043490610895289209 0.3819695353829569056882512129475765786180
point 6 0.3819090644558787154652519804542210877597 -0.4610114817933064732152016015606226213700 0.8010080399978363081807939742536274147437
point 7 0.7787151213364487822082595241824133971257 -0.6273328482824783434362199975444209903771 0.0075004845012078479370115069939115995208
point 8 0.0074512600676109079655465156924926005160 0.7787737263566095886513645723964207995007 -0.6272606809453669197817915440420354640156
point 9 -0.6270389180534334627556618400007489400773 0.0074632897127671705239808712443425088253 0.7789521773209462301026657536788746245471
point 10 0.4610388693033079040490807309895383669063 -0.3819403648990477376086397088815178058523 -0.8009773521469315774634976889245967177170
point 11 -0.3819953573315813036744710318209722344682 -0.8009963176425433704193444742699226797741 0.4609603519829045753768713676468234178892
point 12 -0.8010054682434515452176594172082134345041 0.4609610371832796762868831101188098412659 -0.3819753421924038145908380323604182081419
point 13 -0.4116605298611789418696839019776704607586 -0.1714297545654407928743502475744832144375 -0.8950684037569676899711480353578586790878
point 14 -0.1713967305265285294042029834970473947606 -0.8950463470359979850359324945677630040375 -0.4117222333349662868637784666382954235239
point 15 -0.8949788942905205818579247335805011299707 -0.4117838498881254837624920709383155284375 -0.1716008151082940627257727551898699918544
edge 1 3
edge 1 4
edge 1 6
edge 1 7
edge 2 3
edge 2 4
edge 2 5
edge 2 8
edge 3 6
edge 3 9
edge 4 8
edge 4 10
edge 5 9
edge 5 12
edge 6 7
edge 6 11
edge 7 10
edge 8 12
edge 9 11
edge 10 13
edge 10 14
edge 11 14
edge 11 15
edge 12 13
edge 12 15
edge 13 15
edge 14 15
rot 1 4 3 6 7 4
rot 2 4 3 4 8 5
rot 3 4 1 2 9 6
rot 4 4 1 10 8 2
rot 5 3 2 12 9
rot 6 4 1 3 11 7
rot 7 3 1 6 10
rot 8 3 2 4 12
rot 9 3 3 5 11
rot 10 4 4 7 14 13
rot 11 4 6 9 15 14
rot 12 4 5 8 13 15
rot 13 3 10 15 12
rot 14 3 10 11 15
rot 15 4 11 12 13 14
corner 1 3 6 1.1895243092212625305147132453833991791148
corner 1 6 7 1.1895243092212625305147132453833991791148
corner 1 7 4 1.5253948464093456896627737685541935381809
corner 1 4 3 2.3787418423277157262330865072380138719838
corner 2 3 4 2.3787418423277157262330865072380138719838
corner 2 4 8 1.1895243092212625305147132453833991791148
corner 2 8 5 1.5252505642453166805046171860547713403832
corner 2 5 3 1.1896685913852915396728698278828213769125
corner 3 1 2 1.1899364981662069862042218116728868921102
corner 3 2 9 2.3789412403093348714677234641401349013655
corner 3 9 6 1.5247832594827820887386282453625847958038
corner 3 6 1 1.1895243092212625305147132453833991791148
corner 4 1 10 2.1110479883203033809984870066264358431176
corner 4 10 8 1.7926765114718135792078647028762838540517
corner 4 8 2 1.1895243092212625305147132453833991791148
corner 4 2 1 1.1899364981662069862042218116728868921102
corner 5 2 12 2.1111718451531632475986701088091962729145
corner 5 12 9 1.7930722217170883578588931936096745941143
corner 5 9 2 2.3789412403093348714677234641401349013655
corner 6 1 3 1.1895243092212625305147132453833991791148
corner 6 3 11 2.1115729382560640127890184359038727511357
corner 6 11 7 1.7925637504809974031068418398883346590289
corner 6 7 1 1.1895243092212625305147132453833991791148
corner 7 1 6 1.1895243092212625305147132453833991791148
corner 7 6 10 2.9826130096380205654120865145491707461619
corner 7 10 1 2.1110479883203033809984870066264358431176
corner 8 2 4 1.1895243092212625305147132453833991791148
corner 8 4 12 2.9824891528051606988119034123664103163649
corner 8 12 2 2.1111718451531632475986701088091962729145
corner 9 3 5 1.1896685913852915396728698278828213769125
corner 9 5 11 2.9819437775382309244633985027723116403461
corner 9 11 3 2.1115729382560640127890184359038727511357
corner 10 4 7 1.5253948464093456896627737685541935381809
corner 10 7 14 1.4568905865328997919575852672203715517040
corner 10 14 13 1.1896896109210533547011722186954865299549
corner 10 13 4 2.1112102633162876406037555120889541485545
corner 11 6 9 1.5247832594827820887386282453625847958038
corner 11 9 15 1.4576509043450096146612130399816256125041
corner 11 15 14 1.1895243092212625305147132453833991791148
corner 11 14 6 2.1112268341305322430107322358313961809715
corner 12 5 8 1.5252505642453166805046171860547713403832
corner 12 8 13 1.4569926550708488873255243794327024029675
corner 12 13 15 1.1895243092212625305147132453833991791148
corner 12 15 5 2.1114177786421583785804319556881328459287
corner 13 10 15 2.3789255965943166072291922612339126658449
corner 13 15 12 1.1895243092212625305147132453833991791148
corner 13 12 10 2.7147354013640073391813812599416939234346
corner 14 10 11 2.7147354013640073391813812599416939234346
corner 14 11 15 1.1895243092212625305147132453833991791148
corner 14 15 10 2.3789255965943166072291922612339126658449
corner 15 11 12 2.7144470778160080611946880570967208802098
corner 15 12 13 1.1895243092212625305147132453833991791148
corner 15 13 14 1.1896896109210533547011722186954865299549
corner 15 14 11 1.1895243092212625305147132453833991791148
face 1 3 1 3 6
facecorners 1 1.1895243092212625305147132453833991791148 1.1895243092212625305147132453833991791148 1.1895243092212625305147132453833991791148
face 2 3 1 6 7
facecorners 2 1.1895243092212625305147132453833991791148 1.1895243092212625305147132453833991791148 1.1895243092212625305147132453833991791148
face 3 4 1 7 10 4
facecorners 3 1.5253948464093456896627737685541935381809 2.1110479883203033809984870066264358431176 1.5253948464093456896627737685541935381809 2.1110479883203033809984870066264358431176
face 4 4 1 4 2 3
facecorners 4 2.3787418423277157262330865072380138719838 1.1899364981662069862042218116728868921102 2.3787418423277157262330865072380138719838 1.1899364981662069862042218116728868921102
face 5 3 2 4 8
facecorners 5 1.1895243092212625305147132453833991791148 1.1895243092212625305147132453833991791148 1.1895243092212625305147132453833991791148
face 6 4 2 8 12 5
facecorners 6 1.5252505642453166805046171860547713403832 2.1111718451531632475986701088091962729145 1.5252505642453166805046171860547713403832 2.1111718451531632475986701088091962729145
face 7 4 2 5 9 3
facecorners 7 1.1896685913852915396728698278828213769125 2.3789412403093348714677234641401349013655 1.1896685913852915396728698278828213769125 2.3789412403093348714677234641401349013655
face 8 4 3 9 11 6
facecorners 8 1.5247832594827820887386282453625847958038 2.1115729382560640127890184359038727511357 1.5247832594827820887386282453625847958038 2.1115729382560640127890184359038727511357
face 9 5 4 10 13 12 8
facecorners 9 1.7926765114718135792078647028762838540517 2.1112102633162876406037555120889541485545 2.7147354013640073391813812599416939234346 1.4569926550708488873255243794327024029675 2.9824891528051606988119034123664103163649
face 10 5 5 12 15 11 9
facecorners 10 1.7930722217170883578588931936096745941143 2.1114177786421583785804319556881328459287 2.7144470778160080611946880570967208802098 1.4576509043450096146612130399816256125041 2.9819437775382309244633985027723116403461
face 11 5 6 11 14 10 7
facecorners 11 1.7925637504809974031068418398883346590289 2.1112268341305322430107322358313961809715 2.7147354013640073391813812599416939234346 1.4568905865328997919575852672203715517040 2.9826130096380205654120865145491707461619
face 12 4 10 14 15 13
facecorners 12 1.1896896109210533547011722186954865299549 2.3789255965943166072291922612339126658449 1.1896896109210533547011722186954865299549 2.3789255965943166072291922612339126658449
face 13 3 11 15 14
facecorners 13 1.1895243092212625305147132453833991791148 1.1895243092212625305147132453833991791148 1.1895243092212625305147132453833991791148
face 14 3 12 13 15
facecorners 14 1.1895243092212625305147132453833991791148 1.1895243092212625305147132453833991791148 1.1895243092212625305147132453833991791148
end
begin config C3-rm4-44
info base C3
info removed 1-2 1-6 3-5 13-14
info rattlers none
info delta 1.000 e-7 rad: d = psi* - delta
info newton residual 0.e-76, min non-edge gap 7.953245 e-7
n 15
d 0.9365060543089923367175684691930560782513
point 1 0.8950243074825974726490711491212516569050 0.1714899291956864135605451136290707496491 0.4117313361887278969729553588043265674046
point 2 0.4117317016865513285256442496925524934856 0.8950241101651288736105940394720690698509 0.1714900814899099626315193860133488712680
point 3 0.1714911614291397630873224477468848190534 0.4117318410304700376408667949179240464404 0.8950238391424803138690272886673924369546
point 4 0.8009926161157807865090269827519089478664 0.3819646061446543969405119220668113831462 -0.4609922652070818404283643259467139856855
point 5 -0.4609920913463342604323193014636235811749 0.8009929164545127664445327390433512351644 0.3819641861560150779929360724126133581427
point 6 0.3819639233216283447043321930886059681134 -0.4609923052766226292471479529067102337339 0.8009929186681330395030415688943374930742
point 7 0.7788395275910422257783813486641492472562 -0.6271786132851431373580780624219205792799 0.0074817978779870587615490838859946530397
point 8 0.0074812647368891655490228260167375147663 0.7788399491330839886174331631330026932899 -0.6271780961675174158376224486987482991241
point 9 -0.6271774073892628827044481729761710972226 0.0074819414535457659351500611660413058307 0.7788404972859130246318774038678591048739
point 10 0.4609922413509128498031325513461257356296 -0.3819643476412371422497241142376944450082 -0.8009927531165721194584123212581175510935
point 11 -0.3819648512470154453601496755540309175077 -0.8009926519007350426299935287609008424389 0.4609919999445470444949318434009252180061
point 12 -0.8009930662807938252828323462306386412286 0.4609918017086995910444618773742019048779 -0.3819642215279578075962407622191437949654
point 13 -0.4117313205052529862324436754980634988931 -0.1714894866426824360986058082272116298379 -0.8950243994920081977135013311521660853647
point 14 -0.1714894321604323398432759167871061514268 -0.8950243640554061832493003560560696022432 -0.4117314202298729234719278128182579614717
point 15 -0.8950235483896675781546724894559110921713 -0.4117323760738930390110752094200634634263 -0.1714913943045384715487513487337020407494
edge 1 3
edge 1 4
edge 1 7
edge 2 3
edge 2 4
edge 2 5
edge 2 8
edge 3 6
edge 3 9
edge 4 8
edge 4 10
edge 5 9
edge 5 12
edge 6 7
edge 6 11
edge 7 10
edge 8 12
edge 9 11
edge 10 13
edge 10 14
edge 11 14
edge 11 15
edge 12 13
edge 12 15
edge 13 15
edge 14 15
rot 1 3 3 7 4
rot 2 4 3 4 8 5
rot 3 4 1 2 9 6
rot 4 4 1 10 8 2
rot 5 3 2 12 9
rot 6 3 3 11 7
rot 7 3 1 6 10
rot 8 3 2 4 12
rot 9 3 3 5 11
rot 10 4 4 7 14 13
rot 11 4 6 9 15 14
rot 12 4 5 8 13 15
rot 13 3 10 15 12
rot 14 3 10 11 15
rot 15 4 11 12 13 14
corner 1 3 7 2.3790546011482837024090922478149039028730
corner 1 7 4 1.5250761048797195353462053666434057669580
corner 1 4 3 2.3790546011515832391699891521006960985634
corner 2 3 4 2.3790546011515832391699891521006960985634
corner 2 4 8 1.1895276963998852784508722255921867899433
corner 2 8 5 1.5250741306603072351259600205936528486866
corner 2 5 3 1.1895288789678107241784653682724700312011
corner 3 1 2 1.1895287601618295648408102423137395000044
corner 3 2 9 2.3790545127365377851280356440254396363857
corner 3 9 6 1.5250732741149558742852197491240925407240
corner 3 6 1 1.1895287601662632526712211310957340912802
corner 4 1 10 2.1113331338659990691794965117754201201484
corner 4 10 8 1.7927957167518725644541077868776593582983
corner 4 8 2 1.1895276963998852784508722255921867899433
corner 4 2 1 1.1895287601618295648408102423137395000044
corner 5 2 12 2.1113348283959935359513249497012487933143
corner 5 12 9 1.7927959660470551558459261728323173386943
corner 5 9 2 2.3790545127365377851280356440254396363857
corner 6 3 11 2.1113355635933156705934740289354403701680
corner 6 11 7 1.7927951424379871039227204898086614953533
corner 6 7 3 2.3790546011482837024090922478149039028730
corner 7 1 6 1.1895287601662632526712211310957340912802
corner 7 6 10 2.9823234131473241550745691236878515569657
corner 7 10 1 2.1113331338659990691794965117754201201484
corner 8 2 4 1.1895276963998852784508722255921867899433
corner 8 4 12 2.9823227823837076625230895912655701851367
corner 8 12 2 2.1113348283959935359513249497012487933143
corner 9 3 5 1.1895288789678107241784653682724700312011
corner 9 5 11 2.9823208646184600821533473693510953670252
corner 9 11 3 2.1113355635933156705934740289354403701680
corner 10 4 7 1.5250761048797195353462053666434057669580
corner 10 7 14 1.4572463818307564817375122325087815368006
corner 10 14 13 1.1895301493712542328727526080039867317063
corner 10 13 4 2.1113326710978562269688165594028317329296
corner 11 6 9 1.5250732741149558742852197491240925407240
corner 11 9 15 1.4572515810566663838730202670370655997204
corner 11 15 14 1.1895276963998852784508722255921867899433
corner 11 14 6 2.1113327556080789403161745248056608380066
corner 12 5 8 1.5250741306603072351259600205936528486866
corner 12 8 13 1.4572469016151876495936304165210260902215
corner 12 13 15 1.1895276963998852784508722255921867899433
corner 12 15 5 2.1113365785042063137548241038521400395429
corner 13 10 15 2.3790535673059575294133186187119123393591
corner 13 15 12 1.1895276963998852784508722255921867899433
corner 13 12 10 2.7146040434737436690610959222549066390920
corner 14 10 11 2.7146040434737436690610959222549066390920
corner 14 11 15 1.1895276963998852784508722255921867899433
corner 14 15 10 2.3790535673059575294133186187119123393591
corner 15 11 12 2.7145997650085616871507897073706454568015
corner 15 12 13 1.1895276963998852784508722255921867899433
corner 15 13 14 1.1895301493712542328727526080039867317063
corner 15 14 11 1.1895276963998852784508722255921867899433
face 1 4 1 3 6 7
facecorners 1 2.3790546011482837024090922478149039028730 1.1895287601662632526712211310957340912802 2.3790546011482837024090922478149039028730 1.1895287601662632526712211310957340912802
face 2 4 1 7 10 4
facecorners 2 1.5250761048797195353462053666434057669580 2.1113331338659990691794965117754201201484 1.5250761048797195353462053666434057669580 2.1113331338659990691794965117754201201484
face 3 4 1 4 2 3
facecorners 3 2.3790546011515832391699891521006960985634 1.1895287601618295648408102423137395000044 2.3790546011515832391699891521006960985634 1.1895287601618295648408102423137395000044
face 4 3 2 4 8
facecorners 4 1.1895276963998852784508722255921867899433 1.1895276963998852784508722255921867899433 1.1895276963998852784508722255921867899433
face 5 4 2 8 12 5
facecorners 5 1.5250741306603072351259600205936528486866 2.1113348283959935359513249497012487933143 1.5250741306603072351259600205936528486866 2.1113348283959935359513249497012487933143
face 6 4 2 5 9 3
facecorners 6 1.1895288789678107241784653682724700312011 2.3790545127365377851280356440254396363857 1.1895288789678107241784653682724700312011 2.3790545127365377851280356440254396363857
face 7 4 3 9 11 6
facecorners 7 1.5250732741149558742852197491240925407240 2.1113355635933156705934740289354403701680 1.5250732741149558742852197491240925407240 2.1113355635933156705934740289354403701680
face 8 5 4 10 13 12 8
facecorners 8 1.7927957167518725644541077868776593582983 2.1113326710978562269688165594028317329296 2.7146040434737436690610959222549066390920 1.4572469016151876495936304165210260902215 2.9823227823837076625230895912655701851367
face 9 5 5 12 15 11 9
facecorners 9 1.7927959660470551558459261728323173386943 2.1113365785042063137548241038521400395429 2.7145997650085616871507897073706454568015 1.4572515810566663838730202670370655997204 2.9823208646184600821533473693510953670252
face 10 5 6 11 14 10 7
facecorners 10 1.7927951424379871039227204898086614953533 2.1113327556080789403161745248056608380066 2.7146040434737436690610959222549066390920 1.4572463818307564817375122325087815368006 2.9823234131473241550745691236878515569657
face 11 4 10 14 15 13
facecorners 11 1.1895301493712542328727526080039867317063 2.3790535673059575294133186187119123393591 1.1895301493712542328727526080039867317063 2.3790535673059575294133186187119123393591
face 12 3 11 15 14
facecorners 12 1.1895276963998852784508722255921867899433 1.1895276963998852784508722255921867899433 1.1895276963998852784508722255921867899433
face 13 3 12 13 15
facecorners 13 1.1895276963998852784508722255921867899433 1.1895276963998852784508722255921867899433 1.1895276963998852784508722255921867899433
end
begin config C3-rm4-45
info base C3
info removed 1-3 2-4 3-5 14-15
info rattlers none
info delta 1.000 e-5 rad: d = psi* - delta
info newton residual 4.64 e-73, min non-edge gap 7.953606 e-5
n 15
d 0.9364961543089923367175684691930560782513
point 1 0.8950381103273301034196193889224849721122 0.1714674777770476569400799695476656236969 0.4117106813363720996902559082684810435035
point 2 0.4117246065592217932771381724213690670441 0.8950110040507720903429803706409403638451 0.1715754964488893547182462189471557541854
point 3 0.1714522434108972021403066304521536432201 0.4116741060914256321349686526534623108511 0.8950578520985088202796106678662173244777
point 4 0.8009945987229826524491457192700442320643 0.3819505198359051800956865798328275262794 -0.4610004915547160248113731907142772180619
point 5 -0.4610218938966804179694318441080933046810 0.8009948191465211496838284984795033702540 0.3819242242230123561982070940396370838832
point 6 0.3819925299546122346354130814009373027019 -0.4610178914943748338686732932936040378108 0.8009645502648388163880046060236799149238
point 7 0.7788386780517592648861924878325027758057 -0.6271801215213524398758892254919830699947 0.0074437046589495474873323544855253826109
point 8 0.0075114046287182788207513751120244403094 0.7788934953001956188082962170532599689797 -0.6271112355711288123908591995375065798747
point 9 -0.6272318512868467531140013782261388730858 0.0074970398910459603139222357014263845174 0.7787965068772118116729541560417214658251
point 10 0.4609715151426019290711626684054599933513 -0.3819540558383083293467813761404128608174 -0.8010095888663258463306392226289157451378
point 11 -0.3819666789083644578431620666934121190565 -0.8009782582272290005521447313453797216659 0.4610154943719233221421738876170024839872
point 12 -0.8009681280652512611274899036674256863989 0.4609913501485989265381034504437623606874 -0.3820170584042276972795659999386757969192
point 13 -0.4117781352125127245437206272999326640607 -0.1715987970047720981391107080736386489518 -0.8949819105587668840648167146792660971308
point 14 -0.1714079598884772582886844574336544190206 -0.8950670530287589158876613045208369407458 -0.4116725420395232603390059969876634428304
point 15 -0.8950635133237884987399827945203313293220 -0.4116825048307311351768541196681124213419 -0.1714025155380495696122070579605674956714
edge 1 2
edge 1 4
edge 1 6
edge 1 7
edge 2 3
edge 2 5
edge 2 8
edge 3 6
edge 3 9
edge 4 8
edge 4 10
edge 5 9
edge 5 12
edge 6 7
edge 6 11
edge 7 10
edge 8 12
edge 9 11
edge 10 13
edge 10 14
edge 11 14
edge 11 15
edge 12 13
edge 12 15
edge 13 14
edge 13 15
rot 1 4 2 6 7 4
rot 2 4 1 8 5 3
rot 3 3 2 9 6
rot 4 3 1 10 8
rot 5 3 2 12 9
rot 6 4 1 3 11 7
rot 7 3 1 6 10
rot 8 3 2 4 12
rot 9 3 3 5 11
rot 10 4 4 7 14 13
rot 11 4 6 9 15 14
rot 12 4 5 8 13 15
rot 13 4 10 14 15 12
rot 14 3 10 11 13
rot 15 3 11 12 13
corner 1 2 6 2.3789694464774006881758842488817468097743
corner 1 6 7 1.1895243092212625305147132453833991791148
corner 1 7 4 1.5250489463372695849735645792626449396557
corner 1 4 2 1.1896426051436536732611246930312148398494
corner 2 1 8 2.3789605803057059251872445629918400854134
corner 2 8 5 1.5249632984856111222986829549342575090526
corner 2 5 3 1.1896307363870345196779301161438695027804
corner 2 3 1 1.1896306920012349097614291324890386711479
corner 3 2 9 2.3789694134440310562413700380475319367132
corner 3 9 6 1.5252464472581547325080324796297270219068
corner 3 6 2 2.3789694464774006881758842488817468097743
corner 4 1 10 2.1113449069343866141742435172821082132208
corner 4 10 8 1.7928798199394939375637986862850574697601
corner 4 8 1 2.3789605803057059251872445629918400854134
corner 5 2 12 2.1114184191072285912617324831928467295193
corner 5 12 9 1.7927974746283268294221842453186271021618
corner 5 9 2 2.3789694134440310562413700380475319367132
corner 6 1 3 1.1896306920012349097614291324890386711479
corner 6 3 11 2.1111753791951802699753104510538989938089
corner 6 11 7 1.7928549267619087666738339376326689243227
corner 6 7 1 1.1895243092212625305147132453833991791148
corner 7 1 6 1.1895243092212625305147132453833991791148
corner 7 6 10 2.9823160910239373322363300038934983760587
corner 7 10 1 2.1113449069343866141742435172821082132208
corner 8 2 4 1.1896426051436536732611246930312148398494
corner 8 4 12 2.9821242829287042124024295903349441990256
corner 8 12 2 2.1114184191072285912617324831928467295193
corner 9 3 5 1.1896307363870345196779301161438695027804
corner 9 5 11 2.9823791915973716872720461993612372718051
corner 9 11 3 2.1111753791951802699753104510538989938089
corner 10 4 7 1.5250489463372695849735645792626449396557
corner 10 7 14 1.4570920827422814926646621112658442790778
corner 10 14 13 1.1895243092212625305147132453833991791148
corner 10 13 4 2.1115199688787728687723468306471173705459
corner 11 6 9 1.5252464472581547325080324796297270219068
corner 11 9 15 1.4570400851105615848165292715888954554215
corner 11 15 14 1.1897697084477341844981706512234008061853
corner 11 14 6 2.1111290663631359751025543641169824848808
corner 12 5 8 1.5249632984856111222986829549342575090526
corner 12 8 13 1.4575601802005300082408941558712550665047
corner 12 13 15 1.1895243092212625305147132453833991791148
corner 12 15 5 2.1111375192721828158709964103700940137222
corner 13 10 14 1.1895243092212625305147132453833991791148
corner 13 14 15 1.1897697084477341844981706512234008061853
corner 13 15 12 1.1895243092212625305147132453833991791148
corner 13 12 10 2.7143669802893272313976896245688066039794
corner 14 10 11 2.7147950148042877414749043966275585973844
corner 14 11 13 2.3788659831540362049356691245480479918951
corner 14 13 10 1.1895243092212625305147132453833991791148
corner 15 11 12 2.7147950148042877414749043966275585973844
corner 15 12 13 1.1895243092212625305147132453833991791148
corner 15 13 11 2.3788659831540362049356691245480479918951
face 1 4 1 2 3 6
facecorners 1 2.3789694464774006881758842488817468097743 1.1896306920012349097614291324890386711479 2.3789694464774006881758842488817468097743 1.1896306920012349097614291324890386711479
face 2 3 1 6 7
facecorners 2 1.1895243092212625305147132453833991791148 1.1895243092212625305147132453833991791148 1.1895243092212625305147132453833991791148
face 3 4 1 7 10 4
facecorners 3 1.5250489463372695849735645792626449396557 2.1113449069343866141742435172821082132208 1.5250489463372695849735645792626449396557 2.1113449069343866141742435172821082132208
face 4 4 1 4 8 2
facecorners 4 1.1896426051436536732611246930312148398494 2.3789605803057059251872445629918400854134 1.1896426051436536732611246930312148398494 2.3789605803057059251872445629918400854134
face 5 4 2 8 12 5
facecorners 5 1.5249632984856111222986829549342575090526 2.1114184191072285912617324831928467295193 1.5249632984856111222986829549342575090526 2.1114184191072285912617324831928467295193
face 6 4 2 5 9 3
facecorners 6 1.1896307363870345196779301161438695027804 2.3789694134440310562413700380475319367132 1.1896307363870345196779301161438695027804 2.3789694134440310562413700380475319367132
face 7 4 3 9 11 6
facecorners 7 1.5252464472581547325080324796297270219068 2.1111753791951802699753104510538989938089 1.5252464472581547325080324796297270219068 2.1111753791951802699753104510538989938089
face 8 5 4 10 13 12 8
facecorners 8 1.7928798199394939375637986862850574697601 2.1115199688787728687723468306471173705459 2.7143669802893272313976896245688066039794 1.4575601802005300082408941558712550665047 2.9821242829287042124024295903349441990256
face 9 5 5 12 15 11 9
facecorners 9 1.7927974746283268294221842453186271021618 2.1111375192721828158709964103700940137222 2.7147950148042877414749043966275585973844 1.4570400851105615848165292715888954554215 2.9823791915973716872720461993612372718051
face 10 5 6 11 14 10 7
facecorners 10 1.7928549267619087666738339376326689243227 2.1111290663631359751025543641169824848808 2.7147950148042877414749043966275585973844 1.4570920827422814926646621112658442790778 2.9823160910239373322363300038934983760587
face 11 3 10 14 13
facecorners 11 1.1895243092212625305147132453833991791148 1.1895243092212625305147132453833991791148 1.1895243092212625305147132453833991791148
face 12 4 11 15 13 14
facecorners 12 1.1897697084477341844981706512234008061853 2.3788659831540362049356691245480479918951 1.1897697084477341844981706512234008061853 2.3788659831540362049356691245480479918951
face 13 3 12 13 15
facecorners 13 1.1895243092212625305147132453833991791148 1.1895243092212625305147132453833991791148 1.1895243092212625305147132453833991791148
end
begin config C3-rm4-46
info base C3
info removed 1-6 2-3 2-4 13-15
info rattlers none
info delta 1.000 e-3 rad: d = psi* - delta
info newton residual 0.e-76, min non-edge gap 7.983899 e-3
n 15
d 0.9355061543089923367175684691930560782513
point 1 0.8936741574429482520607846196357678750224 0.1802737357387639840886029041247066317658 0.4109110372348579642830449332548805855076
point 2 0.4056856253078184609081902043914950880410 0.8985087011175086188648189966210549941179 0.1676343861942766547564902858000902076978
point 3 0.1692069146607387289186740073591498520934 0.4096226327117202967901040140122799043026 0.8964253001791686234344274244374258542139
point 4 0.8011956018850300701949576691651067251514 0.3777684001732034618725372519566500194803 -0.4640868920263346662978874050383014828918
point 5 -0.4637372713546030654712071460882263501460 0.7980202464581393789718895005937460945717 0.3848524774500973991434183649224932610939
point 6 0.3805281330373519917416598745154832771223 -0.4618420911141072457734408614170105845083 0.8011867590284152996403256558170053326783
point 7 0.7842774237208574547034382430326732836048 -0.6203199600042770724989089847198561379711 0.0105863054021084120224606115800392891107
point 8 0.0090706567196712496101028435377410038660 0.7743790574814483927608241263452919794413 -0.6326569358829613975807187879273137681796
point 9 -0.6272898667147711744933510408977156586816 0.0035071511631081219555006389386628529134 0.7787779677210210627205534687814189653901
point 10 0.4609164967687571071135093615587617865923 -0.3875040517424596846732592079265014667055 -0.7983712124629704148460532132762834213207
point 11 -0.3808699141251548073578500221176130774814 -0.8027652270014482267230187522784722904669 0.4588094362931199581520483670628819260194
point 12 -0.7994787089586930026777530897690770858833 0.4633682229800236499408314216240458393342 -0.3822612769482105565675844568214171611109
point 13 -0.4064665728437384228445898981482972998426 -0.1623940635910700331753905242665840155209 -0.8991179529244454969339191916776062312850
point 14 -0.1827467607387442828015932004528943210873 -0.8905660287863348943010131942286836272599 -0.4165282341105259091893663420535155106109
point 15 -0.8994290356172092912019270480898864041621 -0.4055770955344019426200733601360027498939 -0.1628945347965224402220908855391195828446
edge 1 2
edge 1 3
edge 1 4
edge 1 7
edge 2 5
edge 2 8
edge 3 5
edge 3 6
edge 3 9
edge 4 8
edge 4 10
edge 5 9
edge 5 12
edge 6 7
edge 6 11
edge 7 10
edge 8 12
edge 9 11
edge 10 13
edge 10 14
edge 11 14
edge 11 15
edge 12 13
edge 12 15
edge 13 14
edge 14 15
rot 1 4 2 3 7 4
rot 2 3 1 8 5
rot 3 4 1 5 9 6
rot 4 3 1 10 8
rot 5 4 2 12 9 3
rot 6 3 3 11 7
rot 7 3 1 6 10
rot 8 3 2 4 12
rot 9 3 3 5 11
rot 10 4 4 7 14 13
rot 11 4 6 9 15 14
rot 12 4 5 8 13 15
rot 13 3 10 14 12
rot 14 4 10 11 15 13
rot 15 3 11 12 14
corner 1 2 3 1.1998824048410100703253810947510486789820
corner 1 3 7 2.3692249906260280529186310163009299671609
corner 1 7 4 1.5136967104846401146699877469129938192303
corner 1 4 2 1.2003812012279082390112869085940333030211
corner 2 1 8 2.3700154027062131914673504172966432020821
corner 2 8 5 1.5427814384488164059777091220940084332987
corner 2 5 1 2.3703884660245568794802272271683541330135
corner 3 1 5 2.3703884660245568794802272271683541330135
corner 3 5 9 1.1891858638899650821453808135861126411251
corner 3 9 6 1.5221732851590516524780783724826397237369
corner 3 6 1 1.2014376921060128628216003533218992705188
corner 4 1 10 2.1199167477213755819698623403151409469478
corner 4 10 8 1.7932531567519977034880740089472216193644
corner 4 8 1 2.3700154027062131914673504172966432020821
corner 5 2 12 2.0948975635805128205640608358901470902667
corner 5 12 9 1.7992194748680985038904640223316973580205
corner 5 9 3 1.1891858638899650821453808135861126411251
corner 5 3 2 1.1998824048410100703253810947510486789820
corner 6 3 11 2.1126602306665331213314197872435632174447
corner 6 11 7 1.8013000858870253026752359630145125837887
corner 6 7 3 2.3692249906260280529186310163009299671609
corner 7 1 6 1.2014376921060128628216003533218992705188
corner 7 6 10 2.9618308673521980321338240729219655509277
corner 7 10 1 2.1199167477213755819698623403151409469478
corner 8 2 4 1.2003812012279082390112869085940333030211
corner 8 4 12 2.9879065423711654173499390220748253751065
corner 8 12 2 2.0948975635805128205640608358901470902667
corner 9 3 5 1.1891858638899650821453808135861126411251
corner 9 5 11 2.9813392126230882734484861657293299098246
corner 9 11 3 2.1126602306665331213314197872435632174447
corner 10 4 7 1.5136967104846401146699877469129938192303
corner 10 7 14 1.4895703245896127549352597578071182489036
corner 10 14 13 1.1891858638899650821453808135861126411251
corner 10 13 4 2.0907324082153685251746584482527810591354
corner 11 6 9 1.5221732851590516524780783724826397237369
corner 11 9 15 1.4411081321438514720097220959444206595870
corner 11 15 14 1.1891858638899650821453808135861126411251
corner 11 14 6 2.1307180259867182702921054845458327439453
corner 12 5 8 1.5427814384488164059777091220940084332987
corner 12 8 13 1.4357046125236787301631023138131323949722
corner 12 13 15 1.2148334869461550793456840576116230821442
corner 12 15 5 2.0898657692609362614387912730402418579792
corner 13 10 14 1.1891858638899650821453808135861126411251
corner 13 14 12 2.3591752229012631411556583353229540452099
corner 13 12 10 2.7348242203883582536242476176499390820594
corner 14 10 11 2.6899800924535012332888410817751574040000
corner 14 11 15 1.1891858638899650821453808135861126411251
corner 14 15 13 1.2148334869461550793456840576116230821442
corner 14 13 10 1.1891858638899650821453808135861126411251
corner 15 11 12 2.7348242203883582536242476176499390820594
corner 15 12 14 2.3591752229012631411556583353229540452099
corner 15 14 11 1.1891858638899650821453808135861126411251
face 1 4 1 2 5 3
facecorners 1 1.1998824048410100703253810947510486789820 2.3703884660245568794802272271683541330135 1.1998824048410100703253810947510486789820 2.3703884660245568794802272271683541330135
face 2 4 1 3 6 7
facecorners 2 2.3692249906260280529186310163009299671609 1.2014376921060128628216003533218992705188 2.3692249906260280529186310163009299671609 1.2014376921060128628216003533218992705188
face 3 4 1 7 10 4
facecorners 3 1.5136967104846401146699877469129938192303 2.1199167477213755819698623403151409469478 1.5136967104846401146699877469129938192303 2.1199167477213755819698623403151409469478
face 4 4 1 4 8 2
facecorners 4 1.2003812012279082390112869085940333030211 2.3700154027062131914673504172966432020821 1.2003812012279082390112869085940333030211 2.3700154027062131914673504172966432020821
face 5 4 2 8 12 5
facecorners 5 1.5427814384488164059777091220940084332987 2.0948975635805128205640608358901470902667 1.5427814384488164059777091220940084332987 2.0948975635805128205640608358901470902667
face 6 3 3 5 9
facecorners 6 1.1891858638899650821453808135861126411251 1.1891858638899650821453808135861126411251 1.1891858638899650821453808135861126411251
face 7 4 3 9 11 6
facecorners 7 1.5221732851590516524780783724826397237369 2.1126602306665331213314197872435632174447 1.5221732851590516524780783724826397237369 2.1126602306665331213314197872435632174447
face 8 5 4 10 13 12 8
facecorners 8 1.7932531567519977034880740089472216193644 2.0907324082153685251746584482527810591354 2.7348242203883582536242476176499390820594 1.4357046125236787301631023138131323949722 2.9879065423711654173499390220748253751065
face 9 5 5 12 15 11 9
facecorners 9 1.7992194748680985038904640223316973580205 2.0898657692609362614387912730402418579792 2.7348242203883582536242476176499390820594 1.4411081321438514720097220959444206595870 2.9813392126230882734484861657293299098246
face 10 5 6 11 14 10 7
facecorners 10 1.8013000858870253026752359630145125837887 2.1307180259867182702921054845458327439453 2.6899800924535012332888410817751574040000 1.4895703245896127549352597578071182489036 2.9618308673521980321338240729219655509277
face 11 3 10 14 13
facecorners 11 1.1891858638899650821453808135861126411251 1.1891858638899650821453808135861126411251 1.1891858638899650821453808135861126411251
face 12 3 11 15 14
facecorners 12 1.1891858638899650821453808135861126411251 1.1891858638899650821453808135861126411251 1.1891858638899650821453808135861126411251
face 13 4 12 13 14 15
facecorners 13 1.2148334869461550793456840576116230821442 2.3591752229012631411556583353229540452099 1.2148334869461550793456840576116230821442 2.3591752229012631411556583353229540452099
end
begin config C3-rm4-47
info base C3
info removed 1-6 2-4 3-5 13-14
info rattlers none
info delta 1.000 e-2 rad: d = psi* - delta
info newton residual 1.28 e-61, min non-edge gap 5.914019 e-2
n 15
d 0.9265061543089923367175684691930560782513
point 1 0.9089472194085840082481396911485487555234 0.1955189593562632362198499614614869259598 0.3682217930292113054045808836338199948459
point 2 0.3884389851924241449196975410307269579186 0.9008228026521800634826733546729638296213 0.1939933839195325420400916434158104209964
point 3 0.2145337646625674467082591494384164680910 0.3805335171515804033619510028660584072545 0.8995384961989975835380143380698833908208
point 4 0.7818483894798074905271164128575739063600 0.3751228279044253475807383355049784847720 -0.4979919274976434149270303206413074897159
point 5 -0.4827500274444472798562008989288889945080 0.7965404629345650054515942342100454723960 0.3639721169408094518973076788872344125287
point 6 0.3575283518739832755849883527576773079841 -0.4950802134936513903319507106172389927191 0.7918769221371170628610167784548397854686
point 7 0.7865229570837287400265733575594608876353 -0.6173148762466436157688569928314565360589 0.0174350665286392406097088553745467949715
point 8 0.0009625354298283327686943064671653885223 0.7965411115404856779152674437361527931983 -0.6045836014575601099977304583858718972575
point 9 -0.5994464234414486373145382798823993474595 0.0251887769273274351217503042409252760428 0.8000184441249844051675667550743963856221
point 10 0.4615615600178897702021178237576071716371 -0.4071565471555914970800794768081530394232 -0.7881525692543218101458463548079574406443
point 11 -0.4211176312992608143060349909444236651273 -0.7817932876035393578522356570914520519667 0.4598469267777587555076541369376016403366
point 12 -0.7977523062333697355645922292052712884969 0.4526152187685496677973161400735672638509 -0.3984102428884551144435319380736126558741
point 13 -0.3876289205603322656781838092045335319688 -0.1559161853939588001755568098219243113970 -0.9085339636345073292626868225248903242999
point 14 -0.1576911562416250772671801335664700576656 -0.9095301012153026550697000038595950406540 -0.3845627311979941409456727666647632236348
point 15 -0.8835560529176080518603920063134055137224 -0.4173362315924903072036586256585835168947 -0.2125068731896366104258099501319432021530
edge 1 2
edge 1 3
edge 1 4
edge 1 7
edge 2 3
edge 2 5
edge 2 8
edge 3 6
edge 3 9
edge 4 8
edge 4 10
edge 5 9
edge 5 12
edge 6 7
edge 6 11
edge 7 10
edge 8 12
edge 9 11
edge 10 13
edge 10 14
edge 11 14
edge 11 15
edge 12 13
edge 12 15
edge 13 15
edge 14 15
rot 1 4 2 3 7 4
rot 2 4 1 8 5 3
rot 3 4 1 2 9 6
rot 4 3 1 10 8
rot 5 3 2 12 9
rot 6 3 3 11 7
rot 7 3 1 6 10
rot 8 3 2 4 12
rot 9 3 3 5 11
rot 10 4 4 7 14 13
rot 11 4 6 9 15 14
rot 12 4 5 8 13 15
rot 13 3 10 15 12
rot 14 3 10 11 15
rot 15 4 11 12 13 14
corner 1 2 3 1.1861337282615198403527990931851430261456
corner 1 3 7 2.2696437710353326854474140174645812652675
corner 1 7 4 1.5489990983523934438317465392852813443776
corner 1 4 2 1.2784087095303405072933271166240001326037
corner 2 1 8 2.3017906959935612960415148984277522155010
corner 2 8 5 1.4874712294920034990936216260206945238493
corner 2 5 3 1.3077896534325018414373511489254160028985
corner 2 3 1 1.1861337282615198403527990931851430261456
corner 3 1 2 1.1861337282615198403527990931851430261456
corner 3 2 9 2.2788123424482353901673854801173309823899
corner 3 9 6 1.4988226456521915787424808930816703024713
corner 3 6 1 1.3194165908176396676626213001748614573876
corner 4 1 10 2.0789703865492048816901634744429275095511
corner 4 10 8 1.9024242246368202991936083936883260433422
corner 4 8 1 2.3017906959935612960415148984277522155010
corner 5 2 12 2.1319819802520919598004784066547412956467
corner 5 12 9 1.8723909844792591269574228797869334903578
corner 5 9 2 2.2788123424482353901673854801173309823899
corner 6 3 11 2.1223133794412514420606047753744631268157
corner 6 11 7 1.8912281567030023494172679737199613763111
corner 6 7 3 2.2696437710353326854474140174645812652675
corner 7 1 6 1.3194165908176396676626213001748614573876
corner 7 6 10 2.8847983298127419275725019919412168014556
corner 7 10 1 2.0789703865492048816901634744429275095511
corner 8 2 4 1.2784087095303405072933271166240001326037
corner 8 4 12 2.8727946173971540098314812432802643401440
corner 8 12 2 2.1319819802520919598004784066547412956467
corner 9 3 5 1.3077896534325018414373511489254160028985
corner 9 5 11 2.8530822743058331934273308422591266386802
corner 9 11 3 2.1223133794412514420606047753744631268157
corner 10 4 7 1.5489990983523934438317465392852813443776
corner 10 7 14 1.4611091125191189991924243455596567395892
corner 10 14 13 1.2664413953977621172301334402889755681067
corner 10 13 4 2.0066357009103119166709824414250921163209
corner 11 6 9 1.4988226456521915787424808930816703024713
corner 11 9 15 1.5889982021262478572662978529257511797907
corner 11 15 14 1.1861337282615198403527990931851430261456
corner 11 14 6 2.0092307311396272005637089273664412599868
corner 12 5 8 1.4874712294920034990936216260206945238493
corner 12 8 13 1.4705721951219438100286102171635623833765
corner 12 13 15 1.1861337282615198403527990931851430261456
corner 12 15 5 2.1390081543041193274502558301896058350230
corner 13 10 15 2.3110734364416231360248047379393478045456
corner 13 15 12 1.1861337282615198403527990931851430261456
corner 13 12 10 2.7859781424764435005476829354345149377032
corner 14 10 11 2.7859781424764435005476829354345149377032
corner 14 11 15 1.1861337282615198403527990931851430261456
corner 14 15 10 2.3110734364416231360248047379393478045456
corner 15 11 12 2.6444764552587846789895551398997441479965
corner 15 12 13 1.1861337282615198403527990931851430261456
corner 15 13 14 1.2664413953977621172301334402889755681067
corner 15 14 11 1.1861337282615198403527990931851430261456
face 1 3 1 2 3
facecorners 1 1.1861337282615198403527990931851430261456 1.1861337282615198403527990931851430261456 1.1861337282615198403527990931851430261456
face 2 4 1 3 6 7
facecorners 2 2.2696437710353326854474140174645812652675 1.3194165908176396676626213001748614573876 2.2696437710353326854474140174645812652675 1.3194165908176396676626213001748614573876
face 3 4 1 7 10 4
facecorners 3 1.5489990983523934438317465392852813443776 2.0789703865492048816901634744429275095511 1.5489990983523934438317465392852813443776 2.0789703865492048816901634744429275095511
face 4 4 1 4 8 2
facecorners 4 1.2784087095303405072933271166240001326037 2.3017906959935612960415148984277522155010 1.2784087095303405072933271166240001326037 2.3017906959935612960415148984277522155010
face 5 4 2 8 12 5
facecorners 5 1.4874712294920034990936216260206945238493 2.1319819802520919598004784066547412956467 1.4874712294920034990936216260206945238493 2.1319819802520919598004784066547412956467
face 6 4 2 5 9 3
facecorners 6 1.3077896534325018414373511489254160028985 2.2788123424482353901673854801173309823899 1.3077896534325018414373511489254160028985 2.2788123424482353901673854801173309823899
face 7 4 3 9 11 6
facecorners 7 1.4988226456521915787424808930816703024713 2.1223133794412514420606047753744631268157 1.4988226456521915787424808930816703024713 2.1223133794412514420606047753744631268157
face 8 5 4 10 13 12 8
facecorners 8 1.9024242246368202991936083936883260433422 2.0066357009103119166709824414250921163209 2.7859781424764435005476829354345149377032 1.4705721951219438100286102171635623833765 2.8727946173971540098314812432802643401440
face 9 5 5 12 15 11 9
facecorners 9 1.8723909844792591269574228797869334903578 2.1390081543041193274502558301896058350230 2.6444764552587846789895551398997441479965 1.5889982021262478572662978529257511797907 2.8530822743058331934273308422591266386802
face 10 5 6 11 14 10 7
facecorners 10 1.8912281567030023494172679737199613763111 2.0092307311396272005637089273664412599868 2.7859781424764435005476829354345149377032 1.4611091125191189991924243455596567395892 2.8847983298127419275725019919412168014556
face 11 4 10 14 15 13
facecorners 11 1.2664413953977621172301334402889755681067 2.3110734364416231360248047379393478045456 1.2664413953977621172301334402889755681067 2.3110734364416231360248047379393478045456
face 12 3 11 15 14
facecorners 12 1.1861337282615198403527990931851430261456 1.1861337282615198403527990931851430261456 1.1861337282615198403527990931851430261456
face 13 3 12 13 15
facecorners 13 1.1861337282615198403527990931851430261456 1.1861337282615198403527990931851430261456 1.1861337282615198403527990931851430261456
end
begin config C3-rm4-48
info base C3
info removed 1-6 2-4 3-5 13-15
info rattlers none
info delta 1.000 e-7 rad: d = psi* - delta
info newton residual 0.e-76, min non-edge gap 5.892993 e-7
n 15
d 0.9365060543089923367175684691930560782513
point 1 0.8950240180509689851669139662134497175022 0.1714907069783212274928797095732301320515 0.4117316414024726266887476629676944855991
point 2 0.4117315136852915677089483284256730749202 0.8950241133298848177736000535142990651040 0.1714905163455753915402196345408739608427
point 3 0.1714904923281905609904133120096667945723 0.4117317126640046534961594844402156207653 0.8950240263969455721772646337396297773723
point 4 0.8009928227780179251870352950189716490971 0.3819641041042645239805088812304515874672 -0.4609923220986758923583334119889140270204
point 5 -0.4609923420593671068900861214326845826549 0.8009927293347165764071868193167669826186 0.3819642759677152630387463371318815356435
point 6 0.3819641456373317905226123623250790941540 -0.4609921939661167604446884729745285324933 0.8009928767160475638663606686419487840262
point 7 0.7788401609681667835575741534638973852531 -0.6271778264829053354487837809465181845878 0.0074818200498769484227813740067521660243
point 8 0.0074817268593982729039538517940704034787 0.7788400217495235947543961865776183688760 -0.6271780004786543629623798543546067953022
point 9 -0.6271778717819857412802470898812782703936 0.0074815689173436962259123913330248987027 0.7788401269025332456420184504803458497930
point 10 0.4609920016554276432355867439238407155118 -0.3819646869611922428352660714408423098683 -0.8009927292581129376317415884016759607018
point 11 -0.3819644621148516427668906299228095051939 -0.8009928812583641649645512088096577119036 0.4609919238497960816063259584776679590377
point 12 -0.8009927876665646957581094540271992820154 0.4609920167296727083950930147340190123738 -0.3819645462836240270768065089644573381001
point 13 -0.4117316675032167299918802401615598256163 -0.1714901531759058162323525193964122885290 -0.8950241121549323627661008197201569272227
point 14 -0.1714907115173183109411463281600298289202 -0.8950238625887413312595823648516468201817 -0.4117319774562255013028119876356584069121
point 15 -0.8950241037895748262805802716897713884347 -0.4117316906673866333143836476416095786614 -0.1714901412205489899280200875747641013063
edge 1 2
edge 1 3
edge 1 4
edge 1 7
edge 2 3
edge 2 5
edge 2 8
edge 3 6
edge 3 9
edge 4 8
edge 4 10
edge 5 9
edge 5 12
edge 6 7
edge 6 11
edge 7 10
edge 8 12
edge 9 11
edge 10 13
edge 10 14
edge 11 14
edge 11 15
edge 12 13
edge 12 15
edge 13 14
edge 14 15
rot 1 4 2 3 7 4
rot 2 4 1 8 5 3
rot 3 4 1 2 9 6
rot 4 3 1 10 8
rot 5 3 2 12 9
rot 6 3 3 11 7
rot 7 3 1 6 10
rot 8 3 2 4 12
rot 9 3 3 5 11
rot 10 4 4 7 14 13
rot 11 4 6 9 15 14
rot 12 4 5 8 13 15
rot 13 3 10 14 12
rot 14 4 10 11 15 13
rot 15 3 11 12 14
corner 1 2 3 1.1895276963998852784508722255921867899433
corner 1 3 7 2.3790545716925126225513049014846662080273
corner 1 7 4 1.5250741407369200801940568958186991887765
corner 1 4 2 1.1895288983502684957290527436634535816472
corner 2 1 8 2.3790544983121720003886721298827452863966
corner 2 8 5 1.5250746278675149697936701016157951258982
corner 2 5 3 1.1895284846000142282920723094682785661563
corner 2 3 1 1.1895276963998852784508722255921867899433
corner 3 1 2 1.1895276963998852784508722255921867899433
corner 3 2 9 2.3790548062238226498990251841577600734873
corner 3 9 6 1.5250740048090007252714181828060785505789
corner 3 6 1 1.1895287997468778233039711740029803543848
corner 4 1 10 2.1113348197469473705923232777929863254446
corner 4 10 8 1.7927959891204671059442913588832741565531
corner 4 8 1 2.3790544983121720003886721298827452863966
corner 5 2 12 2.1113344016287205240077249052546296170216
corner 5 12 9 1.7927960993270433030185366771466160778854
corner 5 9 2 2.3790548062238226498990251841577600734873
corner 6 3 11 2.1113349364177804187452931421507231928259
corner 6 11 7 1.7927957990692934356286887229236163675411
corner 6 7 3 2.3790545716925126225513049014846662080273
corner 7 1 6 1.1895287997468778233039711740029803543848
corner 7 6 10 2.9823216876857612830289923147630390885649
corner 7 10 1 2.1113348197469473705923232777929863254446
corner 8 2 4 1.1895288983502684957290527436634535816472
corner 8 4 12 2.9823220072005974571885091176409225697255
corner 8 12 2 2.1113344016287205240077249052546296170216
corner 9 3 5 1.1895284846000142282920723094682785661563
corner 9 5 11 2.9823218861617918298879213149400040094122
corner 9 11 3 2.1113349364177804187452931421507231928259
corner 10 4 7 1.5250741407369200801940568958186991887765
corner 10 7 14 1.4572496969306557781029844221117050681879
corner 10 14 13 1.1895276963998852784508722255921867899433
corner 10 13 4 2.1113337731121253401773732230364147214866
corner 11 6 9 1.5250740048090007252714181828060785505789
corner 11 9 15 1.4572485375604568846976224130893038669546
corner 11 15 14 1.1895276963998852784508722255921867899433
corner 11 14 6 2.1113350684102435885053739450714365609175
corner 12 5 8 1.5250746278675149697936701016157951258982
corner 12 8 13 1.4572484378177449005251428950056227226677
corner 12 13 15 1.1895284845991940666913256544550076341046
corner 12 15 5 2.1113337568951325399151481154825802857239
corner 13 10 14 1.1895276963998852784508722255921867899433
corner 13 14 12 2.3790548062244330115602569651664513910325
corner 13 12 10 2.7146028045552681869141575758003675874185
corner 14 10 11 2.7146014297806218533322166609196245544031
corner 14 11 15 1.1895276963998852784508722255921867899433
corner 14 15 13 1.1895284845991940666913256544550076341046
corner 14 13 10 1.1895276963998852784508722255921867899433
corner 15 11 12 2.7146028045552681869141575758003675874185
corner 15 12 14 2.3790548062244330115602569651664513910325
corner 15 14 11 1.1895276963998852784508722255921867899433
face 1 3 1 2 3
facecorners 1 1.1895276963998852784508722255921867899433 1.1895276963998852784508722255921867899433 1.1895276963998852784508722255921867899433
face 2 4 1 3 6 7
facecorners 2 2.3790545716925126225513049014846662080273 1.1895287997468778233039711740029803543848 2.3790545716925126225513049014846662080273 1.1895287997468778233039711740029803543848
face 3 4 1 7 10 4
facecorners 3 1.5250741407369200801940568958186991887765 2.1113348197469473705923232777929863254446 1.5250741407369200801940568958186991887765 2.1113348197469473705923232777929863254446
face 4 4 1 4 8 2
facecorners 4 1.1895288983502684957290527436634535816472 2.3790544983121720003886721298827452863966 1.1895288983502684957290527436634535816472 2.3790544983121720003886721298827452863966
face 5 4 2 8 12 5
facecorners 5 1.5250746278675149697936701016157951258982 2.1113344016287205240077249052546296170216 1.5250746278675149697936701016157951258982 2.1113344016287205240077249052546296170216
face 6 4 2 5 9 3
facecorners 6 1.1895284846000142282920723094682785661563 2.3790548062238226498990251841577600734873 1.1895284846000142282920723094682785661563 2.3790548062238226498990251841577600734873
face 7 4 3 9 11 6
facecorners 7 1.5250740048090007252714181828060785505789 2.1113349364177804187452931421507231928259 1.5250740048090007252714181828060785505789 2.1113349364177804187452931421507231928259
face 8 5 4 10 13 12 8
facecorners 8 1.7927959891204671059442913588832741565531 2.1113337731121253401773732230364147214866 2.7146028045552681869141575758003675874185 1.4572484378177449005251428950056227226677 2.9823220072005974571885091176409225697255
face 9 5 5 12 15 11 9
facecorners 9 1.7927960993270433030185366771466160778854 2.1113337568951325399151481154825802857239 2.7146028045552681869141575758003675874185 1.4572485375604568846976224130893038669546 2.9823218861617918298879213149400040094122
face 10 5 6 11 14 10 7
facecorners 10 1.7927957990692934356286887229236163675411 2.1113350684102435885053739450714365609175 2.7146014297806218533322166609196245544031 1.4572496969306557781029844221117050681879 2.9823216876857612830289923147630390885649
face 11 3 10 14 13
facecorners 11 1.1895276963998852784508722255921867899433 1.1895276963998852784508722255921867899433 1.1895276963998852784508722255921867899433
face 12 3 11 15 14
facecorners 12 1.1895276963998852784508722255921867899433 1.1895276963998852784508722255921867899433 1.1895276963998852784508722255921867899433
face 13 4 12 13 14 15
facecorners 13 1.1895284845991940666913256544550076341046 2.3790548062244330115602569651664513910325 1.1895284845991940666913256544550076341046 2.3790548062244330115602569651664513910325
end
begin config C3-rm4-49
info base C3
info removed 1-6 2-4 3-5 14-15
info rattlers none
info delta 1.000 e-5 rad: d = psi* - delta
info newton residual 2.55 e-65, min non-edge gap 5.893096 e-5
n 15
d 0.9364961543089923367175684691930560782513
point 1 0.8950297346336150144563771708316820053805 0.1715085650268513756168559058161892103602 0.4117117756927909161969086789599957181251
point 2 0.4117046487687807784194836708181885664563 0.8950288996118050821664690951311850519410 0.1715300295629199625243285886173878628506
point 3 0.1715109660300215241951514518484727664451 0.4116918772314472037847745360290059021608 0.8950384275287267274670111376359903940102
point 4 0.8009906211795021445779231384330821736887 0.3819464728021509482636780393299094255748 -0.4610107555106182730481680787484835924420
point 5 -0.4610235685524325675989900238410199005115 0.8009852279652131910359470646203034091834 0.3819423173997560133732928138375728908181
point 6 0.3819595044208301529048981658326718754243 -0.4610255654416228693036142647416125795411 0.8009758829027411734190590937512310192695
point 7 0.7788564500527945581270661263424628508445 -0.6271576894570605663875266072104974048173 0.0074741398193984467842572721922313581133
point 8 0.0074992527314435423220757981041258882789 0.7788598567152706532336387826512625883239 -0.6271531589699106379690781171213921996139
point 9 -0.6271705592539839267166500358219081204259 0.0074899348680601646944499782438310528376 0.7788459350094325637758517324909466669534
point 10 0.4609837412966399876563854280126860367909 -0.3819781226745734972532009250023398362698 -0.8009910761414018254888724804886328321367
point 11 -0.3819865399852886694351905121378711971430 -0.8009817166274979103214438640967926274488 0.4609930291214110084975021657456204314559
point 12 -0.8009758752211646810629970674876981528977 0.4609915214874790114284948649863459364564 -0.3820006078926425006722349130355473198283
point 13 -0.4117382569776839275621602710942700465767 -0.1715304817063975116755223717900136990099 -0.8950133527420414643028430589245910991716
point 14 -0.1714734515140763271008497624599329983355 -0.8950374739428314385189064309067745744694 -0.4117095768425663530987041362783997490860
point 15 -0.8950383106576476382615888746554348216558 -0.4117072596817188925859219045197312505165 -0.1714746476318698352622387946874993863158
edge 1 2
edge 1 3
edge 1 4
edge 1 7
edge 2 3
edge 2 5
edge 2 8
edge 3 6
edge 3 9
edge 4 8
edge 4 10
edge 5 9
edge 5 12
edge 6 7
edge 6 11
edge 7 10
edge 8 12
edge 9 11
edge 10 13
edge 10 14
edge 11 14
edge 11 15
edge 12 13
edge 12 15
edge 13 14
edge 13 15
rot 1 4 2 3 7 4
rot 2 4 1 8 5 3
rot 3 4 1 2 9 6
rot 4 3 1 10 8
rot 5 3 2 12 9
rot 6 3 3 11 7
rot 7 3 1 6 10
rot 8 3 2 4 12
rot 9 3 3 5 11
rot 10 4 4 7 14 13
rot 11 4 6 9 15 14
rot 12 4 5 8 13 15
rot 13 4 10 14 15 12
rot 14 3 10 11 13
rot 15 3 11 12 13
corner 1 2 3 1.1895243092212625305147132453833991791148
corner 1 3 7 2.3789899515716501362891606885528685353796
corner 1 7 4 1.5250363931860640636161253477635526118593
corner 1 4 2 1.1896346532006097465052874848591854420406
corner 2 1 8 2.3789664984205628359511114839956038800124
corner 2 8 5 1.5250499842721709175694947538094162059963
corner 2 5 3 1.1896445152655901928899672833705865032708
corner 2 3 1 1.1895243092212625305147132453833991791148
corner 3 1 2 1.1895243092212625305147132453833991791148
corner 3 2 9 2.3789591587233293463968498776434367775031
corner 3 9 6 1.5250986993655446223483808701276440010881
corner 3 6 1 1.1896031398694499776653427734045258106884
corner 4 1 10 2.1113556815800201347484341167924244353237
corner 4 10 8 1.7928631271790035062257411657709774530583
corner 4 8 1 2.3789664984205628359511114839956038800124
corner 5 2 12 2.1113440160492024976059227826898954305791
corner 5 12 9 1.7928821324070546329225141062256735603122
corner 5 9 2 2.3789591587233293463968498776434367775031
corner 6 3 11 2.1113022021920678944646086370240207051969
corner 6 11 7 1.7928931534158684461715174409821165278178
corner 6 7 3 2.3789899515716501362891606885528685353796
corner 7 1 6 1.1896031398694499776653427734045258106884
corner 7 6 10 2.9822264857301163645115098763620555223823
corner 7 10 1 2.1113556815800201347484341167924244353237
corner 8 2 4 1.1896346532006097465052874848591854420406
corner 8 4 12 2.9822066379297742328140764990099248957747
corner 8 12 2 2.1113440160492024976059227826898954305791
corner 9 3 5 1.1896445152655901928899672833705865032708
corner 9 5 11 2.9822385897219283895707108461643985599266
corner 9 11 3 2.1113022021920678944646086370240207051969
corner 10 4 7 1.5250363931860640636161253477635526118593
corner 10 7 14 1.4572557281074192570802355164017621277038
corner 10 14 13 1.1895243092212625305147132453833991791148
corner 10 13 4 2.1113688766648406257142126570102918497164
corner 11 6 9 1.5250986993655446223483808701276440010881
corner 11 9 15 1.4572457540950446936805894156445349493456
corner 11 15 14 1.1896031316650116104363105800471706529072
corner 11 14 6 2.1112377220539855504600059007396561650535
corner 12 5 8 1.5250499842721709175694947538094162059963
corner 12 8 13 1.4573716690387901634240435333819786927838
corner 12 13 15 1.1895243092212625305147132453833991791148
corner 12 15 5 2.1112393446473628654170352339842116904995
corner 13 10 14 1.1895243092212625305147132453833991791148
corner 13 14 15 1.1896031316650116104363105800471706529072
corner 13 15 12 1.1895243092212625305147132453833991791148
corner 13 12 10 2.7145335570720498054595496957450367572574
corner 14 10 11 2.7146710402807250355240532997764928685757
corner 14 11 13 2.3789899576775989108865202213991137207038
corner 14 13 10 1.1895243092212625305147132453833991791148
corner 15 11 12 2.7146710402807250355240532997764928685757
corner 15 12 13 1.1895243092212625305147132453833991791148
corner 15 13 11 2.3789899576775989108865202213991137207038
face 1 3 1 2 3
facecorners 1 1.1895243092212625305147132453833991791148 1.1895243092212625305147132453833991791148 1.1895243092212625305147132453833991791148
face 2 4 1 3 6 7
facecorners 2 2.3789899515716501362891606885528685353796 1.1896031398694499776653427734045258106884 2.3789899515716501362891606885528685353796 1.1896031398694499776653427734045258106884
face 3 4 1 7 10 4
facecorners 3 1.5250363931860640636161253477635526118593 2.1113556815800201347484341167924244353237 1.5250363931860640636161253477635526118593 2.1113556815800201347484341167924244353237
face 4 4 1 4 8 2
facecorners 4 1.1896346532006097465052874848591854420406 2.3789664984205628359511114839956038800124 1.1896346532006097465052874848591854420406 2.3789664984205628359511114839956038800124
face 5 4 2 8 12 5
facecorners 5 1.5250499842721709175694947538094162059963 2.1113440160492024976059227826898954305791 1.5250499842721709175694947538094162059963 2.1113440160492024976059227826898954305791
face 6 4 2 5 9 3
facecorners 6 1.1896445152655901928899672833705865032708 2.3789591587233293463968498776434367775031 1.1896445152655901928899672833705865032708 2.3789591587233293463968498776434367775031
face 7 4 3 9 11 6
facecorners 7 1.5250986993655446223483808701276440010881 2.1113022021920678944646086370240207051969 1.5250986993655446223483808701276440010881 2.1113022021920678944646086370240207051969
face 8 5 4 10 13 12 8
facecorners 8 1.7928631271790035062257411657709774530583 2.1113688766648406257142126570102918497164 2.7145335570720498054595496957450367572574 1.4573716690387901634240435333819786927838 2.9822066379297742328140764990099248957747
face 9 5 5 12 15 11 9
facecorners 9 1.7928821324070546329225141062256735603122 2.1112393446473628654170352339842116904995 2.7146710402807250355240532997764928685757 1.4572457540950446936805894156445349493456 2.9822385897219283895707108461643985599266
face 10 5 6 11 14 10 7
facecorners 10 1.7928931534158684461715174409821165278178 2.1112377220539855504600059007396561650535 2.7146710402807250355240532997764928685757 1.4572557281074192570802355164017621277038 2.9822264857301163645115098763620555223823
face 11 3 10 14 13
facecorners 11 1.1895243092212625305147132453833991791148 1.1895243092212625305147132453833991791148 1.1895243092212625305147132453833991791148
face 12 4 11 15 13 14
facecorners 12 1.1896031316650116104363105800471706529072 2.3789899576775989108865202213991137207038 1.1896031316650116104363105800471706529072 2.3789899576775989108865202213991137207038
face 13 3 12 13 15
facecorners 13 1.1895243092212625305147132453833991791148 1.1895243092212625305147132453833991791148 1.1895243092212625305147132453833991791148
end
begin config C3-rattler-50
info base C3
info removed 1-7 6-7 7-10
info rattlers 7
info delta 0.e-19 rad: d = psi* - delta
info newton residual 0.e-76, min non-edge gap 0.e-77
n 15
d 0.9365061543089923367175684691930560782513
point 1 0.8950239687385675817752053027300069363982 0.1714903098093749755411220556254286252362 0.4117319140228847855850930801629745052897
point 2 0.4117319140228847855850930801629745052897 0.8950239687385675817752053027300069363982 0.1714903098093749755411220556254286252362
point 3 0.1714903098093749755411220556254286252362 0.4117319140228847855850930801629745052897 0.8950239687385675817752053027300069363982
point 4 0.8009928994820256966989893094450395527570 0.3819643241495056538159414100761232449542 -0.4609920064994498908133393714792726773162
point 5 -0.4609920064994498908133393714792726773162 0.8009928994820256966989893094450395527570 0.3819643241495056538159414100761232449542
point 6 0.3819643241495056538159414100761232449542 -0.4609920064994498908133393714792726773162 0.8009928994820256966989893094450395527570
point 7 0.7788399620322553112220048616995050840131 -0.6271780756254064502195746100187979488791 0.0074816439642001671733910575444910472665
point 8 0.0074816439642001671733910575444910472665 0.7788399620322553112220048616995050840131 -0.6271780756254064502195746100187979488791
point 9 -0.6271780756254064502195746100187979488791 0.0074816439642001671733910575444910472665 0.7788399620322553112220048616995050840131
point 10 0.4609920064994498908133393714792726773162 -0.3819643241495056538159414100761232449542 -0.8009928994820256966989893094450395527570
point 11 -0.3819643241495056538159414100761232449542 -0.8009928994820256966989893094450395527570 0.4609920064994498908133393714792726773162
point 12 -0.8009928994820256966989893094450395527570 0.4609920064994498908133393714792726773162 -0.3819643241495056538159414100761232449542
point 13 -0.4117319140228847855850930801629745052897 -0.1714903098093749755411220556254286252362 -0.8950239687385675817752053027300069363982
point 14 -0.1714903098093749755411220556254286252362 -0.8950239687385675817752053027300069363982 -0.4117319140228847855850930801629745052897
point 15 -0.8950239687385675817752053027300069363982 -0.4117319140228847855850930801629745052897 -0.1714903098093749755411220556254286252362
edge 1 2
edge 1 3
edge 1 4
edge 1 6
edge 2 3
edge 2 4
edge 2 5
edge 2 8
edge 3 5
edge 3 6
edge 3 9
edge 4 8
edge 4 10
edge 5 9
edge 5 12
edge 6 11
edge 8 12
edge 9 11
edge 10 13
edge 10 14
edge 11 14
edge 11 15
edge 12 13
edge 12 15
edge 13 14
edge 13 15
edge 14 15
rattler 7
rot 1 4 2 3 6 4
rot 2 5 1 4 8 5 3
rot 3 5 1 2 5 9 6
rot 4 4 1 10 8 2
rot 5 4 2 12 9 3
rot 6 3 1 3 11
rot 8 3 2 4 12
rot 9 3 3 5 11
rot 10 3 4 14 13
rot 11 4 6 9 15 14
rot 12 4 5 8 13 15
rot 13 4 10 14 15 12
rot 14 4 10 11 15 13
rot 15 4 11 12 13 14
corner 1 2 3 1.1895277306140861987233456459639027998854
corner 1 3 6 1.1895277306140861987233456459639027998854
corner 1 6 4 2.7146021153373278807552498286672973687381
corner 1 4 2 1.1895277306140861987233456459639027998854
corner 2 1 4 1.1895277306140861987233456459639027998854
corner 2 4 8 1.1895277306140861987233456459639027998854
corner 2 8 5 1.5250743847232416820319041827033945688527
corner 2 5 3 1.1895277306140861987233456459639027998854
corner 2 3 1 1.1895277306140861987233456459639027998854
corner 3 1 2 1.1895277306140861987233456459639027998854
corner 3 2 5 1.1895277306140861987233456459639027998854
corner 3 5 9 1.1895277306140861987233456459639027998854
corner 3 9 6 1.5250743847232416820319041827033945688527
corner 3 6 1 1.1895277306140861987233456459639027998854
corner 4 1 10 2.1113347268718540913921864503684149221215
corner 4 10 8 1.7927951190795599880864090242627852465021
corner 4 8 2 1.1895277306140861987233456459639027998854
corner 4 2 1 1.1895277306140861987233456459639027998854
corner 5 2 12 2.1113347268718540913921864503684149221215
corner 5 12 9 1.7927951190795599880864090242627852465021
corner 5 9 3 1.1895277306140861987233456459639027998854
corner 5 3 2 1.1895277306140861987233456459639027998854
corner 6 1 3 1.1895277306140861987233456459639027998854
corner 6 3 11 2.1113347268718540913921864503684149221215
corner 6 11 1 2.9823228496936461868097546702266880463874
corner 8 2 4 1.1895277306140861987233456459639027998854
corner 8 4 12 2.9823228496936461868097546702266880463874
corner 8 12 2 2.1113347268718540913921864503684149221215
corner 9 3 5 1.1895277306140861987233456459639027998854
corner 9 5 11 2.9823228496936461868097546702266880463874
corner 9 11 3 2.1113347268718540913921864503684149221215
corner 10 4 14 2.9823228496936461868097546702266880463874
corner 10 14 13 1.1895277306140861987233456459639027998854
corner 10 13 4 2.1113347268718540913921864503684149221215
corner 11 6 9 1.5250743847232416820319041827033945688527
corner 11 9 15 1.4572484649704045047778504875232934775347
corner 11 15 14 1.1895277306140861987233456459639027998854
corner 11 14 6 2.1113347268718540913921864503684149221215
corner 12 5 8 1.5250743847232416820319041827033945688527
corner 12 8 13 1.4572484649704045047778504875232934775347
corner 12 13 15 1.1895277306140861987233456459639027998854
corner 12 15 5 2.1113347268718540913921864503684149221215
corner 13 10 14 1.1895277306140861987233456459639027998854
corner 13 14 15 1.1895277306140861987233456459639027998854
corner 13 15 12 1.1895277306140861987233456459639027998854
corner 13 12 10 2.7146021153373278807552498286672973687381
corner 14 10 11 2.7146021153373278807552498286672973687381
corner 14 11 15 1.1895277306140861987233456459639027998854
corner 14 15 13 1.1895277306140861987233456459639027998854
corner 14 13 10 1.1895277306140861987233456459639027998854
corner 15 11 12 2.7146021153373278807552498286672973687381
corner 15 12 13 1.1895277306140861987233456459639027998854
corner 15 13 14 1.1895277306140861987233456459639027998854
corner 15 14 11 1.1895277306140861987233456459639027998854
face 1 3 1 2 3
facecorners 1 1.1895277306140861987233456459639027998854 1.1895277306140861987233456459639027998854 1.1895277306140861987233456459639027998854
face 2 3 1 3 6
facecorners 2 1.1895277306140861987233456459639027998854 1.1895277306140861987233456459639027998854 1.1895277306140861987233456459639027998854
face 3 6 1 6 11 14 10 4
facecorners 3 2.7146021153373278807552498286672973687381 2.9823228496936461868097546702266880463874 2.1113347268718540913921864503684149221215 2.7146021153373278807552498286672973687381 2.9823228496936461868097546702266880463874 2.1113347268718540913921864503684149221215
face 4 3 1 4 2
facecorners 4 1.1895277306140861987233456459639027998854 1.1895277306140861987233456459639027998854 1.1895277306140861987233456459639027998854
face 5 3 2 4 8
facecorners 5 1.1895277306140861987233456459639027998854 1.1895277306140861987233456459639027998854 1.1895277306140861987233456459639027998854
face 6 4 2 8 12 5
facecorners 6 1.5250743847232416820319041827033945688527 2.1113347268718540913921864503684149221215 1.5250743847232416820319041827033945688527 2.1113347268718540913921864503684149221215
face 7 3 2 5 3
facecorners 7 1.1895277306140861987233456459639027998854 1.1895277306140861987233456459639027998854 1.1895277306140861987233456459639027998854
face 8 3 3 5 9
facecorners 8 1.1895277306140861987233456459639027998854 1.1895277306140861987233456459639027998854 1.1895277306140861987233456459639027998854
face 9 4 3 9 11 6
facecorners 9 1.5250743847232416820319041827033945688527 2.1113347268718540913921864503684149221215 1.5250743847232416820319041827033945688527 2.1113347268718540913921864503684149221215
face 10 5 4 10 13 12 8
facecorners 10 1.7927951190795599880864090242627852465021 2.1113347268718540913921864503684149221215 2.7146021153373278807552498286672973687381 1.4572484649704045047778504875232934775347 2.9823228496936461868097546702266880463874
face 11 5 5 12 15 11 9
facecorners 11 1.7927951190795599880864090242627852465021 2.1113347268718540913921864503684149221215 2.7146021153373278807552498286672973687381 1.4572484649704045047778504875232934775347 2.9823228496936461868097546702266880463874
face 12 3 10 14 13
facecorners 12 1.1895277306140861987233456459639027998854 1.1895277306140861987233456459639027998854 1.1895277306140861987233456459639027998854
face 13 3 11 15 14
facecorners 13 1.1895277306140861987233456459639027998854 1.1895277306140861987233456459639027998854 1.1895277306140861987233456459639027998854
face 14 3 12 13 15
facecorners 14 1.1895277306140861987233456459639027998854 1.1895277306140861987233456459639027998854 1.1895277306140861987233456459639027998854
face 15 3 13 14 15
facecorners 15 1.1895277306140861987233456459639027998854 1.1895277306140861987233456459639027998854 1.1895277306140861987233456459639027998854
rattlerface 7 3
end
begin config C3-rattler-51
info base C3
info removed 1-7 6-7 7-10 1-2 13-14
info rattlers 7
info delta 1.000 e-7 rad: d = psi* - delta
info newton residual 1.08 e-76, min non-edge gap 1.977615 e-7
n 15
d 0.9365060543089923367175684691930560782513
point 1 0.8950243644602454834020467478237133281837 0.1714885006759880257502780632194014994013 0.4117318073193220228792230726631755836053
point 2 0.4117305781232849068869023823653345032255 0.8950248274324381678631348381662176608544 0.1714890355614604944867779516726230568783
point 3 0.1714913737176597562679709957304919690666 0.4117327637446262072170526453409958632669 0.8950233739962559076320992320821059628831
point 4 0.8009931290444273287412678097824393041116 0.3819643938296323258805870021349331086623 -0.4609915498899941047055661226738410576828
point 5 -0.4609926508853246868139631291631038696477 0.8009922687492605617023699848796226757299 0.3819648691092329951834242800486092745512
point 6 0.3819630197774841810504000566450295847735 -0.4609917807304275075684583843240082774489 0.8009936514239389863121828551232841699297
point 7 0.6271784023325703068982273913911201753033 -0.7788397038618100040477682143736934476364 -0.0074811320007512025275781703657315416557
point 8 0.0074817294789012551401550853575942297938 0.7788386869166876697036761609821239841096 -0.6271796580613040759848080232180922255541
point 9 -0.6271764459062915269769860821903076132145 0.0074810252671399235009412568420856689794 0.7788412803397782100438422983716995160938
point 10 0.4609921948472676542311165927693053202082 -0.3819638818309407823905175921823481551481 -0.8009930020084681861471584189438208772042
point 11 -0.3819646238831634785837437354919598884643 -0.8009931896286131195420813304426083398476 0.4609912540063792620207830799787068779188
point 12 -0.8009928018086350389176454114848546729109 0.4609921543468423643233296798282814984942 -0.3819643505373371560232936828392714815013
point 13 -0.4117315677883709921222333811885436373871 -0.1714896751991299200508629375028995244060 -0.8950242496081472019964874080343581942890
point 14 -0.1714901463117097170047040699435494922502 -0.8950237210963980061390159922962291795543 -0.4117325204459146785808271052692697341319
point 15 -0.8950238582013230792551551660714948343061 -0.4117318468985578722568106180281463608399 -0.1714910478710781508910214219132834823368
edge 1 3
edge 1 4
edge 1 6
edge 2 3
edge 2 4
edge 2 5
edge 2 8
edge 3 5
edge 3 6
edge 3 9
edge 4 8
edge 4 10
edge 5 9
edge 5 12
edge 6 11
edge 8 12
edge 9 11
edge 10 13
edge 10 14
edge 11 14
edge 11 15
edge 12 13
edge 12 15
edge 13 15
edge 14 15
rattler 7
rot 1 3 3 6 4
rot 2 4 3 4 8 5
rot 3 5 1 2 5 9 6
rot 4 4 1 10 8 2
rot 5 4 2 12 9 3
rot 6 3 1 3 11
rot 8 3 2 4 12
rot 9 3 3 5 11
rot 10 3 4 14 13
rot 11 4 6 9 15 14
rot 12 4 5 8 13 15
rot 13 3 10 15 12
rot 14 3 10 11 15
rot 15 4 11 12 13 14
corner 1 3 6 1.1895276963998852784508722255921867899433
corner 1 6 4 2.7146060836008234715063493612567499446583
corner 1 4 3 2.3790515271788777269680651797100690337927
corner 2 3 4 2.3790515271788777269680651797100690337927
corner 2 4 8 1.1895276963998852784508722255921867899433
corner 2 8 5 1.5250783872009381930554771356645631547150
corner 2 5 3 1.1895276963998852784508722255921867899433
corner 3 1 2 1.1895328907491571788772302608000256512611
corner 3 2 5 1.1895276963998852784508722255921867899433
corner 3 5 9 1.1895276963998852784508722255921867899433
corner 3 9 6 1.5250693272307734626954398289824197473033
corner 3 6 1 1.1895276963998852784508722255921867899433
corner 4 1 10 2.1113328996111381369338245126145594525227
corner 4 10 8 1.7927918204194058826633597675522338746672
corner 4 8 2 1.1895276963998852784508722255921867899433
corner 4 2 1 1.1895328907491571788772302608000256512611
corner 5 2 12 2.1113311748812978655950901922637544862205
corner 5 12 9 1.7927987394985180544284521231108777022872
corner 5 9 3 1.1895276963998852784508722255921867899433
corner 5 3 2 1.1895276963998852784508722255921867899433
corner 6 1 3 1.1895276963998852784508722255921867899433
corner 6 3 11 2.1113389513128402543738887879633300906808
corner 6 11 1 2.9823186594668609441005257530034888877702
corner 8 2 4 1.1895276963998852784508722255921867899433
corner 8 4 12 2.9823264358984033328793243487030644922305
corner 8 12 2 2.1113311748812978655950901922637544862205
corner 9 3 5 1.1895276963998852784508722255921867899433
corner 9 5 11 2.9823186594668609441005257530034888877702
corner 9 11 3 2.1113389513128402543738887879633300906808
corner 10 4 14 2.9823226004680238348378005533610015108262
corner 10 14 13 1.1895279609097504361008848728188043170945
corner 10 13 4 2.1113347458018122059866013403791999404736
corner 11 6 9 1.5250693272307734626954398289824197473033
corner 11 9 15 1.4572518130174708810602008744238960744598
corner 11 15 14 1.1895276963998852784508722255921867899433
corner 11 14 6 2.1113364705314568547187738375605031566879
corner 12 5 8 1.5250783872009381930554771356645631547150
corner 12 8 13 1.4572450706209606638226007213066613519173
corner 12 13 15 1.1895276963998852784508722255921867899433
corner 12 15 5 2.1113341529578023415963366839955944718188
corner 13 10 15 2.3790551959524169162031285205564763744571
corner 13 15 12 1.1895276963998852784508722255921867899433
corner 13 12 10 2.7146024148272842822712860204103426039939
corner 14 10 11 2.7146024148272842822712860204103426039939
corner 14 11 15 1.1895276963998852784508722255921867899433
corner 14 15 10 2.3790551959524169162031285205564763744571
corner 15 11 12 2.7146019534700654839226574425558278714132
corner 15 12 13 1.1895276963998852784508722255921867899433
corner 15 13 14 1.1895279609097504361008848728188043170945
corner 15 14 11 1.1895276963998852784508722255921867899433
face 1 3 1 3 6
facecorners 1 1.1895276963998852784508722255921867899433 1.1895276963998852784508722255921867899433 1.1895276963998852784508722255921867899433
face 2 6 1 6 11 14 10 4
facecorners 2 2.7146060836008234715063493612567499446583 2.9823186594668609441005257530034888877702 2.1113364705314568547187738375605031566879 2.7146024148272842822712860204103426039939 2.9823226004680238348378005533610015108262 2.1113328996111381369338245126145594525227
face 3 4 1 4 2 3
facecorners 3 2.3790515271788777269680651797100690337927 1.1895328907491571788772302608000256512611 2.3790515271788777269680651797100690337927 1.1895328907491571788772302608000256512611
face 4 3 2 4 8
facecorners 4 1.1895276963998852784508722255921867899433 1.1895276963998852784508722255921867899433 1.1895276963998852784508722255921867899433
face 5 4 2 8 12 5
facecorners 5 1.5250783872009381930554771356645631547150 2.1113311748812978655950901922637544862205 1.5250783872009381930554771356645631547150 2.1113311748812978655950901922637544862205
face 6 3 2 5 3
facecorners 6 1.1895276963998852784508722255921867899433 1.1895276963998852784508722255921867899433 1.1895276963998852784508722255921867899433
face 7 3 3 5 9
facecorners 7 1.1895276963998852784508722255921867899433 1.1895276963998852784508722255921867899433 1.1895276963998852784508722255921867899433
face 8 4 3 9 11 6
facecorners 8 1.5250693272307734626954398289824197473033 2.1113389513128402543738887879633300906808 1.5250693272307734626954398289824197473033 2.1113389513128402543738887879633300906808
face 9 5 4 10 13 12 8
facecorners 9 1.7927918204194058826633597675522338746672 2.1113347458018122059866013403791999404736 2.7146024148272842822712860204103426039939 1.4572450706209606638226007213066613519173 2.9823264358984033328793243487030644922305
face 10 5 5 12 15 11 9
facecorners 10 1.7927987394985180544284521231108777022872 2.1113341529578023415963366839955944718188 2.7146019534700654839226574425558278714132 1.4572518130174708810602008744238960744598 2.9823186594668609441005257530034888877702
face 11 4 10 14 15 13
facecorners 11 1.1895279609097504361008848728188043170945 2.3790551959524169162031285205564763744571 1.1895279609097504361008848728188043170945 2.3790551959524169162031285205564763744571
face 12 3 11 15 14
facecorners 12 1.1895276963998852784508722255921867899433 1.1895276963998852784508722255921867899433 1.1895276963998852784508722255921867899433
face 13 3 12 13 15
facecorners 13 1.1895276963998852784508722255921867899433 1.1895276963998852784508722255921867899433 1.1895276963998852784508722255921867899433
rattlerface 7 2
end
begin config C3-rattler-52
info base C3
info removed 1-7 6-7 7-10 2-3 14-15
info rattlers 7
info delta 1.000 e-5 rad: d = psi* - delta
info newton residual 0.e-76, min non-edge gap 6.007459 e-5
n 15
d 0.9364961543089923367175684691930560782513
point 1 0.8949849623925225198650391995535356241688 0.1715426431474779950987337910767377164586 0.4117948987945723346656940976877719524803
point 2 0.4117072721047351667654981666157370007313 0.8950420871923844202963775723558455155486 0.1714549044220598586500557189855968212262
point 3 0.1714112215937582894114243614777286555578 0.4116553535668116212439713554321039417374 0.8950743337798927225683261346956173832706
point 4 0.8010294914207771376519786723095692215588 0.3819436740514878532680267986969205233895 -0.4609455322771031374925882849120675681847
point 5 -0.4609913499728569739735293093525856035427 0.8009841224807762700720361581514068061673 0.3819835216130451078937765629644886730203
point 6 0.3819804764808854243412415314528379098263 -0.4610278776243267958430403995081639017125 0.8009645508014973900345837153246343526392
point 7 0.7788909210846472783527548690991596705966 -0.6271157653372227318603790629946725378370 0.0073993187131760822978116836515680049078
point 8 0.0075372460792888702918200469034381455824 0.7787938553309336259917754699388075924022 -0.6272346616859762404793217380209411761101
point 9 -0.6272574284851193573321628579436715860959 0.0074583297732737412459385590273795887426 0.7787762783542064678787813032732094630113
point 10 0.4609291977156869644664578986024911694131 -0.3818742888737164980454279949692558540527 -0.8010719706682830123229271807088714698425
point 11 -0.3819580570072138736102436125024259234996 -0.8010014872316765899012877586420841467754 0.4609822774683601669177043708054290666695
point 12 -0.8009543081588485049491655768622997055071 0.4610464126287572882689775065098985241120 -0.3819795827579453484213192232536960411107
point 13 -0.4118470683116325813453552996660976127508 -0.1715883471525844126739021573009073331360 -0.8949521950610309681053996177927849151613
point 14 -0.1713703940189898024171510624800972797091 -0.8950607143000743113718239563145026785821 -0.4117019623106221402822023489817545298379
point 15 -0.8951073718233121740300369352041648653093 -0.4116144387967672146058039638450106931469 -0.1713369390458027995790000687898986688984
edge 1 2
edge 1 3
edge 1 4
edge 1 6
edge 2 4
edge 2 5
edge 2 8
edge 3 5
edge 3 6
edge 3 9
edge 4 8
edge 4 10
edge 5 9
edge 5 12
edge 6 11
edge 8 12
edge 9 11
edge 10 13
edge 10 14
edge 11 14
edge 11 15
edge 12 13
edge 12 15
edge 13 14
edge 13 15
rattler 7
rot 1 4 2 3 6 4
rot 2 4 1 4 8 5
rot 3 4 1 5 9 6
rot 4 4 1 10 8 2
rot 5 4 2 12 9 3
rot 6 3 1 3 11
rot 8 3 2 4 12
rot 9 3 3 5 11
rot 10 3 4 14 13
rot 11 4 6 9 15 14
rot 12 4 5 8 13 15
rot 13 4 10 14 15 12
rot 14 3 10 11 13
rot 15 3 11 12 13
corner 1 2 3 1.1897384416363844172943652400110513145667
corner 1 3 6 1.1895243092212625305147132453833991791148
corner 1 6 4 2.7143982471006769986014950357811560955980
corner 1 4 2 1.1895243092212625305147132453833991791148
corner 2 1 4 1.1895243092212625305147132453833991791148
corner 2 4 8 1.1895243092212625305147132453833991791148
corner 2 8 5 1.5252474347096364051129877460771020480304
corner 2 5 1 2.3788892540274250107828725297151053621342
corner 3 1 5 2.3788892540274250107828725297151053621342
corner 3 5 9 1.1895243092212625305147132453833991791148
corner 3 9 6 1.5252474347096364051129877460771020480304
corner 3 6 1 1.1895243092212625305147132453833991791148
corner 4 1 10 2.1116515056243339613652693633562884291566
corner 4 10 8 1.7924851831127274545305909124359189810081
corner 4 8 2 1.1895243092212625305147132453833991791148
corner 4 2 1 1.1895243092212625305147132453833991791148
corner 5 2 12 2.1111745315625971541626779695477981160283
corner 5 12 9 1.7927480247593423749535303116167571586846
corner 5 9 3 1.1895243092212625305147132453833991791148
corner 5 3 2 1.1897384416363844172943652400110513145667
corner 6 1 3 1.1895243092212625305147132453833991791148
corner 6 3 11 2.1111745315625971541626779695477981160283
corner 6 11 1 2.9824864663957267922478955516278084732512
corner 8 2 4 1.1895243092212625305147132453833991791148
corner 8 4 12 2.9824864663957267922478955516278084732512
corner 8 12 2 2.1111745315625971541626779695477981160283
corner 9 3 5 1.1895243092212625305147132453833991791148
corner 9 5 11 2.9824864663957267922478955516278084732512
corner 9 11 3 2.1111745315625971541626779695477981160283
corner 10 4 14 2.9819121505891153489057195585292265612430
corner 10 14 13 1.1895243092212625305147132453833991791148
corner 10 13 4 2.1117488473692085975048539626463800280365
corner 11 6 9 1.5252474347096364051129877460771020480304
corner 11 9 15 1.4568517779581135120718138754405326241499
corner 11 15 14 1.1899549910428931739798259605063103456982
corner 11 14 6 2.1111311034689433857606591845350607505159
corner 12 5 8 1.5252474347096364051129877460771020480304
corner 12 8 13 1.4573959021645983262164177083716548884144
corner 12 13 15 1.1895243092212625305147132453833991791148
corner 12 15 5 2.1110176610840892150811680667268496528347
corner 13 10 14 1.1895243092212625305147132453833991791148
corner 13 14 15 1.1899549910428931739798259605063103456982
corner 13 15 12 1.1895243092212625305147132453833991791148
corner 13 12 10 2.7141816976941682419160343152858970644665
corner 14 10 11 2.7149329202766447044472468889625582377845
corner 14 11 13 2.3787280776816792419633266322130483514950
corner 14 13 10 1.1895243092212625305147132453833991791148
corner 15 11 12 2.7149329202766447044472468889625582377845
corner 15 12 13 1.1895243092212625305147132453833991791148
corner 15 13 11 2.3787280776816792419633266322130483514950
face 1 4 1 2 5 3
facecorners 1 1.1897384416363844172943652400110513145667 2.3788892540274250107828725297151053621342 1.1897384416363844172943652400110513145667 2.3788892540274250107828725297151053621342
face 2 3 1 3 6
facecorners 2 1.1895243092212625305147132453833991791148 1.1895243092212625305147132453833991791148 1.1895243092212625305147132453833991791148
face 3 6 1 6 11 14 10 4
facecorners 3 2.7143982471006769986014950357811560955980 2.9824864663957267922478955516278084732512 2.1111311034689433857606591845350607505159 2.7149329202766447044472468889625582377845 2.9819121505891153489057195585292265612430 2.1116515056243339613652693633562884291566
face 4 3 1 4 2
facecorners 4 1.1895243092212625305147132453833991791148 1.1895243092212625305147132453833991791148 1.1895243092212625305147132453833991791148
face 5 3 2 4 8
facecorners 5 1.1895243092212625305147132453833991791148 1.1895243092212625305147132453833991791148 1.1895243092212625305147132453833991791148
face 6 4 2 8 12 5
facecorners 6 1.5252474347096364051129877460771020480304 2.1111745315625971541626779695477981160283 1.5252474347096364051129877460771020480304 2.1111745315625971541626779695477981160283
face 7 3 3 5 9
facecorners 7 1.1895243092212625305147132453833991791148 1.1895243092212625305147132453833991791148 1.1895243092212625305147132453833991791148
face 8 4 3 9 11 6
facecorners 8 1.5252474347096364051129877460771020480304 2.1111745315625971541626779695477981160283 1.5252474347096364051129877460771020480304 2.1111745315625971541626779695477981160283
face 9 5 4 10 13 12 8
facecorners 9 1.7924851831127274545305909124359189810081 2.1117488473692085975048539626463800280365 2.7141816976941682419160343152858970644665 1.4573959021645983262164177083716548884144 2.9824864663957267922478955516278084732512
face 10 5 5 12 15 11 9
facecorners 10 1.7927480247593423749535303116167571586846 2.1110176610840892150811680667268496528347 2.7149329202766447044472468889625582377845 1.4568517779581135120718138754405326241499 2.9824864663957267922478955516278084732512
face 11 3 10 14 13
facecorners 11 1.1895243092212625305147132453833991791148 1.1895243092212625305147132453833991791148 1.1895243092212625305147132453833991791148
face 12 4 11 15 13 14
facecorners 12 1.1899549910428931739798259605063103456982 2.3787280776816792419633266322130483514950 1.1899549910428931739798259605063103456982 2.3787280776816792419633266322130483514950
face 13 3 12 13 15
facecorners 13 1.1895243092212625305147132453833991791148 1.1895243092212625305147132453833991791148 1.1895243092212625305147132453833991791148
rattlerface 7 3
end
begin config C3-rattler-53
info base C3
info removed 1-7 6-7 7-10 2-4 14-15
info rattlers 7
info delta 1.000 e-3 rad: d = psi* - delta
info newton residual 1.38 e-73, min non-edge gap 5.071411 e-3
n 15
d 0.9355061543089923367175684691930560782513
point 1 0.8927675340653047759661887364166836265142 0.1728516313729970711240570136818051510647 0.4160389929449503066819891987289014304671
point 2 0.4093962418232739790316305367259865804286 0.8952444428132711187338695476218438879347 0.1758752534978560058827239819049610828063
point 3 0.1674952391235881902542560925857833856067 0.4101273150300853508379807075037389430490 0.8965159955835395683012025669163538541068
point 4 0.8040147329282086141788284601885786419627 0.3803868281520802606226063134477530066520 -0.4570187853937528626343025218811919576039
point 5 -0.4630807973028761464408578428312705894386 0.7994298971545700959108663006024036209363 0.3827113987128760914214155982104496489443
point 6 0.3803204833647380395804109549663823530931 -0.4610235722433123633662416306364450065572 0.8017565688968362685731853079643554655978
point 7 0.7784053555738421418014022320777534725464 -0.6277569213899406882955038655436904248252 0.0025199327340644628558712706070863061712
point 8 0.0133443330257261094307017674839127910988 0.7797230994521058389378516506261956601951 -0.6259822816637065028899145399600119127937
point 9 -0.6295575687329672980202814494388595145418 0.0056714288824625731532990538264137022443 0.7769331390444523480797336607788385583289
point 10 0.4558078294206567608787680146988965533369 -0.3738816908342026500762664799447883620257 -0.8077448259802022248051693700708066342080
point 11 -0.3817091886190974398583164861804801288817 -0.8014927528679607194478932766576860708277 0.4603340769744168499000027365908800454560
point 12 -0.7968551978745147754821595499351994604022 0.4652344600789668549298661167933680384026 -0.3854590649801870966683743115654016086210
point 13 -0.4217973530231885279821755363516677494714 -0.1827461964170062307856934631713753958430 -0.8880826654527993041087439747471698753701
point 14 -0.1584930696292306710318968982370658504226 -0.8991698376435345381457973683392888809054 -0.4078891392910622440559903637145311679838
point 15 -0.9026652104403697077395083307563217151094 -0.4006743533770267719668473693504547480721 -0.1570209553102532407092869250119004341901
edge 1 2
edge 1 3
edge 1 4
edge 1 6
edge 2 3
edge 2 5
edge 2 8
edge 3 5
edge 3 6
edge 3 9
edge 4 8
edge 4 10
edge 5 9
edge 5 12
edge 6 11
edge 8 12
edge 9 11
edge 10 13
edge 10 14
edge 11 14
edge 11 15
edge 12 13
edge 12 15
edge 13 14
edge 13 15
rattler 7
rot 1 4 2 3 6 4
rot 2 4 1 8 5 3
rot 3 5 1 2 5 9 6
rot 4 3 1 10 8
rot 5 4 2 12 9 3
rot 6 3 1 3 11
rot 8 3 2 4 12
rot 9 3 3 5 11
rot 10 3 4 14 13
rot 11 4 6 9 15 14
rot 12 4 5 8 13 15
rot 13 4 10 14 15 12
rot 14 3 10 11 13
rot 15 3 11 12 13
corner 1 2 3 1.1891858638899650821453808135861126411251
corner 1 3 6 1.1891858638899650821453808135861126411251
corner 1 6 4 2.7088352202224005130213539072416079592507
corner 1 4 2 1.1959783591772557996131712321451725268935
corner 2 1 8 2.3733059651436202082906269644549416063131
corner 2 8 5 1.5315076142560361043438981749318388798311
corner 2 5 3 1.1891858638899650821453808135861126411251
corner 2 3 1 1.1891858638899650821453808135861126411251
corner 3 1 2 1.1891858638899650821453808135861126411251
corner 3 2 5 1.1891858638899650821453808135861126411251
corner 3 5 9 1.1891858638899650821453808135861126411251
corner 3 9 6 1.5264418516197261483437635122145552038940
corner 3 6 1 1.1891858638899650821453808135861126411251
corner 4 1 10 2.1339871015167613077883913508265172444872
corner 4 10 8 1.7758922405192049608462684512775469175940
corner 4 8 1 2.3733059651436202082906269644549416063131
corner 5 2 12 2.1046360617005521036493911544174824132657
corner 5 12 9 1.8001775176991042089851339849692980728785
corner 5 9 3 1.1891858638899650821453808135861126411251
corner 5 3 2 1.1891858638899650821453808135861126411251
corner 6 1 3 1.1891858638899650821453808135861126411251
corner 6 3 11 2.1089951539466974070933140282786788660704
corner 6 11 1 2.9850042893429239876865919246942142611988
corner 8 2 4 1.1959783591772557996131712321451725268935
corner 8 4 12 2.9825708863017785736627243799963508282352
corner 8 12 2 2.1046360617005521036493911544174824132657
corner 9 3 5 1.1891858638899650821453808135861126411251
corner 9 5 11 2.9850042893429239876865919246942142611988
corner 9 11 3 2.1089951539466974070933140282786788660704
corner 10 4 14 2.9434481080463607203312746873850000500156
corner 10 14 13 1.1891858638899650821453808135861126411251
corner 10 13 4 2.1505513352432606744486312655878930772537
corner 11 6 9 1.5264418516197261483437635122145552038940
corner 11 9 15 1.4285030649886670473932759821721780740128
corner 11 15 14 1.2321109943436131863470448126389756392368
corner 11 14 6 2.0961293962275800948412024595332968512507
corner 12 5 8 1.5315076142560361043438981749318388798311
corner 12 8 13 1.4847658700027093826067286479791234005292
corner 12 13 15 1.1891858638899650821453808135861126411251
corner 12 15 5 2.0777259590308759078292791300619308469090
corner 13 10 14 1.1891858638899650821453808135861126411251
corner 13 14 15 1.2321109943436131863470448126389756392368
corner 13 15 12 1.1891858638899650821453808135861126411251
corner 13 12 10 2.6727025850560431262874803267478048469074
corner 14 10 11 2.7478629341713876387118443236640072373397
corner 14 11 13 2.3461365091182337560680616293088858899295
corner 14 13 10 1.1891858638899650821453808135861126411251
corner 15 11 12 2.7478629341713876387118443236640072373397
corner 15 12 13 1.1891858638899650821453808135861126411251
corner 15 13 11 2.3461365091182337560680616293088858899295
face 1 3 1 2 3
facecorners 1 1.1891858638899650821453808135861126411251 1.1891858638899650821453808135861126411251 1.1891858638899650821453808135861126411251
face 2 3 1 3 6
facecorners 2 1.1891858638899650821453808135861126411251 1.1891858638899650821453808135861126411251 1.1891858638899650821453808135861126411251
face 3 6 1 6 11 14 10 4
facecorners 3 2.7088352202224005130213539072416079592507 2.9850042893429239876865919246942142611988 2.0961293962275800948412024595332968512507 2.7478629341713876387118443236640072373397 2.9434481080463607203312746873850000500156 2.1339871015167613077883913508265172444872
face 4 4 1 4 8 2
facecorners 4 1.1959783591772557996131712321451725268935 2.3733059651436202082906269644549416063131 1.1959783591772557996131712321451725268935 2.3733059651436202082906269644549416063131
face 5 4 2 8 12 5
facecorners 5 1.5315076142560361043438981749318388798311 2.1046360617005521036493911544174824132657 1.5315076142560361043438981749318388798311 2.1046360617005521036493911544174824132657
face 6 3 2 5 3
facecorners 6 1.1891858638899650821453808135861126411251 1.1891858638899650821453808135861126411251 1.1891858638899650821453808135861126411251
face 7 3 3 5 9
facecorners 7 1.1891858638899650821453808135861126411251 1.1891858638899650821453808135861126411251 1.1891858638899650821453808135861126411251
face 8 4 3 9 11 6
facecorners 8 1.5264418516197261483437635122145552038940 2.1089951539466974070933140282786788660704 1.5264418516197261483437635122145552038940 2.1089951539466974070933140282786788660704
face 9 5 4 10 13 12 8
facecorners 9 1.7758922405192049608462684512775469175940 2.1505513352432606744486312655878930772537 2.6727025850560431262874803267478048469074 1.4847658700027093826067286479791234005292 2.9825708863017785736627243799963508282352
face 10 5 5 12 15 11 9
facecorners 10 1.8001775176991042089851339849692980728785 2.0777259590308759078292791300619308469090 2.7478629341713876387118443236640072373397 1.4285030649886670473932759821721780740128 2.9850042893429239876865919246942142611988
face 11 3 10 14 13
facecorners 11 1.1891858638899650821453808135861126411251 1.1891858638899650821453808135861126411251 1.1891858638899650821453808135861126411251
face 12 4 11 15 13 14
facecorners 12 1.2321109943436131863470448126389756392368 2.3461365091182337560680616293088858899295 1.2321109943436131863470448126389756392368 2.3461365091182337560680616293088858899295
face 13 3 12 13 15
facecorners 13 1.1891858638899650821453808135861126411251 1.1891858638899650821453808135861126411251 1.1891858638899650821453808135861126411251
rattlerface 7 3
end
begin config C3-rattler-54
info base C3
info removed 2-8 4-8 8-12
info rattlers 8
info delta 0.e-19 rad: d = psi* - delta
info newton residual 0.e-76, min non-edge gap 0.e-77
n 15
d 0.9365061543089923367175684691930560782513
point 1 0.8950239687385675817752053027300069363982 0.1714903098093749755411220556254286252362 0.4117319140228847855850930801629745052897
point 2 0.4117319140228847855850930801629745052897 0.8950239687385675817752053027300069363982 0.1714903098093749755411220556254286252362
point 3 0.1714903098093749755411220556254286252362 0.4117319140228847855850930801629745052897 0.8950239687385675817752053027300069363982
point 4 0.8009928994820256966989893094450395527570 0.3819643241495056538159414100761232449542 -0.4609920064994498908133393714792726773162
point 5 -0.4609920064994498908133393714792726773162 0.8009928994820256966989893094450395527570 0.3819643241495056538159414100761232449542
point 6 0.3819643241495056538159414100761232449542 -0.4609920064994498908133393714792726773162 0.8009928994820256966989893094450395527570
point 7 0.7788399620322553112220048616995050840131 -0.6271780756254064502195746100187979488791 0.0074816439642001671733910575444910472665
point 8 0.0074816439642001671733910575444910472665 0.7788399620322553112220048616995050840131 -0.6271780756254064502195746100187979488791
point 9 -0.6271780756254064502195746100187979488791 0.0074816439642001671733910575444910472665 0.7788399620322553112220048616995050840131
point 10 0.4609920064994498908133393714792726773162 -0.3819643241495056538159414100761232449542 -0.8009928994820256966989893094450395527570
point 11 -0.3819643241495056538159414100761232449542 -0.8009928994820256966989893094450395527570 0.4609920064994498908133393714792726773162
point 12 -0.8009928994820256966989893094450395527570 0.4609920064994498908133393714792726773162 -0.3819643241495056538159414100761232449542
point 13 -0.4117319140228847855850930801629745052897 -0.1714903098093749755411220556254286252362 -0.8950239687385675817752053027300069363982
point 14 -0.1714903098093749755411220556254286252362 -0.8950239687385675817752053027300069363982 -0.4117319140228847855850930801629745052897
point 15 -0.8950239687385675817752053027300069363982 -0.4117319140228847855850930801629745052897 -0.1714903098093749755411220556254286252362
edge 1 2
edge 1 3
edge 1 4
edge 1 6
edge 1 7
edge 2 3
edge 2 4
edge 2 5
edge 3 5
edge 3 6
edge 3 9
edge 4 10
edge 5 9
edge 5 12
edge 6 7
edge 6 11
edge 7 10
edge 9 11
edge 10 13
edge 10 14
edge 11 14
edge 11 15
edge 12 13
edge 12 15
edge 13 14
edge 13 15
edge 14 15
rattler 8
rot 1 5 2 3 6 7 4
rot 2 4 1 4 5 3
rot 3 5 1 2 5 9 6
rot 4 3 1 10 2
rot 5 4 2 12 9 3
rot 6 4 1 3 11 7
rot 7 3 1 6 10
rot 9 3 3 5 11
rot 10 4 4 7 14 13
rot 11 4 6 9 15 14
rot 12 3 5 13 15
rot 13 4 10 14 15 12
rot 14 4 10 11 15 13
rot 15 4 11 12 13 14
corner 1 2 3 1.1895277306140861987233456459639027998854
corner 1 3 6 1.1895277306140861987233456459639027998854
corner 1 6 7 1.1895277306140861987233456459639027998854
corner 1 7 4 1.5250743847232416820319041827033945688527
corner 1 4 2 1.1895277306140861987233456459639027998854
corner 2 1 4 1.1895277306140861987233456459639027998854
corner 2 4 5 2.7146021153373278807552498286672973687381
corner 2 5 3 1.1895277306140861987233456459639027998854
corner 2 3 1 1.1895277306140861987233456459639027998854
corner 3 1 2 1.1895277306140861987233456459639027998854
corner 3 2 5 1.1895277306140861987233456459639027998854
corner 3 5 9 1.1895277306140861987233456459639027998854
corner 3 9 6 1.5250743847232416820319041827033945688527
corner 3 6 1 1.1895277306140861987233456459639027998854
corner 4 1 10 2.1113347268718540913921864503684149221215
corner 4 10 2 2.9823228496936461868097546702266880463874
corner 4 2 1 1.1895277306140861987233456459639027998854
corner 5 2 12 2.1113347268718540913921864503684149221215
corner 5 12 9 1.7927951190795599880864090242627852465021
corner 5 9 3 1.1895277306140861987233456459639027998854
corner 5 3 2 1.1895277306140861987233456459639027998854
corner 6 1 3 1.1895277306140861987233456459639027998854
corner 6 3 11 2.1113347268718540913921864503684149221215
corner 6 11 7 1.7927951190795599880864090242627852465021
corner 6 7 1 1.1895277306140861987233456459639027998854
corner 7 1 6 1.1895277306140861987233456459639027998854
corner 7 6 10 2.9823228496936461868097546702266880463874
corner 7 10 1 2.1113347268718540913921864503684149221215
corner 9 3 5 1.1895277306140861987233456459639027998854
corner 9 5 11 2.9823228496936461868097546702266880463874
corner 9 11 3 2.1113347268718540913921864503684149221215
corner 10 4 7 1.5250743847232416820319041827033945688527
corner 10 7 14 1.4572484649704045047778504875232934775347
corner 10 14 13 1.1895277306140861987233456459639027998854
corner 10 13 4 2.1113347268718540913921864503684149221215
corner 11 6 9 1.5250743847232416820319041827033945688527
corner 11 9 15 1.4572484649704045047778504875232934775347
corner 11 15 14 1.1895277306140861987233456459639027998854
corner 11 14 6 2.1113347268718540913921864503684149221215
corner 12 5 13 2.9823228496936461868097546702266880463874
corner 12 13 15 1.1895277306140861987233456459639027998854
corner 12 15 5 2.1113347268718540913921864503684149221215
corner 13 10 14 1.1895277306140861987233456459639027998854
corner 13 14 15 1.1895277306140861987233456459639027998854
corner 13 15 12 1.1895277306140861987233456459639027998854
corner 13 12 10 2.7146021153373278807552498286672973687381
corner 14 10 11 2.7146021153373278807552498286672973687381
corner 14 11 15 1.1895277306140861987233456459639027998854
corner 14 15 13 1.1895277306140861987233456459639027998854
corner 14 13 10 1.1895277306140861987233456459639027998854
corner 15 11 12 2.7146021153373278807552498286672973687381
corner 15 12 13 1.1895277306140861987233456459639027998854
corner 15 13 14 1.1895277306140861987233456459639027998854
corner 15 14 11 1.1895277306140861987233456459639027998854
face 1 3 1 2 3
facecorners 1 1.1895277306140861987233456459639027998854 1.1895277306140861987233456459639027998854 1.1895277306140861987233456459639027998854
face 2 3 1 3 6
facecorners 2 1.1895277306140861987233456459639027998854 1.1895277306140861987233456459639027998854 1.1895277306140861987233456459639027998854
face 3 3 1 6 7
facecorners 3 1.1895277306140861987233456459639027998854 1.1895277306140861987233456459639027998854 1.1895277306140861987233456459639027998854
face 4 4 1 7 10 4
facecorners 4 1.5250743847232416820319041827033945688527 2.1113347268718540913921864503684149221215 1.5250743847232416820319041827033945688527 2.1113347268718540913921864503684149221215
face 5 3 1 4 2
facecorners 5 1.1895277306140861987233456459639027998854 1.1895277306140861987233456459639027998854 1.1895277306140861987233456459639027998854
face 6 6 2 4 10 13 12 5
facecorners 6 2.7146021153373278807552498286672973687381 2.9823228496936461868097546702266880463874 2.1113347268718540913921864503684149221215 2.7146021153373278807552498286672973687381 2.9823228496936461868097546702266880463874 2.1113347268718540913921864503684149221215
face 7 3 2 5 3
facecorners 7 1.1895277306140861987233456459639027998854 1.1895277306140861987233456459639027998854 1.1895277306140861987233456459639027998854
face 8 3 3 5 9
facecorners 8 1.1895277306140861987233456459639027998854 1.1895277306140861987233456459639027998854 1.1895277306140861987233456459639027998854
face 9 4 3 9 11 6
facecorners 9 1.5250743847232416820319041827033945688527 2.1113347268718540913921864503684149221215 1.5250743847232416820319041827033945688527 2.1113347268718540913921864503684149221215
face 10 5 5 12 15 11 9
facecorners 10 1.7927951190795599880864090242627852465021 2.1113347268718540913921864503684149221215 2.7146021153373278807552498286672973687381 1.4572484649704045047778504875232934775347 2.9823228496936461868097546702266880463874
face 11 5 6 11 14 10 7
facecorners 11 1.7927951190795599880864090242627852465021 2.1113347268718540913921864503684149221215 2.7146021153373278807552498286672973687381 1.4572484649704045047778504875232934775347 2.9823228496936461868097546702266880463874
face 12 3 10 14 13
facecorners 12 1.1895277306140861987233456459639027998854 1.1895277306140861987233456459639027998854 1.1895277306140861987233456459639027998854
face 13 3 11 15 14
facecorners 13 1.1895277306140861987233456459639027998854 1.1895277306140861987233456459639027998854 1.1895277306140861987233456459639027998854
face 14 3 12 13 15
facecorners 14 1.1895277306140861987233456459639027998854 1.1895277306140861987233456459639027998854 1.1895277306140861987233456459639027998854
face 15 3 13 14 15
facecorners 15 1.1895277306140861987233456459639027998854 1.1895277306140861987233456459639027998854 1.1895277306140861987233456459639027998854
rattlerface 8 6
end
begin config C3-rattler-55
info base C3
info removed 2-8 4-8 8-12 1-3 13-14
info rattlers 8
info delta 1.000 e-7 rad: d = psi* - delta
info newton residual 0.e-76, min non-edge gap 6.001943 e-7
n 15
d 0.9365060543089923367175684691930560782513
point 1 0.8950244719137808126013313780942233660769 0.1714895197762632302572348744923014104383 0.4117311492738488492670667730861555604060
point 2 0.4117325432644384125241299264899392808295 0.8950235791013585193283631573248579981211 0.1714908326109345716301821317621378871745
point 3 0.1714899563071962705589325215700038949940 0.4117316678370755879907531523830356605382 0.8950241497221491005509890263439433285054
point 4 0.8009926163462778952936195514819732271563 0.3819644854708464361710879420167339769158 -0.4609923647933184708763096517555683026143
point 5 -0.4609915421256182409699749436401442975767 0.8009932650389207762749694163426648731868 0.3819641180149433335472164644654950344025
point 6 0.3819645159783311512317871364634825414931 -0.4609919999234427282652132908864808343279 0.8009928117904827903979697750676469333778
point 7 0.7788393259601400587803299247194450858008 -0.6271788682871980589568835866512281293584 0.0074814110931142132387931027076574061778
point 8 0.0074808216226463505226210683718634408765 0.7788404710749148436833197326941053222157 -0.6271774532966366780815730068637486339802
point 9 -0.6271786407442907353831160898305857316946 0.0074821994629236765596606042858554550707 0.7788395016210598711928905612259347620491
point 10 0.4609919094365139183603639320587587273641 -0.3819642615112811323470868524639597266993 -0.8009929852141144617401219262237660358959
point 11 -0.3819644765499468955355793938067528469231 -0.8009925139176840527099773673531289457952 0.4609925501586265192655769714240021080011
point 12 -0.8009936893926623167677919310126420379714 0.4609913792329191114868651125955693704614 -0.3819634247229205029735270296166882921262
point 13 -0.4117316146332934340926014951975649380218 -0.1714891117813407836314377597375730814780 -0.8950243360109868843461420641473517120009
point 14 -0.1714887775707237885462353065346835132350 -0.8950248021952897118120154696397455732135 -0.4117307404391629176676227796098807888581
point 15 -0.8950232518225278145763285912025041790520 -0.4117330644812413612992572236819465462055 -0.1714912893120636153474274849417756683642
edge 1 2
edge 1 4
edge 1 6
edge 1 7
edge 2 3
edge 2 4
edge 2 5
edge 3 5
edge 3 6
edge 3 9
edge 4 10
edge 5 9
edge 5 12
edge 6 7
edge 6 11
edge 7 10
edge 9 11
edge 10 13
edge 10 14
edge 11 14
edge 11 15
edge 12 13
edge 12 15
edge 13 15
edge 14 15
rattler 8
rot 1 4 2 6 7 4
rot 2 4 1 4 5 3
rot 3 4 2 5 9 6
rot 4 3 1 10 2
rot 5 4 2 12 9 3
rot 6 4 1 3 11 7
rot 7 3 1 6 10
rot 9 3 3 5 11
rot 10 4 4 7 14 13
rot 11 4 6 9 15 14
rot 12 3 5 13 15
rot 13 3 10 15 12
rot 14 3 10 11 15
rot 15 4 11 12 13 14
corner 1 2 6 2.3790538010401178854710859105302079620306
corner 1 6 7 1.1895276963998852784508722255921867899433
corner 1 7 4 1.5250761133396980345524564048444242264771
corner 1 4 2 1.1895276963998852784508722255921867899433
corner 2 1 4 1.1895276963998852784508722255921867899433
corner 2 4 5 2.7146000790841106412764684760926702328780
corner 2 5 3 1.1895276963998852784508722255921867899433
corner 2 3 1 1.1895298352957052787470738392819619556297
corner 3 2 5 1.1895276963998852784508722255921867899433
corner 3 5 9 1.1895276963998852784508722255921867899433
corner 3 9 6 1.5250761133396980345524564048444242264771
corner 3 6 2 2.3790538010401178854710859105302079620306
corner 4 1 10 2.1113331266045498600504433187733304061004
corner 4 10 2 2.9823244841751513384239712221934885723506
corner 4 2 1 1.1895276963998852784508722255921867899433
corner 5 2 12 2.1113378911331251777687865174294585863674
corner 5 12 9 1.7927920232466907422547557979451736021403
corner 5 9 3 1.1895276963998852784508722255921867899433
corner 5 3 2 1.1895276963998852784508722255921867899433
corner 6 1 3 1.1895298352957052787470738392819619556297
corner 6 3 11 2.1113331266045498600504433187733304061004
corner 6 11 7 1.7927946488794460596768973829115266167209
corner 6 7 1 1.1895276963998852784508722255921867899433
corner 7 1 6 1.1895276963998852784508722255921867899433
corner 7 6 10 2.9823244841751513384239712221934885723506
corner 7 10 1 2.1113331266045498600504433187733304061004
corner 9 3 5 1.1895276963998852784508722255921867899433
corner 9 5 11 2.9823244841751513384239712221934885723506
corner 9 11 3 2.1113331266045498600504433187733304061004
corner 10 4 7 1.5250761133396980345524564048444242264771
corner 10 7 14 1.4572445020829774930343552857850592625071
corner 10 14 13 1.1895319991903299768604866971894732445718
corner 10 13 4 2.1113326925665809724779883787400490348383
corner 11 6 9 1.5250761133396980345524564048444242264771
corner 11 9 15 1.4572499382489406556357502969714408841326
corner 11 15 14 1.1895276963998852784508722255921867899433
corner 11 14 6 2.1113315591910625082862078391509538678414
corner 12 5 13 2.9823187468406840471582340278503690310367
corner 12 13 15 1.1895276963998852784508722255921867899433
corner 12 15 5 2.1113388639390171513161805131164499474144
corner 13 10 15 2.3790521906751220095059457718947185720810
corner 13 15 12 1.1895276963998852784508722255921867899433
corner 13 12 10 2.7146054201045791889684687690721004063700
corner 14 10 11 2.7146054201045791889684687690721004063700
corner 14 11 15 1.1895276963998852784508722255921867899433
corner 14 15 10 2.3790521906751220095059457718947185720810
corner 15 11 12 2.7145979151894859431630556181851589439359
corner 15 12 13 1.1895276963998852784508722255921867899433
corner 15 13 14 1.1895319991903299768604866971894732445718
corner 15 14 11 1.1895276963998852784508722255921867899433
face 1 4 1 2 3 6
facecorners 1 2.3790538010401178854710859105302079620306 1.1895298352957052787470738392819619556297 2.3790538010401178854710859105302079620306 1.1895298352957052787470738392819619556297
face 2 3 1 6 7
facecorners 2 1.1895276963998852784508722255921867899433 1.1895276963998852784508722255921867899433 1.1895276963998852784508722255921867899433
face 3 4 1 7 10 4
facecorners 3 1.5250761133396980345524564048444242264771 2.1113331266045498600504433187733304061004 1.5250761133396980345524564048444242264771 2.1113331266045498600504433187733304061004
face 4 3 1 4 2
facecorners 4 1.1895276963998852784508722255921867899433 1.1895276963998852784508722255921867899433 1.1895276963998852784508722255921867899433
face 5 6 2 4 10 13 12 5
facecorners 5 2.7146000790841106412764684760926702328780 2.9823244841751513384239712221934885723506 2.1113326925665809724779883787400490348383 2.7146054201045791889684687690721004063700 2.9823187468406840471582340278503690310367 2.1113378911331251777687865174294585863674
face 6 3 2 5 3
facecorners 6 1.1895276963998852784508722255921867899433 1.1895276963998852784508722255921867899433 1.1895276963998852784508722255921867899433
face 7 3 3 5 9
facecorners 7 1.1895276963998852784508722255921867899433 1.1895276963998852784508722255921867899433 1.1895276963998852784508722255921867899433
face 8 4 3 9 11 6
facecorners 8 1.5250761133396980345524564048444242264771 2.1113331266045498600504433187733304061004 1.5250761133396980345524564048444242264771 2.1113331266045498600504433187733304061004
face 9 5 5 12 15 11 9
facecorners 9 1.7927920232466907422547557979451736021403 2.1113388639390171513161805131164499474144 2.7145979151894859431630556181851589439359 1.4572499382489406556357502969714408841326 2.9823244841751513384239712221934885723506
face 10 5 6 11 14 10 7
facecorners 10 1.7927946488794460596768973829115266167209 2.1113315591910625082862078391509538678414 2.7146054201045791889684687690721004063700 1.4572445020829774930343552857850592625071 2.9823244841751513384239712221934885723506
face 11 4 10 14 15 13
facecorners 11 1.1895319991903299768604866971894732445718 2.3790521906751220095059457718947185720810 1.1895319991903299768604866971894732445718 2.3790521906751220095059457718947185720810
face 12 3 11 15 14
facecorners 12 1.1895276963998852784508722255921867899433 1.1895276963998852784508722255921867899433 1.1895276963998852784508722255921867899433
face 13 3 12 13 15
facecorners 13 1.1895276963998852784508722255921867899433 1.1895276963998852784508722255921867899433 1.1895276963998852784508722255921867899433
rattlerface 8 5
end
begin config C3-rattler-56
info base C3
info removed 2-8 4-8 8-12 2-3 13-15
info rattlers 8
info delta 1.000 e-5 rad: d = psi* - delta
info newton residual 4.81 e-77, min non-edge gap 1.980561 e-5
n 15
d 0.9364961543089923367175684691930560782513
point 1 0.8949644038838165931008625645118951877066 0.1715968484989544203376591568525762617416 0.4118169949942713268871362591460157303962
point 2 0.4117212336800812747459471269360766595456 0.8950635728642663990235664126352791432944 0.1713091540706625032106932979302088680474
point 3 0.1713627166698854834878269524561404509816 0.4115981308060345259086159315406467717050 0.8951099362941375839767824720612886022159
point 4 0.8010681943261295553011589223616057149689 0.3818337117320835657334750116344247693333 -0.4609693749306719890777900196959097874537
point 5 -0.4609462689636740969396068503574322443804 0.8010158863536817986455373895153707448996 0.3819713169041541307977760113003610719607
point 6 0.3820189125937451455802442070285955917129 -0.4610565205634412319186459658992765947275 0.8009297317908891307213531305125590767986
point 7 0.7789719624063639015866678297741016546739 -0.6270148563085356701055284121299184792538 0.0074196868643326724713985190422259300529
point 8 -0.0074303604600017097991291652863943476767 0.6272107895553431181514930944558497865368 -0.7788141082497141893105978162301346527192
point 9 -0.6273365136066271730497938723456191629437 0.0074902162789675383014823584921403186172 0.7787122673722151973712860194834674164577
point 10 0.4609166760925608987595131817340626415166 -0.3819943334499947704719761248710576912169 -0.8010219390952282193436857068275321194650
point 11 -0.3819669621037848164908604923415298479585 -0.8009831112300763228697544226004019971460 0.4610068279162392135941228094883723727972
point 12 -0.8010031558134079718654215188580146311496 0.4610108813167178070520037563366206187317 -0.3819200331018842996645119927702119709832
point 13 -0.4117926252459416106258166026905690834893 -0.1714739335406575607152348902455344274921 -0.8949991753678601273320503286743061924011
point 14 -0.1715642072014653925375362582765126711786 -0.8950129028430473897957276178994545654187 -0.4117251832858836240051684802197152307809
point 15 -0.8950520931331022749972456180065093213132 -0.4116972391371142805580843127878087057713 -0.1714267594774227448072709597419740949409
edge 1 2
edge 1 3
edge 1 4
edge 1 6
edge 1 7
edge 2 4
edge 2 5
edge 3 5
edge 3 6
edge 3 9
edge 4 10
edge 5 9
edge 5 12
edge 6 7
edge 6 11
edge 7 10
edge 9 11
edge 10 13
edge 10 14
edge 11 14
edge 11 15
edge 12 13
edge 12 15
edge 13 14
edge 14 15
rattler 8
rot 1 5 2 3 6 7 4
rot 2 3 1 4 5
rot 3 4 1 5 9 6
rot 4 3 1 10 2
rot 5 4 2 12 9 3
rot 6 4 1 3 11 7
rot 7 3 1 6 10
rot 9 3 3 5 11
rot 10 4 4 7 14 13
rot 11 4 6 9 15 14
rot 12 3 5 13 15
rot 13 3 10 14 12
rot 14 4 10 11 15 13
rot 15 3 11 12 14
corner 1 2 3 1.1900444463948980851468401935099667889159
corner 1 3 6 1.1895243092212625305147132453833991791148
corner 1 6 7 1.1895243092212625305147132453833991791148
corner 1 7 4 1.5245679331209008002343068368988414421339
corner 1 4 2 1.1895243092212625305147132453833991791148
corner 2 1 4 1.1895243092212625305147132453833991791148
corner 2 4 5 2.7149995051794159357770494989300284275104
corner 2 5 1 2.3786614927789080106335240222455781617691
corner 3 1 5 2.3786614927789080106335240222455781617691
corner 3 5 9 1.1895243092212625305147132453833991791148
corner 3 9 6 1.5254751959581534052623362535466292483956
corner 3 6 1 1.1895243092212625305147132453833991791148
corner 4 1 10 2.1117577257691070854880943655580283734404
corner 4 10 2 2.9819032721892168609224791556175782158391
corner 4 2 1 1.1895243092212625305147132453833991791148
corner 5 2 12 2.1111517336965818892392262388678292705660
corner 5 12 9 1.7924648178668439720245070887978105297976
corner 5 9 3 1.1895243092212625305147132453833991791148
corner 5 3 2 1.1900444463948980851468401935099667889159
corner 6 1 3 1.1895243092212625305147132453833991791148
corner 6 3 11 2.1109790098333368880449269792398684349268
corner 6 11 7 1.7931576789037245278509332965523389752379
corner 6 7 1 1.1895243092212625305147132453833991791148
corner 7 1 6 1.1895243092212625305147132453833991791148
corner 7 6 10 2.9819032721892168609224791556175782158391
corner 7 10 1 2.1117577257691070854880943655580283734404
corner 9 3 5 1.1895243092212625305147132453833991791148
corner 9 5 11 2.9826819881249870583656465419357381543527
corner 9 11 3 2.1109790098333368880449269792398684349268
corner 10 4 7 1.5245679331209008002343068368988414421339
corner 10 7 14 1.4575837357558370157342904095962404926178
corner 10 14 13 1.1895243092212625305147132453833991791148
corner 10 13 4 2.1115093290815861304419762746805246545278
corner 11 6 9 1.5254751959581534052623362535466292483956
corner 11 9 15 1.4569085735402915497952072945578472912054
corner 11 15 14 1.1895243092212625305147132453833991791148
corner 11 14 6 2.1112772284598789913530299730711300496785
corner 12 5 13 2.9822979001174934080359266868076269907609
corner 12 13 15 1.1895507998830299045912719054478440655721
corner 12 15 5 2.1113366071790631642980881743035347120613
corner 13 10 14 1.1895243092212625305147132453833991791148
corner 13 14 12 2.3790289039166464814406209702014937193133
corner 13 12 10 2.7146320940416774649699525509741128699662
corner 14 10 11 2.7145858888540315113045883703443633445925
corner 14 11 15 1.1895243092212625305147132453833991791148
corner 14 15 13 1.1895507998830299045912719054478440655721
corner 14 13 10 1.1895243092212625305147132453833991791148
corner 15 11 12 2.7146320940416774649699525509741128699662
corner 15 12 14 2.3790289039166464814406209702014937193133
corner 15 14 11 1.1895243092212625305147132453833991791148
face 1 4 1 2 5 3
facecorners 1 1.1900444463948980851468401935099667889159 2.3786614927789080106335240222455781617691 1.1900444463948980851468401935099667889159 2.3786614927789080106335240222455781617691
face 2 3 1 3 6
facecorners 2 1.1895243092212625305147132453833991791148 1.1895243092212625305147132453833991791148 1.1895243092212625305147132453833991791148
face 3 3 1 6 7
facecorners 3 1.1895243092212625305147132453833991791148 1.1895243092212625305147132453833991791148 1.1895243092212625305147132453833991791148
face 4 4 1 7 10 4
facecorners 4 1.5245679331209008002343068368988414421339 2.1117577257691070854880943655580283734404 1.5245679331209008002343068368988414421339 2.1117577257691070854880943655580283734404
face 5 3 1 4 2
facecorners 5 1.1895243092212625305147132453833991791148 1.1895243092212625305147132453833991791148 1.1895243092212625305147132453833991791148
face 6 6 2 4 10 13 12 5
facecorners 6 2.7149995051794159357770494989300284275104 2.9819032721892168609224791556175782158391 2.1115093290815861304419762746805246545278 2.7146320940416774649699525509741128699662 2.9822979001174934080359266868076269907609 2.1111517336965818892392262388678292705660
face 7 3 3 5 9
facecorners 7 1.1895243092212625305147132453833991791148 1.1895243092212625305147132453833991791148 1.1895243092212625305147132453833991791148
face 8 4 3 9 11 6
facecorners 8 1.5254751959581534052623362535466292483956 2.1109790098333368880449269792398684349268 1.5254751959581534052623362535466292483956 2.1109790098333368880449269792398684349268
face 9 5 5 12 15 11 9
facecorners 9 1.7924648178668439720245070887978105297976 2.1113366071790631642980881743035347120613 2.7146320940416774649699525509741128699662 1.4569085735402915497952072945578472912054 2.9826819881249870583656465419357381543527
face 10 5 6 11 14 10 7
facecorners 10 1.7931576789037245278509332965523389752379 2.1112772284598789913530299730711300496785 2.7145858888540315113045883703443633445925 1.4575837357558370157342904095962404926178 2.9819032721892168609224791556175782158391
face 11 3 10 14 13
facecorners 11 1.1895243092212625305147132453833991791148 1.1895243092212625305147132453833991791148 1.1895243092212625305147132453833991791148
face 12 3 11 15 14
facecorners 12 1.1895243092212625305147132453833991791148 1.1895243092212625305147132453833991791148 1.1895243092212625305147132453833991791148
face 13 4 12 13 14 15
facecorners 13 1.1895507998830299045912719054478440655721 2.3790289039166464814406209702014937193133 1.1895507998830299045912719054478440655721 2.3790289039166464814406209702014937193133
rattlerface 8 6
end
begin config C3-rattler-57
info base C3
info removed 2-8 4-8 8-12 3-5 13-14
info rattlers 8
info delta 1.000 e-3 rad: d = psi* - delta
info newton residual 1.17 e-73, min non-edge gap 5.071411 e-3
n 15
d 0.9355061543089923367175684691930560782513
point 1 0.8965159955835395683012025669163538541068 0.1674952391235881902542560925857833856067 0.4101273150300853508379807075037389430490
point 2 0.4160389929449503066819891987289014304671 0.8927675340653047759661887364166836265142 0.1728516313729970711240570136818051510647
point 3 0.1758752534978560058827239819049610828063 0.4093962418232739790316305367259865804286 0.8952444428132711187338695476218438879347
point 4 0.8017565688968362685731853079643554655978 0.3803204833647380395804109549663823530931 -0.4610235722433123633662416306364450065572
point 5 -0.4570187853937528626343025218811919576039 0.8040147329282086141788284601885786419627 0.3803868281520802606226063134477530066520
point 6 0.3827113987128760914214155982104496489443 -0.4630807973028761464408578428312705894386 0.7994298971545700959108663006024036209363
point 7 0.7769331390444523480797336607788385583289 -0.6295575687329672980202814494388595145418 0.0056714288824625731532990538264137022443
point 8 0.0025199327340644628558712706070863061712 0.7784053555738421418014022320777534725464 -0.6277569213899406882955038655436904248252
point 9 -0.6259822816637065028899145399600119127937 0.0133443330257261094307017674839127910988 0.7797230994521058389378516506261956601951
point 10 0.4603340769744168499000027365908800454560 -0.3817091886190974398583164861804801288817 -0.8014927528679607194478932766576860708277
point 11 -0.3854590649801870966683743115654016086210 -0.7968551978745147754821595499351994604022 0.4652344600789668549298661167933680384026
point 12 -0.8077448259802022248051693700708066342080 0.4558078294206567608787680146988965533369 -0.3738816908342026500762664799447883620257
point 13 -0.4078891392910622440559903637145311679838 -0.1584930696292306710318968982370658504226 -0.8991698376435345381457973683392888809054
point 14 -0.1570209553102532407092869250119004341901 -0.9026652104403697077395083307563217151094 -0.4006743533770267719668473693504547480721
point 15 -0.8880826654527993041087439747471698753701 -0.4217973530231885279821755363516677494714 -0.1827461964170062307856934631713753958430
edge 1 2
edge 1 3
edge 1 4
edge 1 6
edge 1 7
edge 2 3
edge 2 4
edge 2 5
edge 3 6
edge 3 9
edge 4 10
edge 5 9
edge 5 12
edge 6 7
edge 6 11
edge 7 10
edge 9 11
edge 10 13
edge 10 14
edge 11 14
edge 11 15
edge 12 13
edge 12 15
edge 13 15
edge 14 15
rattler 8
rot 1 5 2 3 6 7 4
rot 2 4 1 4 5 3
rot 3 4 1 2 9 6
rot 4 3 1 10 2
rot 5 3 2 12 9
rot 6 4 1 3 11 7
rot 7 3 1 6 10
rot 9 3 3 5 11
rot 10 4 4 7 14 13
rot 11 4 6 9 15 14
rot 12 3 5 13 15
rot 13 3 10 15 12
rot 14 3 10 11 15
rot 15 4 11 12 13 14
corner 1 2 3 1.1891858638899650821453808135861126411251
corner 1 3 6 1.1891858638899650821453808135861126411251
corner 1 6 7 1.1891858638899650821453808135861126411251
corner 1 7 4 1.5264418516197261483437635122145552038940
corner 1 4 2 1.1891858638899650821453808135861126411251
corner 2 1 4 1.1891858638899650821453808135861126411251
corner 2 4 5 2.7088352202224005130213539072416079592507
corner 2 5 3 1.1959783591772557996131712321451725268935
corner 2 3 1 1.1891858638899650821453808135861126411251
corner 3 1 2 1.1891858638899650821453808135861126411251
corner 3 2 9 2.3733059651436202082906269644549416063131
corner 3 9 6 1.5315076142560361043438981749318388798311
corner 3 6 1 1.1891858638899650821453808135861126411251
corner 4 1 10 2.1089951539466974070933140282786788660704
corner 4 10 2 2.9850042893429239876865919246942142611988
corner 4 2 1 1.1891858638899650821453808135861126411251
corner 5 2 12 2.1339871015167613077883913508265172444872
corner 5 12 9 1.7758922405192049608462684512775469175940
corner 5 9 2 2.3733059651436202082906269644549416063131
corner 6 1 3 1.1891858638899650821453808135861126411251
corner 6 3 11 2.1046360617005521036493911544174824132657
corner 6 11 7 1.8001775176991042089851339849692980728785
corner 6 7 1 1.1891858638899650821453808135861126411251
corner 7 1 6 1.1891858638899650821453808135861126411251
corner 7 6 10 2.9850042893429239876865919246942142611988
corner 7 10 1 2.1089951539466974070933140282786788660704
corner 9 3 5 1.1959783591772557996131712321451725268935
corner 9 5 11 2.9825708863017785736627243799963508282352
corner 9 11 3 2.1046360617005521036493911544174824132657
corner 10 4 7 1.5264418516197261483437635122145552038940
corner 10 7 14 1.4285030649886670473932759821721780740128
corner 10 14 13 1.2321109943436131863470448126389756392368
corner 10 13 4 2.0961293962275800948412024595332968512507
corner 11 6 9 1.5315076142560361043438981749318388798311
corner 11 9 15 1.4847658700027093826067286479791234005292
corner 11 15 14 1.1891858638899650821453808135861126411251
corner 11 14 6 2.0777259590308759078292791300619308469090
corner 12 5 13 2.9434481080463607203312746873850000500156
corner 12 13 15 1.1891858638899650821453808135861126411251
corner 12 15 5 2.1505513352432606744486312655878930772537
corner 13 10 15 2.3461365091182337560680616293088858899295
corner 13 15 12 1.1891858638899650821453808135861126411251
corner 13 12 10 2.7478629341713876387118443236640072373397
corner 14 10 11 2.7478629341713876387118443236640072373397
corner 14 11 15 1.1891858638899650821453808135861126411251
corner 14 15 10 2.3461365091182337560680616293088858899295
corner 15 11 12 2.6727025850560431262874803267478048469074
corner 15 12 13 1.1891858638899650821453808135861126411251
corner 15 13 14 1.2321109943436131863470448126389756392368
corner 15 14 11 1.1891858638899650821453808135861126411251
face 1 3 1 2 3
facecorners 1 1.1891858638899650821453808135861126411251 1.1891858638899650821453808135861126411251 1.1891858638899650821453808135861126411251
face 2 3 1 3 6
facecorners 2 1.1891858638899650821453808135861126411251 1.1891858638899650821453808135861126411251 1.1891858638899650821453808135861126411251
face 3 3 1 6 7
facecorners 3 1.1891858638899650821453808135861126411251 1.1891858638899650821453808135861126411251 1.1891858638899650821453808135861126411251
face 4 4 1 7 10 4
facecorners 4 1.5264418516197261483437635122145552038940 2.1089951539466974070933140282786788660704 1.5264418516197261483437635122145552038940 2.1089951539466974070933140282786788660704
face 5 3 1 4 2
facecorners 5 1.1891858638899650821453808135861126411251 1.1891858638899650821453808135861126411251 1.1891858638899650821453808135861126411251
face 6 6 2 4 10 13 12 5
facecorners 6 2.7088352202224005130213539072416079592507 2.9850042893429239876865919246942142611988 2.0961293962275800948412024595332968512507 2.7478629341713876387118443236640072373397 2.9434481080463607203312746873850000500156 2.1339871015167613077883913508265172444872
face 7 4 2 5 9 3
facecorners 7 1.1959783591772557996131712321451725268935 2.3733059651436202082906269644549416063131 1.1959783591772557996131712321451725268935 2.3733059651436202082906269644549416063131
face 8 4 3 9 11 6
facecorners 8 1.5315076142560361043438981749318388798311 2.1046360617005521036493911544174824132657 1.5315076142560361043438981749318388798311 2.1046360617005521036493911544174824132657
face 9 5 5 12 15 11 9
facecorners 9 1.7758922405192049608462684512775469175940 2.1505513352432606744486312655878930772537 2.6727025850560431262874803267478048469074 1.4847658700027093826067286479791234005292 2.9825708863017785736627243799963508282352
face 10 5 6 11 14 10 7
facecorners 10 1.8001775176991042089851339849692980728785 2.0777259590308759078292791300619308469090 2.7478629341713876387118443236640072373397 1.4285030649886670473932759821721780740128 2.9850042893429239876865919246942142611988
face 11 4 10 14 15 13
facecorners 11 1.2321109943436131863470448126389756392368 2.3461365091182337560680616293088858899295 1.2321109943436131863470448126389756392368 2.3461365091182337560680616293088858899295
face 12 3 11 15 14
facecorners 12 1.1891858638899650821453808135861126411251 1.1891858638899650821453808135861126411251 1.1891858638899650821453808135861126411251
face 13 3 12 13 15
facecorners 13 1.1891858638899650821453808135861126411251 1.1891858638899650821453808135861126411251 1.1891858638899650821453808135861126411251
rattlerface 8 6
end
begin config C3-rattler-58
info base C3
info removed 3-9 5-9 9-11
info rattlers 9
info delta 0.e-19 rad: d = psi* - delta
info newton residual 0.e-76, min non-edge gap 0.e-77
n 15
d 0.9365061543089923367175684691930560782513
point 1 0.8950239687385675817752053027300069363982 0.1714903098093749755411220556254286252362 0.4117319140228847855850930801629745052897
point 2 0.4117319140228847855850930801629745052897 0.8950239687385675817752053027300069363982 0.1714903098093749755411220556254286252362
point 3 0.1714903098093749755411220556254286252362 0.4117319140228847855850930801629745052897 0.8950239687385675817752053027300069363982
point 4 0.8009928994820256966989893094450395527570 0.3819643241495056538159414100761232449542 -0.4609920064994498908133393714792726773162
point 5 -0.4609920064994498908133393714792726773162 0.8009928994820256966989893094450395527570 0.3819643241495056538159414100761232449542
point 6 0.3819643241495056538159414100761232449542 -0.4609920064994498908133393714792726773162 0.8009928994820256966989893094450395527570
point 7 0.7788399620322553112220048616995050840131 -0.6271780756254064502195746100187979488791 0.0074816439642001671733910575444910472665
point 8 0.0074816439642001671733910575444910472665 0.7788399620322553112220048616995050840131 -0.6271780756254064502195746100187979488791
point 9 -0.6271780756254064502195746100187979488791 0.0074816439642001671733910575444910472665 0.7788399620322553112220048616995050840131
point 10 0.4609920064994498908133393714792726773162 -0.3819643241495056538159414100761232449542 -0.8009928994820256966989893094450395527570
point 11 -0.3819643241495056538159414100761232449542 -0.8009928994820256966989893094450395527570 0.4609920064994498908133393714792726773162
point 12 -0.8009928994820256966989893094450395527570 0.4609920064994498908133393714792726773162 -0.3819643241495056538159414100761232449542
point 13 -0.4117319140228847855850930801629745052897 -0.1714903098093749755411220556254286252362 -0.8950239687385675817752053027300069363982
point 14 -0.1714903098093749755411220556254286252362 -0.8950239687385675817752053027300069363982 -0.4117319140228847855850930801629745052897
point 15 -0.8950239687385675817752053027300069363982 -0.4117319140228847855850930801629745052897 -0.1714903098093749755411220556254286252362
edge 1 2
edge 1 3
edge 1 4
edge 1 6
edge 1 7
edge 2 3
edge 2 4
edge 2 5
edge 2 8
edge 3 5
edge 3 6
edge 4 8
edge 4 10
edge 5 12
edge 6 7
edge 6 11
edge 7 10
edge 8 12
edge 10 13
edge 10 14
edge 11 14
edge 11 15
edge 12 13
edge 12 15
edge 13 14
edge 13 15
edge 14 15
rattler 9
rot 1 5 2 3 6 7 4
rot 2 5 1 4 8 5 3
rot 3 4 1 2 5 6
rot 4 4 1 10 8 2
rot 5 3 2 12 3
rot 6 4 1 3 11 7
rot 7 3 1 6 10
rot 8 3 2 4 12
rot 10 4 4 7 14 13
rot 11 3 6 15 14
rot 12 4 5 8 13 15
rot 13 4 10 14 15 12
rot 14 4 10 11 15 13
rot 15 4 11 12 13 14
corner 1 2 3 1.1895277306140861987233456459639027998854
corner 1 3 6 1.1895277306140861987233456459639027998854
corner 1 6 7 1.1895277306140861987233456459639027998854
corner 1 7 4 1.5250743847232416820319041827033945688527
corner 1 4 2 1.1895277306140861987233456459639027998854
corner 2 1 4 1.1895277306140861987233456459639027998854
corner 2 4 8 1.1895277306140861987233456459639027998854
corner 2 8 5 1.5250743847232416820319041827033945688527
corner 2 5 3 1.1895277306140861987233456459639027998854
corner 2 3 1 1.1895277306140861987233456459639027998854
corner 3 1 2 1.1895277306140861987233456459639027998854
corner 3 2 5 1.1895277306140861987233456459639027998854
corner 3 5 6 2.7146021153373278807552498286672973687381
corner 3 6 1 1.1895277306140861987233456459639027998854
corner 4 1 10 2.1113347268718540913921864503684149221215
corner 4 10 8 1.7927951190795599880864090242627852465021
corner 4 8 2 1.1895277306140861987233456459639027998854
corner 4 2 1 1.1895277306140861987233456459639027998854
corner 5 2 12 2.1113347268718540913921864503684149221215
corner 5 12 3 2.9823228496936461868097546702266880463874
corner 5 3 2 1.1895277306140861987233456459639027998854
corner 6 1 3 1.1895277306140861987233456459639027998854
corner 6 3 11 2.1113347268718540913921864503684149221215
corner 6 11 7 1.7927951190795599880864090242627852465021
corner 6 7 1 1.1895277306140861987233456459639027998854
corner 7 1 6 1.1895277306140861987233456459639027998854
corner 7 6 10 2.9823228496936461868097546702266880463874
corner 7 10 1 2.1113347268718540913921864503684149221215
corner 8 2 4 1.1895277306140861987233456459639027998854
corner 8 4 12 2.9823228496936461868097546702266880463874
corner 8 12 2 2.1113347268718540913921864503684149221215
corner 10 4 7 1.5250743847232416820319041827033945688527
corner 10 7 14 1.4572484649704045047778504875232934775347
corner 10 14 13 1.1895277306140861987233456459639027998854
corner 10 13 4 2.1113347268718540913921864503684149221215
corner 11 6 15 2.9823228496936461868097546702266880463874
corner 11 15 14 1.1895277306140861987233456459639027998854
corner 11 14 6 2.1113347268718540913921864503684149221215
corner 12 5 8 1.5250743847232416820319041827033945688527
corner 12 8 13 1.4572484649704045047778504875232934775347
corner 12 13 15 1.1895277306140861987233456459639027998854
corner 12 15 5 2.1113347268718540913921864503684149221215
corner 13 10 14 1.1895277306140861987233456459639027998854
corner 13 14 15 1.1895277306140861987233456459639027998854
corner 13 15 12 1.1895277306140861987233456459639027998854
corner 13 12 10 2.7146021153373278807552498286672973687381
corner 14 10 11 2.7146021153373278807552498286672973687381
corner 14 11 15 1.1895277306140861987233456459639027998854
corner 14 15 13 1.1895277306140861987233456459639027998854
corner 14 13 10 1.1895277306140861987233456459639027998854
corner 15 11 12 2.7146021153373278807552498286672973687381
corner 15 12 13 1.1895277306140861987233456459639027998854
corner 15 13 14 1.1895277306140861987233456459639027998854
corner 15 14 11 1.1895277306140861987233456459639027998854
face 1 3 1 2 3
facecorners 1 1.1895277306140861987233456459639027998854 1.1895277306140861987233456459639027998854 1.1895277306140861987233456459639027998854
face 2 3 1 3 6
facecorners 2 1.1895277306140861987233456459639027998854 1.1895277306140861987233456459639027998854 1.1895277306140861987233456459639027998854
face 3 3 1 6 7
facecorners 3 1.1895277306140861987233456459639027998854 1.1895277306140861987233456459639027998854 1.1895277306140861987233456459639027998854
face 4 4 1 7 10 4
facecorners 4 1.5250743847232416820319041827033945688527 2.1113347268718540913921864503684149221215 1.5250743847232416820319041827033945688527 2.1113347268718540913921864503684149221215
face 5 3 1 4 2
facecorners 5 1.1895277306140861987233456459639027998854 1.1895277306140861987233456459639027998854 1.1895277306140861987233456459639027998854
face 6 3 2 4 8
facecorners 6 1.1895277306140861987233456459639027998854 1.1895277306140861987233456459639027998854 1.1895277306140861987233456459639027998854
face 7 4 2 8 12 5
facecorners 7 1.5250743847232416820319041827033945688527 2.1113347268718540913921864503684149221215 1.5250743847232416820319041827033945688527 2.1113347268718540913921864503684149221215
face 8 3 2 5 3
facecorners 8 1.1895277306140861987233456459639027998854 1.1895277306140861987233456459639027998854 1.1895277306140861987233456459639027998854
face 9 6 3 5 12 15 11 6
facecorners 9 2.7146021153373278807552498286672973687381 2.9823228496936461868097546702266880463874 2.1113347268718540913921864503684149221215 2.7146021153373278807552498286672973687381 2.9823228496936461868097546702266880463874 2.1113347268718540913921864503684149221215
face 10 5 4 10 13 12 8
facecorners 10 1.7927951190795599880864090242627852465021 2.1113347268718540913921864503684149221215 2.7146021153373278807552498286672973687381 1.4572484649704045047778504875232934775347 2.9823228496936461868097546702266880463874
face 11 5 6 11 14 10 7
facecorners 11 1.7927951190795599880864090242627852465021 2.1113347268718540913921864503684149221215 2.7146021153373278807552498286672973687381 1.4572484649704045047778504875232934775347 2.9823228496936461868097546702266880463874
face 12 3 10 14 13
facecorners 12 1.1895277306140861987233456459639027998854 1.1895277306140861987233456459639027998854 1.1895277306140861987233456459639027998854
face 13 3 11 15 14
facecorners 13 1.1895277306140861987233456459639027998854 1.1895277306140861987233456459639027998854 1.1895277306140861987233456459639027998854
face 14 3 12 13 15
facecorners 14 1.1895277306140861987233456459639027998854 1.1895277306140861987233456459639027998854 1.1895277306140861987233456459639027998854
face 15 3 13 14 15
facecorners 15 1.1895277306140861987233456459639027998854 1.1895277306140861987233456459639027998854 1.1895277306140861987233456459639027998854
rattlerface 9 9
end
begin config C3-rattler-59
info base C3
info removed 3-9 5-9 9-11 1-2 13-15
info rattlers 9
info delta 1.000 e-7 rad: d = psi* - delta
info newton residual 0.e-76, min non-edge gap 6.001943 e-7
n 15
d 0.9365060543089923367175684691930560782513
point 1 0.8950241497221491005509890263439433285054 0.1714899563071962705589325215700038949940 0.4117316678370755879907531523830356605382
point 2 0.4117311492738488492670667730861555604060 0.8950244719137808126013313780942233660769 0.1714895197762632302572348744923014104383
point 3 0.1714908326109345716301821317621378871745 0.4117325432644384125241299264899392808295 0.8950235791013585193283631573248579981211
point 4 0.8009928117904827903979697750676469333778 0.3819645159783311512317871364634825414931 -0.4609919999234427282652132908864808343279
point 5 -0.4609923647933184708763096517555683026143 0.8009926163462778952936195514819732271563 0.3819644854708464361710879420167339769158
point 6 0.3819641180149433335472164644654950344025 -0.4609915421256182409699749436401442975767 0.8009932650389207762749694163426648731868
point 7 0.7788395016210598711928905612259347620491 -0.6271786407442907353831160898305857316946 0.0074821994629236765596606042858554550707
point 8 0.0074814110931142132387931027076574061778 0.7788393259601400587803299247194450858008 -0.6271788682871980589568835866512281293584
point 9 -0.6271774532966366780815730068637486339802 0.0074808216226463505226210683718634408765 0.7788404710749148436833197326941053222157
point 10 0.4609925501586265192655769714240021080011 -0.3819644765499468955355793938067528469231 -0.8009925139176840527099773673531289457952
point 11 -0.3819634247229205029735270296166882921262 -0.8009936893926623167677919310126420379714 0.4609913792329191114868651125955693704614
point 12 -0.8009929852141144617401219262237660358959 0.4609919094365139183603639320587587273641 -0.3819642615112811323470868524639597266993
point 13 -0.4117307404391629176676227796098807888581 -0.1714887775707237885462353065346835132350 -0.8950248021952897118120154696397455732135
point 14 -0.1714912893120636153474274849417756683642 -0.8950232518225278145763285912025041790520 -0.4117330644812413612992572236819465462055
point 15 -0.8950243360109868843461420641473517120009 -0.4117316146332934340926014951975649380218 -0.1714891117813407836314377597375730814780
edge 1 3
edge 1 4
edge 1 6
edge 1 7
edge 2 3
edge 2 4
edge 2 5
edge 2 8
edge 3 5
edge 3 6
edge 4 8
edge 4 10
edge 5 12
edge 6 7
edge 6 11
edge 7 10
edge 8 12
edge 10 13
edge 10 14
edge 11 14
edge 11 15
edge 12 13
edge 12 15
edge 13 14
edge 14 15
rattler 9
rot 1 4 3 6 7 4
rot 2 4 3 4 8 5
rot 3 4 1 2 5 6
rot 4 4 1 10 8 2
rot 5 3 2 12 3
rot 6 4 1 3 11 7
rot 7 3 1 6 10
rot 8 3 2 4 12
rot 10 4 4 7 14 13
rot 11 3 6 15 14
rot 12 4 5 8 13 15
rot 13 3 10 14 12
rot 14 4 10 11 15 13
rot 15 3 11 12 14
corner 1 3 6 1.1895276963998852784508722255921867899433
corner 1 6 7 1.1895276963998852784508722255921867899433
corner 1 7 4 1.5250761133396980345524564048444242264771
corner 1 4 3 2.3790538010401178854710859105302079620306
corner 2 3 4 2.3790538010401178854710859105302079620306
corner 2 4 8 1.1895276963998852784508722255921867899433
corner 2 8 5 1.5250761133396980345524564048444242264771
corner 2 5 3 1.1895276963998852784508722255921867899433
corner 3 1 2 1.1895298352957052787470738392819619556297
corner 3 2 5 1.1895276963998852784508722255921867899433
corner 3 5 6 2.7146000790841106412764684760926702328780
corner 3 6 1 1.1895276963998852784508722255921867899433
corner 4 1 10 2.1113331266045498600504433187733304061004
corner 4 10 8 1.7927946488794460596768973829115266167209
corner 4 8 2 1.1895276963998852784508722255921867899433
corner 4 2 1 1.1895298352957052787470738392819619556297
corner 5 2 12 2.1113331266045498600504433187733304061004
corner 5 12 3 2.9823244841751513384239712221934885723506
corner 5 3 2 1.1895276963998852784508722255921867899433
corner 6 1 3 1.1895276963998852784508722255921867899433
corner 6 3 11 2.1113378911331251777687865174294585863674
corner 6 11 7 1.7927920232466907422547557979451736021403
corner 6 7 1 1.1895276963998852784508722255921867899433
corner 7 1 6 1.1895276963998852784508722255921867899433
corner 7 6 10 2.9823244841751513384239712221934885723506
corner 7 10 1 2.1113331266045498600504433187733304061004
corner 8 2 4 1.1895276963998852784508722255921867899433
corner 8 4 12 2.9823244841751513384239712221934885723506
corner 8 12 2 2.1113331266045498600504433187733304061004
corner 10 4 7 1.5250761133396980345524564048444242264771
corner 10 7 14 1.4572499382489406556357502969714408841326
corner 10 14 13 1.1895276963998852784508722255921867899433
corner 10 13 4 2.1113315591910625082862078391509538678414
corner 11 6 15 2.9823187468406840471582340278503690310367
corner 11 15 14 1.1895276963998852784508722255921867899433
corner 11 14 6 2.1113388639390171513161805131164499474144
corner 12 5 8 1.5250761133396980345524564048444242264771
corner 12 8 13 1.4572445020829774930343552857850592625071
corner 12 13 15 1.1895319991903299768604866971894732445718
corner 12 15 5 2.1113326925665809724779883787400490348383
corner 13 10 14 1.1895276963998852784508722255921867899433
corner 13 14 12 2.3790521906751220095059457718947185720810
corner 13 12 10 2.7146054201045791889684687690721004063700
corner 14 10 11 2.7145979151894859431630556181851589439359
corner 14 11 15 1.1895276963998852784508722255921867899433
corner 14 15 13 1.1895319991903299768604866971894732445718
corner 14 13 10 1.1895276963998852784508722255921867899433
corner 15 11 12 2.7146054201045791889684687690721004063700
corner 15 12 14 2.3790521906751220095059457718947185720810
corner 15 14 11 1.1895276963998852784508722255921867899433
face 1 3 1 3 6
facecorners 1 1.1895276963998852784508722255921867899433 1.1895276963998852784508722255921867899433 1.1895276963998852784508722255921867899433
face 2 3 1 6 7
facecorners 2 1.1895276963998852784508722255921867899433 1.1895276963998852784508722255921867899433 1.1895276963998852784508722255921867899433
face 3 4 1 7 10 4
facecorners 3 1.5250761133396980345524564048444242264771 2.1113331266045498600504433187733304061004 1.5250761133396980345524564048444242264771 2.1113331266045498600504433187733304061004
face 4 4 1 4 2 3
facecorners 4 2.3790538010401178854710859105302079620306 1.1895298352957052787470738392819619556297 2.3790538010401178854710859105302079620306 1.1895298352957052787470738392819619556297
face 5 3 2 4 8
facecorners 5 1.1895276963998852784508722255921867899433 1.1895276963998852784508722255921867899433 1.1895276963998852784508722255921867899433
face 6 4 2 8 12 5
facecorners 6 1.5250761133396980345524564048444242264771 2.1113331266045498600504433187733304061004 1.5250761133396980345524564048444242264771 2.1113331266045498600504433187733304061004
face 7 3 2 5 3
facecorners 7 1.1895276963998852784508722255921867899433 1.1895276963998852784508722255921867899433 1.1895276963998852784508722255921867899433
face 8 6 3 5 12 15 11 6
facecorners 8 2.7146000790841106412764684760926702328780 2.9823244841751513384239712221934885723506 2.1113326925665809724779883787400490348383 2.7146054201045791889684687690721004063700 2.9823187468406840471582340278503690310367 2.1113378911331251777687865174294585863674
face 9 5 4 10 13 12 8
facecorners 9 1.7927946488794460596768973829115266167209 2.1113315591910625082862078391509538678414 2.7146054201045791889684687690721004063700 1.4572445020829774930343552857850592625071 2.9823244841751513384239712221934885723506
face 10 5 6 11 14 10 7
facecorners 10 1.7927920232466907422547557979451736021403 2.1113388639390171513161805131164499474144 2.7145979151894859431630556181851589439359 1.4572499382489406556357502969714408841326 2.9823244841751513384239712221934885723506
face 11 3 10 14 13
facecorners 11 1.1895276963998852784508722255921867899433 1.1895276963998852784508722255921867899433 1.1895276963998852784508722255921867899433
face 12 3 11 15 14
facecorners 12 1.1895276963998852784508722255921867899433 1.1895276963998852784508722255921867899433 1.1895276963998852784508722255921867899433
face 13 4 12 13 14 15
facecorners 13 1.1895319991903299768604866971894732445718 2.3790521906751220095059457718947185720810 1.1895319991903299768604866971894732445718 2.3790521906751220095059457718947185720810
rattlerface 9 8
end
begin config C3-rattler-60
info base C3
info removed 3-9 5-9 9-11 1-3 14-15
info rattlers 9
info delta 1.000 e-5 rad: d = psi* - delta
info newton residual 0.e-76, min non-edge gap 1.980561 e-5
n 15
d 0.9364961543089923367175684691930560782513
point 1 0.8951099362941375839767824720612886022159 0.1713627166698854834878269524561404509816 0.4115981308060345259086159315406467717050
point 2 0.4118169949942713268871362591460157303962 0.8949644038838165931008625645118951877066 0.1715968484989544203376591568525762617416
point 3 0.1713091540706625032106932979302088680474 0.4117212336800812747459471269360766595456 0.8950635728642663990235664126352791432944
point 4 0.8009297317908891307213531305125590767986 0.3820189125937451455802442070285955917129 -0.4610565205634412319186459658992765947275
point 5 -0.4609693749306719890777900196959097874537 0.8010681943261295553011589223616057149689 0.3818337117320835657334750116344247693333
point 6 0.3819713169041541307977760113003610719607 -0.4609462689636740969396068503574322443804 0.8010158863536817986455373895153707448996
point 7 0.7787122673722151973712860194834674164577 -0.6273365136066271730497938723456191629437 0.0074902162789675383014823584921403186172
point 8 0.0074196868643326724713985190422259300529 0.7789719624063639015866678297741016546739 -0.6270148563085356701055284121299184792538
point 9 -0.7788141082497141893105978162301346527192 -0.0074303604600017097991291652863943476767 0.6272107895553431181514930944558497865368
point 10 0.4610068279162392135941228094883723727972 -0.3819669621037848164908604923415298479585 -0.8009831112300763228697544226004019971460
point 11 -0.3819200331018842996645119927702119709832 -0.8010031558134079718654215188580146311496 0.4610108813167178070520037563366206187317
point 12 -0.8010219390952282193436857068275321194650 0.4609166760925608987595131817340626415166 -0.3819943334499947704719761248710576912169
point 13 -0.4117251832858836240051684802197152307809 -0.1715642072014653925375362582765126711786 -0.8950129028430473897957276178994545654187
point 14 -0.1714267594774227448072709597419740949409 -0.8950520931331022749972456180065093213132 -0.4116972391371142805580843127878087057713
point 15 -0.8949991753678601273320503286743061924011 -0.4117926252459416106258166026905690834893 -0.1714739335406575607152348902455344274921
edge 1 2
edge 1 4
edge 1 6
edge 1 7
edge 2 3
edge 2 4
edge 2 5
edge 2 8
edge 3 5
edge 3 6
edge 4 8
edge 4 10
edge 5 12
edge 6 7
edge 6 11
edge 7 10
edge 8 12
edge 10 13
edge 10 14
edge 11 14
edge 11 15
edge 12 13
edge 12 15
edge 13 14
edge 13 15
rattler 9
rot 1 4 2 6 7 4
rot 2 5 1 4 8 5 3
rot 3 3 2 5 6
rot 4 4 1 10 8 2
rot 5 3 2 12 3
rot 6 4 1 3 11 7
rot 7 3 1 6 10
rot 8 3 2 4 12
rot 10 4 4 7 14 13
rot 11 3 6 15 14
rot 12 4 5 8 13 15
rot 13 4 10 14 15 12
rot 14 3 10 11 13
rot 15 3 11 12 13
corner 1 2 6 2.3786614927789080106335240222455781617691
corner 1 6 7 1.1895243092212625305147132453833991791148
corner 1 7 4 1.5254751959581534052623362535466292483956
corner 1 4 2 1.1895243092212625305147132453833991791148
corner 2 1 4 1.1895243092212625305147132453833991791148
corner 2 4 8 1.1895243092212625305147132453833991791148
corner 2 8 5 1.5245679331209008002343068368988414421339
corner 2 5 3 1.1895243092212625305147132453833991791148
corner 2 3 1 1.1900444463948980851468401935099667889159
corner 3 2 5 1.1895243092212625305147132453833991791148
corner 3 5 6 2.7149995051794159357770494989300284275104
corner 3 6 2 2.3786614927789080106335240222455781617691
corner 4 1 10 2.1109790098333368880449269792398684349268
corner 4 10 8 1.7931576789037245278509332965523389752379
corner 4 8 2 1.1895243092212625305147132453833991791148
corner 4 2 1 1.1895243092212625305147132453833991791148
corner 5 2 12 2.1117577257691070854880943655580283734404
corner 5 12 3 2.9819032721892168609224791556175782158391
corner 5 3 2 1.1895243092212625305147132453833991791148
corner 6 1 3 1.1900444463948980851468401935099667889159
corner 6 3 11 2.1111517336965818892392262388678292705660
corner 6 11 7 1.7924648178668439720245070887978105297976
corner 6 7 1 1.1895243092212625305147132453833991791148
corner 7 1 6 1.1895243092212625305147132453833991791148
corner 7 6 10 2.9826819881249870583656465419357381543527
corner 7 10 1 2.1109790098333368880449269792398684349268
corner 8 2 4 1.1895243092212625305147132453833991791148
corner 8 4 12 2.9819032721892168609224791556175782158391
corner 8 12 2 2.1117577257691070854880943655580283734404
corner 10 4 7 1.5254751959581534052623362535466292483956
corner 10 7 14 1.4569085735402915497952072945578472912054
corner 10 14 13 1.1895243092212625305147132453833991791148
corner 10 13 4 2.1112772284598789913530299730711300496785
corner 11 6 15 2.9822979001174934080359266868076269907609
corner 11 15 14 1.1895507998830299045912719054478440655721
corner 11 14 6 2.1113366071790631642980881743035347120613
corner 12 5 8 1.5245679331209008002343068368988414421339
corner 12 8 13 1.4575837357558370157342904095962404926178
corner 12 13 15 1.1895243092212625305147132453833991791148
corner 12 15 5 2.1115093290815861304419762746805246545278
corner 13 10 14 1.1895243092212625305147132453833991791148
corner 13 14 15 1.1895507998830299045912719054478440655721
corner 13 15 12 1.1895243092212625305147132453833991791148
corner 13 12 10 2.7145858888540315113045883703443633445925
corner 14 10 11 2.7146320940416774649699525509741128699662
corner 14 11 13 2.3790289039166464814406209702014937193133
corner 14 13 10 1.1895243092212625305147132453833991791148
corner 15 11 12 2.7146320940416774649699525509741128699662
corner 15 12 13 1.1895243092212625305147132453833991791148
corner 15 13 11 2.3790289039166464814406209702014937193133
face 1 4 1 2 3 6
facecorners 1 2.3786614927789080106335240222455781617691 1.1900444463948980851468401935099667889159 2.3786614927789080106335240222455781617691 1.1900444463948980851468401935099667889159
face 2 3 1 6 7
facecorners 2 1.1895243092212625305147132453833991791148 1.1895243092212625305147132453833991791148 1.1895243092212625305147132453833991791148
face 3 4 1 7 10 4
facecorners 3 1.5254751959581534052623362535466292483956 2.1109790098333368880449269792398684349268 1.5254751959581534052623362535466292483956 2.1109790098333368880449269792398684349268
face 4 3 1 4 2
facecorners 4 1.1895243092212625305147132453833991791148 1.1895243092212625305147132453833991791148 1.1895243092212625305147132453833991791148
face 5 3 2 4 8
facecorners 5 1.1895243092212625305147132453833991791148 1.1895243092212625305147132453833991791148 1.1895243092212625305147132453833991791148
face 6 4 2 8 12 5
facecorners 6 1.5245679331209008002343068368988414421339 2.1117577257691070854880943655580283734404 1.5245679331209008002343068368988414421339 2.1117577257691070854880943655580283734404
face 7 3 2 5 3
facecorners 7 1.1895243092212625305147132453833991791148 1.1895243092212625305147132453833991791148 1.1895243092212625305147132453833991791148
face 8 6 3 5 12 15 11 6
facecorners 8 2.7149995051794159357770494989300284275104 2.9819032721892168609224791556175782158391 2.1115093290815861304419762746805246545278 2.7146320940416774649699525509741128699662 2.9822979001174934080359266868076269907609 2.1111517336965818892392262388678292705660
face 9 5 4 10 13 12 8
facecorners 9 1.7931576789037245278509332965523389752379 2.1112772284598789913530299730711300496785 2.7145858888540315113045883703443633445925 1.4575837357558370157342904095962404926178 2.9819032721892168609224791556175782158391
face 10 5 6 11 14 10 7
facecorners 10 1.7924648178668439720245070887978105297976 2.1113366071790631642980881743035347120613 2.7146320940416774649699525509741128699662 1.4569085735402915497952072945578472912054 2.9826819881249870583656465419357381543527
face 11 3 10 14 13
facecorners 11 1.1895243092212625305147132453833991791148 1.1895243092212625305147132453833991791148 1.1895243092212625305147132453833991791148
face 12 4 11 15 13 14
facecorners 12 1.1895507998830299045912719054478440655721 2.3790289039166464814406209702014937193133 1.1895507998830299045912719054478440655721 2.3790289039166464814406209702014937193133
face 13 3 12 13 15
facecorners 13 1.1895243092212625305147132453833991791148 1.1895243092212625305147132453833991791148 1.1895243092212625305147132453833991791148
rattlerface 9 8
end
begin config C3-rattler-61
info base C3
info removed 3-9 5-9 9-11 1-6 13-15
info rattlers 9
info delta 1.000 e-3 rad: d = psi* - delta
info newton residual 1.23 e-73, min non-edge gap 5.071411 e-3
n 15
d 0.9355061543089923367175684691930560782513
point 1 0.8952444428132711187338695476218438879347 0.1758752534978560058827239819049610828063 0.4093962418232739790316305367259865804286
point 2 0.4101273150300853508379807075037389430490 0.8965159955835395683012025669163538541068 0.1674952391235881902542560925857833856067
point 3 0.1728516313729970711240570136818051510647 0.4160389929449503066819891987289014304671 0.8927675340653047759661887364166836265142
point 4 0.7994298971545700959108663006024036209363 0.3827113987128760914214155982104496489443 -0.4630807973028761464408578428312705894386
point 5 -0.4610235722433123633662416306364450065572 0.8017565688968362685731853079643554655978 0.3803204833647380395804109549663823530931
point 6 0.3803868281520802606226063134477530066520 -0.4570187853937528626343025218811919576039 0.8040147329282086141788284601885786419627
point 7 0.7797230994521058389378516506261956601951 -0.6259822816637065028899145399600119127937 0.0133443330257261094307017674839127910988
point 8 0.0056714288824625731532990538264137022443 0.7769331390444523480797336607788385583289 -0.6295575687329672980202814494388595145418
point 9 -0.6277569213899406882955038655436904248252 0.0025199327340644628558712706070863061712 0.7784053555738421418014022320777534725464
point 10 0.4652344600789668549298661167933680384026 -0.3854590649801870966683743115654016086210 -0.7968551978745147754821595499351994604022
point 11 -0.3738816908342026500762664799447883620257 -0.8077448259802022248051693700708066342080 0.4558078294206567608787680146988965533369
point 12 -0.8014927528679607194478932766576860708277 0.4603340769744168499000027365908800454560 -0.3817091886190974398583164861804801288817
point 13 -0.4006743533770267719668473693504547480721 -0.1570209553102532407092869250119004341901 -0.9026652104403697077395083307563217151094
point 14 -0.1827461964170062307856934631713753958430 -0.8880826654527993041087439747471698753701 -0.4217973530231885279821755363516677494714
point 15 -0.8991698376435345381457973683392888809054 -0.4078891392910622440559903637145311679838 -0.1584930696292306710318968982370658504226
edge 1 2
edge 1 3
edge 1 4
edge 1 7
edge 2 3
edge 2 4
edge 2 5
edge 2 8
edge 3 5
edge 3 6
edge 4 8
edge 4 10
edge 5 12
edge 6 7
edge 6 11
edge 7 10
edge 8 12
edge 10 13
edge 10 14
edge 11 14
edge 11 15
edge 12 13
edge 12 15
edge 13 14
edge 14 15
rattler 9
rot 1 4 2 3 7 4
rot 2 5 1 4 8 5 3
rot 3 4 1 2 5 6
rot 4 4 1 10 8 2
rot 5 3 2 12 3
rot 6 3 3 11 7
rot 7 3 1 6 10
rot 8 3 2 4 12
rot 10 4 4 7 14 13
rot 11 3 6 15 14
rot 12 4 5 8 13 15
rot 13 3 10 14 12
rot 14 4 10 11 15 13
rot 15 3 11 12 14
corner 1 2 3 1.1891858638899650821453808135861126411251
corner 1 3 7 2.3733059651436202082906269644549416063131
corner 1 7 4 1.5315076142560361043438981749318388798311
corner 1 4 2 1.1891858638899650821453808135861126411251
corner 2 1 4 1.1891858638899650821453808135861126411251
corner 2 4 8 1.1891858638899650821453808135861126411251
corner 2 8 5 1.5264418516197261483437635122145552038940
corner 2 5 3 1.1891858638899650821453808135861126411251
corner 2 3 1 1.1891858638899650821453808135861126411251
corner 3 1 2 1.1891858638899650821453808135861126411251
corner 3 2 5 1.1891858638899650821453808135861126411251
corner 3 5 6 2.7088352202224005130213539072416079592507
corner 3 6 1 1.1959783591772557996131712321451725268935
corner 4 1 10 2.1046360617005521036493911544174824132657
corner 4 10 8 1.8001775176991042089851339849692980728785
corner 4 8 2 1.1891858638899650821453808135861126411251
corner 4 2 1 1.1891858638899650821453808135861126411251
corner 5 2 12 2.1089951539466974070933140282786788660704
corner 5 12 3 2.9850042893429239876865919246942142611988
corner 5 3 2 1.1891858638899650821453808135861126411251
corner 6 3 11 2.1339871015167613077883913508265172444872
corner 6 11 7 1.7758922405192049608462684512775469175940
corner 6 7 3 2.3733059651436202082906269644549416063131
corner 7 1 6 1.1959783591772557996131712321451725268935
corner 7 6 10 2.9825708863017785736627243799963508282352
corner 7 10 1 2.1046360617005521036493911544174824132657
corner 8 2 4 1.1891858638899650821453808135861126411251
corner 8 4 12 2.9850042893429239876865919246942142611988
corner 8 12 2 2.1089951539466974070933140282786788660704
corner 10 4 7 1.5315076142560361043438981749318388798311
corner 10 7 14 1.4847658700027093826067286479791234005292
corner 10 14 13 1.1891858638899650821453808135861126411251
corner 10 13 4 2.0777259590308759078292791300619308469090
corner 11 6 15 2.9434481080463607203312746873850000500156
corner 11 15 14 1.1891858638899650821453808135861126411251
corner 11 14 6 2.1505513352432606744486312655878930772537
corner 12 5 8 1.5264418516197261483437635122145552038940
corner 12 8 13 1.4285030649886670473932759821721780740128
corner 12 13 15 1.2321109943436131863470448126389756392368
corner 12 15 5 2.0961293962275800948412024595332968512507
corner 13 10 14 1.1891858638899650821453808135861126411251
corner 13 14 12 2.3461365091182337560680616293088858899295
corner 13 12 10 2.7478629341713876387118443236640072373397
corner 14 10 11 2.6727025850560431262874803267478048469074
corner 14 11 15 1.1891858638899650821453808135861126411251
corner 14 15 13 1.2321109943436131863470448126389756392368
corner 14 13 10 1.1891858638899650821453808135861126411251
corner 15 11 12 2.7478629341713876387118443236640072373397
corner 15 12 14 2.3461365091182337560680616293088858899295
corner 15 14 11 1.1891858638899650821453808135861126411251
face 1 3 1 2 3
facecorners 1 1.1891858638899650821453808135861126411251 1.1891858638899650821453808135861126411251 1.1891858638899650821453808135861126411251
face 2 4 1 3 6 7
facecorners 2 2.3733059651436202082906269644549416063131 1.1959783591772557996131712321451725268935 2.3733059651436202082906269644549416063131 1.1959783591772557996131712321451725268935
face 3 4 1 7 10 4
facecorners 3 1.5315076142560361043438981749318388798311 2.1046360617005521036493911544174824132657 1.5315076142560361043438981749318388798311 2.1046360617005521036493911544174824132657
face 4 3 1 4 2
facecorners 4 1.1891858638899650821453808135861126411251 1.1891858638899650821453808135861126411251 1.1891858638899650821453808135861126411251
face 5 3 2 4 8
facecorners 5 1.1891858638899650821453808135861126411251 1.1891858638899650821453808135861126411251 1.1891858638899650821453808135861126411251
face 6 4 2 8 12 5
facecorners 6 1.5264418516197261483437635122145552038940 2.1089951539466974070933140282786788660704 1.5264418516197261483437635122145552038940 2.1089951539466974070933140282786788660704
face 7 3 2 5 3
facecorners 7 1.1891858638899650821453808135861126411251 1.1891858638899650821453808135861126411251 1.1891858638899650821453808135861126411251
face 8 6 3 5 12 15 11 6
facecorners 8 2.7088352202224005130213539072416079592507 2.9850042893429239876865919246942142611988 2.0961293962275800948412024595332968512507 2.7478629341713876387118443236640072373397 2.9434481080463607203312746873850000500156 2.1339871015167613077883913508265172444872
face 9 5 4 10 13 12 8
facecorners 9 1.8001775176991042089851339849692980728785 2.0777259590308759078292791300619308469090 2.7478629341713876387118443236640072373397 1.4285030649886670473932759821721780740128 2.9850042893429239876865919246942142611988
face 10 5 6 11 14 10 7
facecorners 10 1.7758922405192049608462684512775469175940 2.1505513352432606744486312655878930772537 2.6727025850560431262874803267478048469074 1.4847658700027093826067286479791234005292 2.9825708863017785736627243799963508282352
face 11 3 10 14 13
facecorners 11 1.1891858638899650821453808135861126411251 1.1891858638899650821453808135861126411251 1.1891858638899650821453808135861126411251
face 12 3 11 15 14
facecorners 12 1.1891858638899650821453808135861126411251 1.1891858638899650821453808135861126411251 1.1891858638899650821453808135861126411251
face 13 4 12 13 14 15
facecorners 13 1.2321109943436131863470448126389756392368 2.3461365091182337560680616293088858899295 1.2321109943436131863470448126389756392368 2.3461365091182337560680616293088858899295
rattlerface 9 8
end
