# Realisations of subgraphs of the contact graph of C1 at d <= psi*, built by flex.gp at realprecision 60;
# format in README.md. Edges listed are the kept contacts (distance exactly d); every other pair is farther.
begin config C1-rm3-1
info base C1
info removed 1-6 11-15 13-14
info rattlers none
info delta 0.e-19 rad: d = psi* - delta
info newton residual 0.e-76, min non-edge gap -1.727234 e-77
n 15
d 0.9365061543089923367175684691930560782513
point 1 0.8950239687385675817752053027300069363982 0.1714903098093749755411220556254286252362 0.4117319140228847855850930801629745052897
point 2 0.4117319140228847855850930801629745052897 0.8950239687385675817752053027300069363982 0.1714903098093749755411220556254286252362
point 3 0.1714903098093749755411220556254286252361 0.4117319140228847855850930801629745052897 0.8950239687385675817752053027300069363982
point 4 0.8009928994820256966989893094450395527570 0.3819643241495056538159414100761232449542 -0.4609920064994498908133393714792726773162
point 5 -0.4609920064994498908133393714792726773162 0.8009928994820256966989893094450395527570 0.3819643241495056538159414100761232449542
point 6 0.3819643241495056538159414100761232449542 -0.4609920064994498908133393714792726773162 0.8009928994820256966989893094450395527570
point 7 0.7788399620322553112220048616995050840131 -0.6271780756254064502195746100187979488791 0.0074816439642001671733910575444910472665
point 8 0.0074816439642001671733910575444910472665 0.7788399620322553112220048616995050840131 -0.6271780756254064502195746100187979488791
point 9 -0.7788399620322553112220048616995050840131 -0.0074816439642001671733910575444910472665 0.6271780756254064502195746100187979488791
point 10 0.4609920064994498908133393714792726773162 -0.3819643241495056538159414100761232449542 -0.8009928994820256966989893094450395527570
point 11 -0.3819643241495056538159414100761232449542 -0.8009928994820256966989893094450395527570 0.4609920064994498908133393714792726773162
point 12 -0.8009928994820256966989893094450395527570 0.4609920064994498908133393714792726773162 -0.3819643241495056538159414100761232449542
point 13 -0.4117319140228847855850930801629745052897 -0.1714903098093749755411220556254286252362 -0.8950239687385675817752053027300069363982
point 14 -0.1714903098093749755411220556254286252361 -0.8950239687385675817752053027300069363982 -0.4117319140228847855850930801629745052897
point 15 -0.8950239687385675817752053027300069363982 -0.4117319140228847855850930801629745052897 -0.1714903098093749755411220556254286252362
edge 1 2
edge 1 3
edge 1 4
edge 1 7
edge 2 3
edge 2 4
edge 2 5
edge 2 8
edge 3 5
edge 3 6
edge 4 8
edge 4 10
edge 5 9
edge 5 12
edge 6 7
edge 6 11
edge 7 10
edge 8 12
edge 9 11
edge 9 15
edge 10 13
edge 10 14
edge 11 14
edge 12 13
edge 12 15
edge 13 15
edge 14 15
rot 1 4 2 3 7 4
rot 2 5 1 4 8 5 3
rot 3 4 1 2 5 6
rot 4 4 1 10 8 2
rot 5 4 2 12 9 3
rot 6 3 3 11 7
rot 7 3 1 6 10
rot 8 3 2 4 12
rot 9 3 5 15 11
rot 10 4 4 7 14 13
rot 11 3 6 9 14
rot 12 4 5 8 13 15
rot 13 3 10 15 12
rot 14 3 10 11 15
rot 15 4 9 12 13 14
corner 1 2 3 1.1895277306140861987233456459639027998854
corner 1 3 7 2.3790554612281723974466912919278055997708
corner 1 7 4 1.5250743847232416820319041827033945688527
corner 1 4 2 1.1895277306140861987233456459639027998854
corner 2 1 4 1.1895277306140861987233456459639027998854
corner 2 4 8 1.1895277306140861987233456459639027998854
corner 2 8 5 1.5250743847232416820319041827033945688527
corner 2 5 3 1.1895277306140861987233456459639027998854
corner 2 3 1 1.1895277306140861987233456459639027998854
corner 3 1 2 1.1895277306140861987233456459639027998854
corner 3 2 5 1.1895277306140861987233456459639027998854
corner 3 5 6 2.7146021153373278807552498286672973687381
corner 3 6 1 1.1895277306140861987233456459639027998854
corner 4 1 10 2.1113347268718540913921864503684149221215
corner 4 10 8 1.7927951190795599880864090242627852465021
corner 4 8 2 1.1895277306140861987233456459639027998854
corner 4 2 1 1.1895277306140861987233456459639027998854
corner 5 2 12 2.1113347268718540913921864503684149221215
corner 5 12 9 1.5250743847232416820319041827033945688527
corner 5 9 3 1.4572484649704045047778504875232934775347
corner 5 3 2 1.1895277306140861987233456459639027998854
corner 6 3 11 2.1113347268718540913921864503684149221215
corner 6 11 7 1.7927951190795599880864090242627852465021
corner 6 7 3 2.3790554612281723974466912919278055997708
corner 7 1 6 1.1895277306140861987233456459639027998854
corner 7 6 10 2.9823228496936461868097546702266880463874
corner 7 10 1 2.1113347268718540913921864503684149221215
corner 8 2 4 1.1895277306140861987233456459639027998854
corner 8 4 12 2.9823228496936461868097546702266880463874
corner 8 12 2 2.1113347268718540913921864503684149221215
corner 9 5 15 2.1113347268718540913921864503684149221215
corner 9 15 11 1.1895277306140861987233456459639027998854
corner 9 11 5 2.9823228496936461868097546702266880463874
corner 10 4 7 1.5250743847232416820319041827033945688527
corner 10 7 14 1.4572484649704045047778504875232934775347
corner 10 14 13 1.1895277306140861987233456459639027998854
corner 10 13 4 2.1113347268718540913921864503684149221215
corner 11 6 9 1.7927951190795599880864090242627852465021
corner 11 9 14 2.3790554612281723974466912919278055997708
corner 11 14 6 2.1113347268718540913921864503684149221215
corner 12 5 8 1.5250743847232416820319041827033945688527
corner 12 8 13 1.4572484649704045047778504875232934775347
corner 12 13 15 1.1895277306140861987233456459639027998854
corner 12 15 5 2.1113347268718540913921864503684149221215
corner 13 10 15 2.3790554612281723974466912919278055997708
corner 13 15 12 1.1895277306140861987233456459639027998854
corner 13 12 10 2.7146021153373278807552498286672973687381
corner 14 10 11 2.7146021153373278807552498286672973687381
corner 14 11 15 1.1895277306140861987233456459639027998854
corner 14 15 10 2.3790554612281723974466912919278055997708
corner 15 9 12 1.5250743847232416820319041827033945688527
corner 15 12 13 1.1895277306140861987233456459639027998854
corner 15 13 14 1.1895277306140861987233456459639027998854
corner 15 14 9 2.3790554612281723974466912919278055997708
face 1 3 1 2 3
facecorners 1 1.1895277306140861987233456459639027998854 1.1895277306140861987233456459639027998854 1.1895277306140861987233456459639027998854
face 2 4 1 3 6 7
facecorners 2 2.3790554612281723974466912919278055997708 1.1895277306140861987233456459639027998854 2.3790554612281723974466912919278055997708 1.1895277306140861987233456459639027998854
face 3 4 1 7 10 4
facecorners 3 1.5250743847232416820319041827033945688527 2.1113347268718540913921864503684149221215 1.5250743847232416820319041827033945688527 2.1113347268718540913921864503684149221215
face 4 3 1 4 2
facecorners 4 1.1895277306140861987233456459639027998854 1.1895277306140861987233456459639027998854 1.1895277306140861987233456459639027998854
face 5 3 2 4 8
facecorners 5 1.1895277306140861987233456459639027998854 1.1895277306140861987233456459639027998854 1.1895277306140861987233456459639027998854
face 6 4 2 8 12 5
facecorners 6 1.5250743847232416820319041827033945688527 2.1113347268718540913921864503684149221215 1.5250743847232416820319041827033945688527 2.1113347268718540913921864503684149221215
face 7 3 2 5 3
facecorners 7 1.1895277306140861987233456459639027998854 1.1895277306140861987233456459639027998854 1.1895277306140861987233456459639027998854
face 8 5 3 5 9 11 6
facecorners 8 2.7146021153373278807552498286672973687381 1.4572484649704045047778504875232934775347 2.9823228496936461868097546702266880463874 1.7927951190795599880864090242627852465021 2.1113347268718540913921864503684149221215
face 9 5 4 10 13 12 8
facecorners 9 1.7927951190795599880864090242627852465021 2.1113347268718540913921864503684149221215 2.7146021153373278807552498286672973687381 1.4572484649704045047778504875232934775347 2.9823228496936461868097546702266880463874
face 10 4 5 12 15 9
facecorners 10 1.5250743847232416820319041827033945688527 2.1113347268718540913921864503684149221215 1.5250743847232416820319041827033945688527 2.1113347268718540913921864503684149221215
face 11 5 6 11 14 10 7
facecorners 11 1.7927951190795599880864090242627852465021 2.1113347268718540913921864503684149221215 2.7146021153373278807552498286672973687381 1.4572484649704045047778504875232934775347 2.9823228496936461868097546702266880463874
face 12 4 9 15 14 11
facecorners 12 1.1895277306140861987233456459639027998854 2.3790554612281723974466912919278055997708 1.1895277306140861987233456459639027998854 2.3790554612281723974466912919278055997708
face 13 4 10 14 15 13
facecorners 13 1.1895277306140861987233456459639027998854 2.3790554612281723974466912919278055997708 1.1895277306140861987233456459639027998854 2.3790554612281723974466912919278055997708
face 14 3 12 13 15
facecorners 14 1.1895277306140861987233456459639027998854 1.1895277306140861987233456459639027998854 1.1895277306140861987233456459639027998854
end
begin config C1-rm3-2
info base C1
info removed 1-6 11-15 13-14
info rattlers none
info delta 1.000 e-5 rad: d = psi* - delta
info newton residual 0.e-76, min non-edge gap 6.639910 e-5
n 15
d 0.9364961543089923367175684691930560782513
point 1 0.8950586874574731704726023072046088262295 0.1715054603209515199456470005640789334842 0.4116501221753783033290671077288799716384
point 2 0.4117438707370139525503788305291101989744 0.8950263239109217403328689312386686321264 0.1714493056766429250128214819356301562279
point 3 0.1715751925717555541132537848489827499004 0.4117436441886005959779251195077559836183 0.8950023043346067655935456863726374643637
point 4 0.8009510524722621600598853555054032327569 0.3819723956484997636651939148707423088009 -0.4610580229278322695443443295146153008276
point 5 -0.4609509527082709950716279013828444274501 0.8009965310800938983707910921316202505075 0.3820062517747497363448264611081068079128
point 6 0.3819822177328978357312974653966682631168 -0.4609888125910556198972330633367592391726 0.8009862046263628564208078922903502431312
point 7 0.7788342618762138308761621174405804929705 -0.6271852277624526382475856401529537396506 0.0074754668278030477769704760328494074712
point 8 0.0074323833299302113646166798701098627825 0.7788406817733867490498463103661347790012 -0.6271777675370860029255272080114475378018
point 9 -0.7789695815260874617851445086444847762835 -0.0074623848017493965853022057795747041722 0.6270173074725631518865581071025930652927
point 10 0.4609767401947389771223756291019686823994 -0.3819880395938121748625933321640696753184 -0.8009903761011790736730635742941448336162
point 11 -0.3819807385328336140193729022288888115700 -0.8009523922579212221749265297738159483420 0.4610487834559636897641111316686457341923
point 12 -0.8010171236445306111041033121557211100325 0.4610115815596583534139950566898690697266 -0.3818898915867049144914044971385286617104
point 13 -0.4116801348521087667068574165913606278533 -0.1713022745268171598070420755149748633892 -0.8950837934573994450326937491855042107966
point 14 -0.1713959165934275451543890110877747612492 -0.8950899860181811137836028364546663406641 -0.4116276918588825536315039639134338549126
point 15 -0.8949803193613799152437930048599671421431 -0.4117644335608240435433979143791680818743 -0.1716399697335563424675906424017925183638
edge 1 2
edge 1 3
edge 1 4
edge 1 7
edge 2 3
edge 2 4
edge 2 5
edge 2 8
edge 3 5
edge 3 6
edge 4 8
edge 4 10
edge 5 9
edge 5 12
edge 6 7
edge 6 11
edge 7 10
edge 8 12
edge 9 11
edge 9 15
edge 10 13
edge 10 14
edge 11 14
edge 12 13
edge 12 15
edge 13 15
edge 14 15
rot 1 4 2 3 7 4
rot 2 5 1 4 8 5 3
rot 3 4 1 2 5 6
rot 4 4 1 10 8 2
rot 5 4 2 12 9 3
rot 6 3 3 11 7
rot 7 3 1 6 10
rot 8 3 2 4 12
rot 9 3 5 15 11
rot 10 4 4 7 14 13
rot 11 3 6 9 14
rot 12 4 5 8 13 15
rot 13 3 10 15 12
rot 14 3 10 11 15
rot 15 4 9 12 13 14
corner 1 2 3 1.1895243092212625305147132453833991791148
corner 1 3 7 2.3789825236025678802939358738439977125647
corner 1 7 4 1.5251541651344935356019244019482096976000
corner 1 4 2 1.1895243092212625305147132453833991791148
corner 2 1 4 1.1895243092212625305147132453833991791148
corner 2 4 8 1.1895243092212625305147132453833991791148
corner 2 8 5 1.5250880702945363548664337850254090519350
corner 2 5 3 1.1895243092212625305147132453833991791148
corner 2 3 1 1.1895243092212625305147132453833991791148
corner 3 1 2 1.1895243092212625305147132453833991791148
corner 3 2 5 1.1895243092212625305147132453833991791148
corner 3 5 6 2.7145235680764720259500340936168408786587
corner 3 6 1 1.1896131206605893899458261821753665315060
corner 4 1 10 2.1112545928315092330414588526350611496525
corner 4 10 8 1.7928820959055521828544014231571462605121
corner 4 8 2 1.1895243092212625305147132453833991791148
corner 4 2 1 1.1895243092212625305147132453833991791148
corner 5 2 12 2.1113113255745433027052879168371110632306
corner 5 12 9 1.5247189069647736628697371691552817411187
corner 5 9 3 1.4576307654190069808355484351832137849302
corner 5 3 2 1.1895243092212625305147132453833991791148
corner 6 3 11 2.1113375793905839648416332687263404156674
corner 6 11 7 1.7928652041864346317897176239886676401623
corner 6 7 3 2.3789825236025678802939358738439977125647
corner 7 1 6 1.1896131206605893899458261821753665315060
corner 7 6 10 2.9823175936874878539380017317485780872359
corner 7 10 1 2.1112545928315092330414588526350611496525
corner 8 2 4 1.1895243092212625305147132453833991791148
corner 8 4 12 2.9823496723837806437052856043384955260489
corner 8 12 2 2.1113113255745433027052879168371110632306
corner 9 5 15 2.1116281658785023280862554781221073698524
corner 9 15 11 1.1896561607239745287975031355632738076719
corner 9 11 5 2.9819009805771096200415281528736245908700
corner 10 4 7 1.5251541651344935356019244019482096976000
corner 10 7 14 1.4570667188557646842077650568811414146300
corner 10 14 13 1.1899915992670878829225026457430939264838
corner 10 13 4 2.1109728239222403741930946619865607296806
corner 11 6 9 1.7931379608363689144294877937908830247490
corner 11 9 14 2.3789504917264624006183337062772309216770
corner 11 14 6 2.1110968546167551618774652664908918219684
corner 12 5 8 1.5250880702945363548664337850254090519350
corner 12 8 13 1.4569447617852852634578842580280901674922
corner 12 13 15 1.1895243092212625305147132453833991791148
corner 12 15 5 2.1116281658785023280862554781221073698524
corner 13 10 15 2.3787008291087323647170038796229200620039
corner 13 15 12 1.1895243092212625305147132453833991791148
corner 13 12 10 2.7149601688495915816935696415526865272756
corner 14 10 11 2.7148283173468795834107797513728118987185
corner 14 11 15 1.1896561607239745287975031355632738076719
corner 14 15 10 2.3787008291087323647170038796229200620039
corner 15 9 12 1.5247189069647736628697371691552817411187
corner 15 12 13 1.1895243092212625305147132453833991791148
corner 15 13 14 1.1899915992670878829225026457430939264838
corner 15 14 9 2.3789504917264624006183337062772309216770
face 1 3 1 2 3
facecorners 1 1.1895243092212625305147132453833991791148 1.1895243092212625305147132453833991791148 1.1895243092212625305147132453833991791148
face 2 4 1 3 6 7
facecorners 2 2.3789825236025678802939358738439977125647 1.1896131206605893899458261821753665315060 2.3789825236025678802939358738439977125647 1.1896131206605893899458261821753665315060
face 3 4 1 7 10 4
facecorners 3 1.5251541651344935356019244019482096976000 2.1112545928315092330414588526350611496525 1.5251541651344935356019244019482096976000 2.1112545928315092330414588526350611496525
face 4 3 1 4 2
facecorners 4 1.1895243092212625305147132453833991791148 1.1895243092212625305147132453833991791148 1.1895243092212625305147132453833991791148
face 5 3 2 4 8
facecorners 5 1.1895243092212625305147132453833991791148 1.1895243092212625305147132453833991791148 1.1895243092212625305147132453833991791148
face 6 4 2 8 12 5
facecorners 6 1.5250880702945363548664337850254090519350 2.1113113255745433027052879168371110632306 1.5250880702945363548664337850254090519350 2.1113113255745433027052879168371110632306
face 7 3 2 5 3
facecorners 7 1.1895243092212625305147132453833991791148 1.1895243092212625305147132453833991791148 1.1895243092212625305147132453833991791148
face 8 5 3 5 9 11 6
facecorners 8 2.7145235680764720259500340936168408786587 1.4576307654190069808355484351832137849302 2.9819009805771096200415281528736245908700 1.7931379608363689144294877937908830247490 2.1113375793905839648416332687263404156674
face 9 5 4 10 13 12 8
facecorners 9 1.7928820959055521828544014231571462605121 2.1109728239222403741930946619865607296806 2.7149601688495915816935696415526865272756 1.4569447617852852634578842580280901674922 2.9823496723837806437052856043384955260489
face 10 4 5 12 15 9
facecorners 10 1.5247189069647736628697371691552817411187 2.1116281658785023280862554781221073698524 1.5247189069647736628697371691552817411187 2.1116281658785023280862554781221073698524
face 11 5 6 11 14 10 7
facecorners 11 1.7928652041864346317897176239886676401623 2.1110968546167551618774652664908918219684 2.7148283173468795834107797513728118987185 1.4570667188557646842077650568811414146300 2.9823175936874878539380017317485780872359
face 12 4 9 15 14 11
facecorners 12 1.1896561607239745287975031355632738076719 2.3789504917264624006183337062772309216770 1.1896561607239745287975031355632738076719 2.3789504917264624006183337062772309216770
face 13 4 10 14 15 13
facecorners 13 1.1899915992670878829225026457430939264838 2.3787008291087323647170038796229200620039 1.1899915992670878829225026457430939264838 2.3787008291087323647170038796229200620039
face 14 3 12 13 15
facecorners 14 1.1895243092212625305147132453833991791148 1.1895243092212625305147132453833991791148 1.1895243092212625305147132453833991791148
end
begin config C1-rm3-3
info base C1
info removed 1-3 2-4 14-15
info rattlers none
info delta 1.000 e-3 rad: d = psi* - delta
info newton residual 1.58 e-68, min non-edge gap 1.287191 e-2
n 15
d 0.9355061543089923367175684691930560782513
point 1 0.8999449523868367678585679934923499484030 0.1641977170147115904503046056157104574780 0.4039036919868532159327003359380758425013
point 2 0.4126894993064285922633987233003938063091 0.8914095643629193576713454278623983786512 0.1872868541156041884876873757364912541845
point 3 0.1515968285466333388344326962221772926024 0.4061874885483751010182395513277029314956 0.9011271418181600312656116889568729610655
point 4 0.7984698640381174816054861298108620176304 0.3821063911584270468925705346638304978071 -0.4652317509143516399949951824792841291057
point 5 -0.4647404308307481519008013403421619472984 0.8020301159605747492859122140086144375518 0.3751853209328925936826964892000953976721
point 6 0.3836854286605326304198073610826976033578 -0.4594338832915622609650536660737023368135 0.8010655395891265481884441181202911217618
point 7 0.7723338522956841631692113679649573616442 -0.6351829776791230383169138288896450350659 0.0065578551974713931442480467683479193732
point 8 0.0080963227870871387132904110332693138622 0.7905941024636073632044885920535729656847 -0.6122870362069495876947572557338318371005
point 9 -0.7742807643907692057035330723380842442798 -0.0048062378313496568601149510584120190673 0.6328239865652649618400735151068378486835
point 10 0.4599121691958162637730120971044319403201 -0.3832881067988825401207074184058689576601 -0.8009812880536768729653815091333174922535
point 11 -0.3812454395151310139246093107785021029428 -0.7989084153777394589311301402812381039492 0.4651851875194908757858008077443624432717
point 12 -0.7996356116522523649585557521317827026700 0.4581310053976370235703830599252357926659 -0.3881995240477228073410751883451201942664
point 13 -0.4149247847257538195938311547360018670654 -0.1839797169411210622789423226044202902131 -0.8910605404654342684657860168562413402858
point 14 -0.1634472858910076213809502547715348311042 -0.9000297099564251755836710694183079972438 -0.4040191900524236164486008342125614538103
point 15 -0.8974618755841188857013741827406841228630 -0.4096839574649846289365969465675082704403 -0.1634663172303829056316927125925766345740
edge 1 2
edge 1 4
edge 1 6
edge 1 7
edge 2 3
edge 2 5
edge 2 8
edge 3 5
edge 3 6
edge 4 8
edge 4 10
edge 5 9
edge 5 12
edge 6 7
edge 6 11
edge 7 10
edge 8 12
edge 9 11
edge 9 15
edge 10 13
edge 10 14
edge 11 14
edge 11 15
edge 12 13
edge 12 15
edge 13 14
edge 13 15
rot 1 4 2 6 7 4
rot 2 4 1 8 5 3
rot 3 3 2 5 6
rot 4 3 1 10 8
rot 5 4 2 12 9 3
rot 6 4 1 3 11 7
rot 7 3 1 6 10
rot 8 3 2 4 12
rot 9 3 5 15 11
rot 10 4 4 7 14 13
rot 11 4 6 9 15 14
rot 12 4 5 8 13 15
rot 13 4 10 14 15 12
rot 14 3 10 11 13
rot 15 4 9 12 13 11
corner 1 2 6 2.3457707355047858476356486885942568675918
corner 1 6 7 1.1891858638899650821453808135861126411251
corner 1 7 4 1.5417889542670708370944153869510864872405
corner 1 4 2 1.2064397535177647100498418774275497724370
corner 2 1 8 2.3654783799933037036199907049336841975800
corner 2 8 5 1.4959270521633286573906074499248707854740
corner 2 5 3 1.1891858638899650821453808135861126411251
corner 2 3 1 1.2325940111329890337693077981143381442152
corner 3 2 5 1.1891858638899650821453808135861126411251
corner 3 5 6 2.7482287077848355471442572643786362596775
corner 3 6 2 2.3457707355047858476356486885942568675918
corner 4 1 10 2.0957569664082407098780272342733836444128
corner 4 10 8 1.8219499607780420634272688273519379264015
corner 4 8 1 2.3654783799933037036199907049336841975800
corner 5 2 12 2.1350362823231927642986701270663798386213
corner 5 12 9 1.5412458485864337138632193319576025669603
corner 5 9 3 1.4177173123799949166180164939489107216876
corner 5 3 2 1.1891858638899650821453808135861126411251
corner 6 1 3 1.2325940111329890337693077981143381442152
corner 6 3 11 2.0789858959666149958787636196615175516761
corner 6 11 7 1.7824195361900173651318345351970374313780
corner 6 7 1 1.1891858638899650821453808135861126411251
corner 7 1 6 1.1891858638899650821453808135861126411251
corner 7 6 10 2.9982424768813806849018787186995094828565
corner 7 10 1 2.0957569664082407098780272342733836444128
corner 8 2 4 1.2064397535177647100498418774275497724370
corner 8 4 12 2.9417092713386290025767747620650761573360
corner 8 12 2 2.1350362823231927642986701270663798386213
corner 9 5 15 2.0962270769636836693500608831286897741254
corner 9 15 11 1.1891858638899650821453808135861126411251
corner 9 11 5 2.9977723663259377254298450698442033531439
corner 10 4 7 1.5417889542670708370944153869510864872405
corner 10 7 14 1.4303963476818564641390114346372114167357
corner 10 14 13 1.1891858638899650821453808135861126411251
corner 10 13 4 2.1218141413406940935464791313845952232931
corner 11 6 9 1.7887286057827296310887854675895852831592
corner 11 9 15 1.1891858638899650821453808135861126411251
corner 11 15 14 1.2089869649095292230871860139246631240424
corner 11 14 6 2.0962838725973625406039344714586447200677
corner 12 5 8 1.4959270521633286573906074499248707854740
corner 12 8 13 1.5018453141626090680392376199193325676699
corner 12 13 15 1.1891858638899650821453808135861126411251
corner 12 15 5 2.0962270769636836693500608831286897741254
corner 13 10 14 1.1891858638899650821453808135861126411251
corner 13 14 15 1.2089869649095292230871860139246631240424
corner 13 15 12 1.1891858638899650821453808135861126411251
corner 13 12 10 2.6958266144901270895473391254621173621018
corner 14 10 11 2.7304317124763987960086001455437152080854
corner 14 11 13 2.3635677308132225987713058074291779191839
corner 14 13 10 1.1891858638899650821453808135861126411251
corner 15 9 12 1.5412458485864337138632193319576025669603
corner 15 12 13 1.1891858638899650821453808135861126411251
corner 15 13 11 2.3635677308132225987713058074291779191839
corner 15 11 9 1.1891858638899650821453808135861126411251
face 1 4 1 2 3 6
facecorners 1 2.3457707355047858476356486885942568675918 1.2325940111329890337693077981143381442152 2.3457707355047858476356486885942568675918 1.2325940111329890337693077981143381442152
face 2 3 1 6 7
facecorners 2 1.1891858638899650821453808135861126411251 1.1891858638899650821453808135861126411251 1.1891858638899650821453808135861126411251
face 3 4 1 7 10 4
facecorners 3 1.5417889542670708370944153869510864872405 2.0957569664082407098780272342733836444128 1.5417889542670708370944153869510864872405 2.0957569664082407098780272342733836444128
face 4 4 1 4 8 2
facecorners 4 1.2064397535177647100498418774275497724370 2.3654783799933037036199907049336841975800 1.2064397535177647100498418774275497724370 2.3654783799933037036199907049336841975800
face 5 4 2 8 12 5
facecorners 5 1.4959270521633286573906074499248707854740 2.1350362823231927642986701270663798386213 1.4959270521633286573906074499248707854740 2.1350362823231927642986701270663798386213
face 6 3 2 5 3
facecorners 6 1.1891858638899650821453808135861126411251 1.1891858638899650821453808135861126411251 1.1891858638899650821453808135861126411251
face 7 5 3 5 9 11 6
facecorners 7 2.7482287077848355471442572643786362596775 1.4177173123799949166180164939489107216876 2.9977723663259377254298450698442033531439 1.7887286057827296310887854675895852831592 2.0789858959666149958787636196615175516761
face 8 5 4 10 13 12 8
facecorners 8 1.8219499607780420634272688273519379264015 2.1218141413406940935464791313845952232931 2.6958266144901270895473391254621173621018 1.5018453141626090680392376199193325676699 2.9417092713386290025767747620650761573360
face 9 4 5 12 15 9
facecorners 9 1.5412458485864337138632193319576025669603 2.0962270769636836693500608831286897741254 1.5412458485864337138632193319576025669603 2.0962270769636836693500608831286897741254
face 10 5 6 11 14 10 7
facecorners 10 1.7824195361900173651318345351970374313780 2.0962838725973625406039344714586447200677 2.7304317124763987960086001455437152080854 1.4303963476818564641390114346372114167357 2.9982424768813806849018787186995094828565
face 11 3 9 15 11
facecorners 11 1.1891858638899650821453808135861126411251 1.1891858638899650821453808135861126411251 1.1891858638899650821453808135861126411251
face 12 3 10 14 13
facecorners 12 1.1891858638899650821453808135861126411251 1.1891858638899650821453808135861126411251 1.1891858638899650821453808135861126411251
face 13 4 11 15 13 14
facecorners 13 1.2089869649095292230871860139246631240424 2.3635677308132225987713058074291779191839 1.2089869649095292230871860139246631240424 2.3635677308132225987713058074291779191839
face 14 3 12 13 15
facecorners 14 1.1891858638899650821453808135861126411251 1.1891858638899650821453808135861126411251 1.1891858638899650821453808135861126411251
end
begin config C1-rm3-4
info base C1
info removed 1-3 2-4 14-15
info rattlers none
info delta 1.000 e-7 rad: d = psi* - delta
info newton residual 0.e-76, min non-edge gap 1.195463 e-6
n 15
d 0.9365060543089923367175684691930560782513
point 1 0.8950244300371874087149403071095557930882 0.1714896279939458288840745935691345028859 0.4117311952319205707419097992460341870841
point 2 0.4117320055529394663916465500924715365810 0.8950236487759721246068348672074523710873 0.1714917599626860100589309908806173773598
point 3 0.1714884799707790521754487762658093151760 0.4117314140400046225766285944254913594722 0.8950245493448378012544282850816532128999
point 4 0.8009926785209663482614350131213553904591 0.3819643162797230473621201291814292168921 -0.4609923969489860836619351789679684697585
point 5 -0.4609923674164638949558054202556075475976 0.8009929899306393946274147192942477858541 0.3819636988847743562251868279400593466504
point 6 0.3819644829217646446164812953293349936411 -0.4609918722047475163673581899047392356892 0.8009929010593481529345859175323402316209
point 7 0.7788393635995505176516646630044011171888 -0.6271788198613092745703295075493410707263 0.0074815523270585465355789441534803555987
point 8 0.0074817090514911075954854977782791041376 0.7788410555817904792445120369289779199428 -0.6271767168589018893579422267138705496270
point 9 -0.7788395492212530620674232325225613413009 -0.0074814121020401342397258148248754756870 0.6271785910263477546058754596120193851475
point 10 0.4609919016292510412178252219528854762305 -0.3819644523757794025943391189488040847946 -0.8009928986910669733685466197359843170807
point 11 -0.3819642549593227177403805718363777483750 -0.8009927107253366412536381978651329153091 0.4609923918008264550490711813565162655003
point 12 -0.8009927834212399384789168996189425577624 0.4609917350214330271622118896448917696462 -0.3819648951788940090535299503225636452983
point 13 -0.4117322121369345112472037269557381241782 -0.1714914624407480214574573655513780282102 -0.8950236107493253544724412503962704016222
point 14 -0.1714895783673069776907763999031337037249 -0.8950244345054529964435709538637237856668 -0.4117312061886946143471107999733979302946
point 15 -0.8950241897399449030138624852663537986870 -0.4117317411173389234991883673238401697643 -0.1714895715104557180624206793215599910789
edge 1 2
edge 1 4
edge 1 6
edge 1 7
edge 2 3
edge 2 5
edge 2 8
edge 3 5
edge 3 6
edge 4 8
edge 4 10
edge 5 9
edge 5 12
edge 6 7
edge 6 11
edge 7 10
edge 8 12
edge 9 11
edge 9 15
edge 10 13
edge 10 14
edge 11 14
edge 11 15
edge 12 13
edge 12 15
edge 13 14
edge 13 15
rot 1 4 2 6 7 4
rot 2 4 1 8 5 3
rot 3 3 2 5 6
rot 4 3 1 10 8
rot 5 4 2 12 9 3
rot 6 4 1 3 11 7
rot 7 3 1 6 10
rot 8 3 2 4 12
rot 9 3 5 15 11
rot 10 4 4 7 14 13
rot 11 4 6 9 15 14
rot 12 4 5 8 13 15
rot 13 4 10 14 15 12
rot 14 3 10 11 13
rot 15 4 9 12 13 11
corner 1 2 6 2.3790524147468173792158010607894778866938
corner 1 6 7 1.1895276963998852784508722255921867899433
corner 1 7 4 1.5250759006778199835186541381403328679152
corner 1 4 2 1.1895292953550638357399593420370082238421
corner 2 1 8 2.3790542028623944434904840924438621603088
corner 2 8 5 1.5250717098185725518692993592800380013895
corner 2 5 3 1.1895276963998852784508722255921867899433
corner 2 3 1 1.1895316980987342031146310892429188167527
corner 3 2 5 1.1895276963998852784508722255921867899433
corner 3 5 6 2.7146051960328838192586134801773410917572
corner 3 6 2 2.3790524147468173792158010607894778866938
corner 4 1 10 2.1113333091385069290906896118886276060249
corner 4 10 8 1.7927977951786851043441130622265160020606
corner 4 8 1 2.3790542028623944434904840924438621603088
corner 5 2 12 2.1113369062727859482948052638904124541449
corner 5 12 9 1.5250758631696507166350426714444929027322
corner 5 9 3 1.4572448413372645335445666056319136215739
corner 5 3 2 1.1895276963998852784508722255921867899433
corner 6 1 3 1.1895316980987342031146310892429188167527
corner 6 3 11 2.1113317485170667706815978250116612422278
corner 6 11 7 1.7927941641639002246781856267122389194704
corner 6 7 1 1.1895276963998852784508722255921867899433
corner 7 1 6 1.1895276963998852784508722255921867899433
corner 7 6 10 2.9823243016411942693837249290781913724261
corner 7 10 1 2.1113333091385069290906896118886276060249
corner 8 2 4 1.1895292953550638357399593420370082238421
corner 8 4 12 2.9823191055517366928905221606315850904073
corner 8 12 2 2.1113369062727859482948052638904124541449
corner 9 5 15 2.1113333413328720850267599237485241985331
corner 9 15 11 1.1895276963998852784508722255921867899433
corner 9 11 5 2.9823242694468291134476546172182947799179
corner 10 4 7 1.5250759006778199835186541381403328679152
corner 10 7 14 1.4572460001773133381154524549929635765970
corner 10 14 13 1.1895276963998852784508722255921867899433
corner 10 13 4 2.1113357099245678768403079478335225339388
corner 11 6 9 1.7927947659987092645281586735385197860360
corner 11 9 15 1.1895276963998852784508722255921867899433
corner 11 15 14 1.1895294991347244307439236707496900703759
corner 11 14 6 2.1113333456462675032023321966786091220391
corner 12 5 8 1.5250717098185725518692993592800380013895
corner 12 8 13 1.4572525596282565615783552579382567785285
corner 12 13 15 1.1895276963998852784508722255921867899433
corner 12 15 5 2.1113333413328720850267599237485241985331
corner 13 10 14 1.1895276963998852784508722255921867899433
corner 13 14 15 1.1895294991347244307439236707496900703759
corner 13 15 12 1.1895276963998852784508722255921867899433
corner 13 12 10 2.7146004152450914892796186446249421181318
corner 14 10 11 2.7146035595695359950859148970366796926755
corner 14 11 13 2.3790540512101652033884996439301392857755
corner 14 13 10 1.1895276963998852784508722255921867899433
corner 15 9 12 1.5250758631696507166350426714444929027322
corner 15 12 13 1.1895276963998852784508722255921867899433
corner 15 13 11 2.3790540512101652033884996439301392857755
corner 15 11 9 1.1895276963998852784508722255921867899433
face 1 4 1 2 3 6
facecorners 1 2.3790524147468173792158010607894778866938 1.1895316980987342031146310892429188167527 2.3790524147468173792158010607894778866938 1.1895316980987342031146310892429188167527
face 2 3 1 6 7
facecorners 2 1.1895276963998852784508722255921867899433 1.1895276963998852784508722255921867899433 1.1895276963998852784508722255921867899433
face 3 4 1 7 10 4
facecorners 3 1.5250759006778199835186541381403328679152 2.1113333091385069290906896118886276060249 1.5250759006778199835186541381403328679152 2.1113333091385069290906896118886276060249
face 4 4 1 4 8 2
facecorners 4 1.1895292953550638357399593420370082238421 2.3790542028623944434904840924438621603088 1.1895292953550638357399593420370082238421 2.3790542028623944434904840924438621603088
face 5 4 2 8 12 5
facecorners 5 1.5250717098185725518692993592800380013895 2.1113369062727859482948052638904124541449 1.5250717098185725518692993592800380013895 2.1113369062727859482948052638904124541449
face 6 3 2 5 3
facecorners 6 1.1895276963998852784508722255921867899433 1.1895276963998852784508722255921867899433 1.1895276963998852784508722255921867899433
face 7 5 3 5 9 11 6
facecorners 7 2.7146051960328838192586134801773410917572 1.4572448413372645335445666056319136215739 2.9823242694468291134476546172182947799179 1.7927947659987092645281586735385197860360 2.1113317485170667706815978250116612422278
face 8 5 4 10 13 12 8
facecorners 8 1.7927977951786851043441130622265160020606 2.1113357099245678768403079478335225339388 2.7146004152450914892796186446249421181318 1.4572525596282565615783552579382567785285 2.9823191055517366928905221606315850904073
face 9 4 5 12 15 9
facecorners 9 1.5250758631696507166350426714444929027322 2.1113333413328720850267599237485241985331 1.5250758631696507166350426714444929027322 2.1113333413328720850267599237485241985331
face 10 5 6 11 14 10 7
facecorners 10 1.7927941641639002246781856267122389194704 2.1113333456462675032023321966786091220391 2.7146035595695359950859148970366796926755 1.4572460001773133381154524549929635765970 2.9823243016411942693837249290781913724261
face 11 3 9 15 11
facecorners 11 1.1895276963998852784508722255921867899433 1.1895276963998852784508722255921867899433 1.1895276963998852784508722255921867899433
face 12 3 10 14 13
facecorners 12 1.1895276963998852784508722255921867899433 1.1895276963998852784508722255921867899433 1.1895276963998852784508722255921867899433
face 13 4 11 15 13 14
facecorners 13 1.1895294991347244307439236707496900703759 2.3790540512101652033884996439301392857755 1.1895294991347244307439236707496900703759 2.3790540512101652033884996439301392857755
face 14 3 12 13 15
facecorners 14 1.1895276963998852784508722255921867899433 1.1895276963998852784508722255921867899433 1.1895276963998852784508722255921867899433
end
begin config C1-rm3-5
info base C1
info removed 1-6 2-3 13-15
info rattlers none
info delta 1.000 e-5 rad: d = psi* - delta
info newton residual 0.e-76, min non-edge gap 1.099803 e-4
n 15
d 0.9364961543089923367175684691930560782513
point 1 0.8949793309385073900783017154531573673295 0.1716239761658417710625674687410232992564 0.4117732482785741199925686578772065123026
point 2 0.4116793869377023282477001668406904532632 0.8950771552443753044084295302240772651437 0.1713387537314137117425781411313918859545
point 3 0.1713944016040278922811961680099228446386 0.4116220952233899927301962861479009405823 0.8950928498333028592332776806699936140066
point 4 0.8010179956098310796495746281738291093104 0.3819085344387952990634974686620589488462 -0.4609946225630187784669380264945791347514
point 5 -0.4609841543126951122650765155606489734573 0.8009822070445140247498868639560374149936 0.3819962218016149014593486894714567605774
point 6 0.3819544231074805955221344956466340396957 -0.4610606709576971610006565849928547682892 0.8009580990068517953536477076301304441348
point 7 0.7789562574567563837183034191406534280181 -0.6270337035235559633294049789235800588060 0.0074755343953985419940554891049947648878
point 8 0.0075135700955431708229608983276972680139 0.7787124690568886061191277540582540334945 -0.6273359839828603873975702875277789556122
point 9 -0.7787936954563321691107436227443875226952 -0.0074897535846912831346207216857148967398 0.6272354290923866065601798456218727953486
point 10 0.4609745186532763090479760493553766100306 -0.3819934907368555665132407707473494297540 -0.8009890549733198774510736393804162797717
point 11 -0.3819867825222577513823759965258767179221 -0.8010049336551832003335109756492780066901 0.4609524858793462670049095923226644900112
point 12 -0.8009694360654143194461951803213348629917 0.4610403956391822334983905618736715604162 -0.3819551231203981097646192972776176380498
point 13 -0.4117070920735358979137151425177628175697 -0.1713971442902379427414522238708192571652 -0.8950532326434581341126010806377612072876
point 14 -0.1715916480380847948666241671111501252835 -0.8949790365878870961784135238089352501166 -0.4117873606508479043289863423918833141855
point 15 -0.8950646127260397124698276452821630733819 -0.4116600506556828837928795399106579786758 -0.1714506976939585116761882506084246428946
edge 1 2
edge 1 3
edge 1 4
edge 1 7
edge 2 4
edge 2 5
edge 2 8
edge 3 5
edge 3 6
edge 4 8
edge 4 10
edge 5 9
edge 5 12
edge 6 7
edge 6 11
edge 7 10
edge 8 12
edge 9 11
edge 9 15
edge 10 13
edge 10 14
edge 11 14
edge 11 15
edge 12 13
edge 12 15
edge 13 14
edge 14 15
rot 1 4 2 3 7 4
rot 2 4 1 4 8 5
rot 3 3 1 5 6
rot 4 4 1 10 8 2
rot 5 4 2 12 9 3
rot 6 3 3 11 7
rot 7 3 1 6 10
rot 8 3 2 4 12
rot 9 3 5 15 11
rot 10 4 4 7 14 13
rot 11 4 6 9 15 14
rot 12 4 5 8 13 15
rot 13 3 10 14 12
rot 14 4 10 11 15 13
rot 15 4 9 12 14 11
corner 1 2 3 1.1899506761720288572072215622250943126145
corner 1 3 7 2.3789391404576843157369274291210699802353
corner 1 7 4 1.5247711813286107734664245298294422964297
corner 1 4 2 1.1895243092212625305147132453833991791148
corner 2 1 4 1.1895243092212625305147132453833991791148
corner 2 4 8 1.1895243092212625305147132453833991791148
corner 2 8 5 1.5254053993955410454732547667147798765512
corner 2 5 1 2.3787312893415203704226055090774275336135
corner 3 1 5 2.3787312893415203704226055090774275336135
corner 3 5 6 2.7147826049964457487519050324169972646930
corner 3 6 1 1.1896714128416203577507762250645809700879
corner 4 1 10 2.1115833039098262359634171754970467509776
corner 4 10 8 1.7925533848272351799324431002951606591870
corner 4 8 2 1.1895243092212625305147132453833991791148
corner 4 2 1 1.1895243092212625305147132453833991791148
corner 5 2 12 2.1110389289403099348457202323222694758783
corner 5 12 9 1.5252050362239553710881589958497305437579
corner 5 9 3 1.4569906658432923137841859761619114361437
corner 5 3 2 1.1899506761720288572072215622250943126145
corner 6 3 11 2.1111590887737275940474612596331426004429
corner 6 11 7 1.7930870779481745671408980778047931877161
corner 6 7 3 2.3789391404576843157369274291210699802353
corner 7 1 6 1.1896714128416203577507762250645809700879
corner 7 6 10 2.9819305904281398832110933659973780473288
corner 7 10 1 2.1115833039098262359634171754970467509776
corner 8 2 4 1.1895243092212625305147132453833991791148
corner 8 4 12 2.9826220690180140115648532888533371134012
corner 8 12 2 2.1110389289403099348457202323222694758783
corner 9 5 15 2.1112109262506488247522624782549310109109
corner 9 15 11 1.1895243092212625305147132453833991791148
corner 9 11 5 2.9824500717076751216583110429206755783686
corner 10 4 7 1.5247711813286107734664245298294422964297
corner 10 7 14 1.4576558767066556479738251075890502975520
corner 10 14 13 1.1895243092212625305147132453833991791148
corner 10 13 4 2.1112339399230575249703238837571139952978
corner 11 6 9 1.7927286011893626084822025629887840789349
corner 11 9 15 1.1895243092212625305147132453833991791148
corner 11 15 14 1.1895243092212625305147132453833991791148
corner 11 14 6 2.1114080875476988074136577128034233312297
corner 12 5 8 1.5254053993955410454732547667147798765512
corner 12 8 13 1.4568875075728630636280143261030364393956
corner 12 13 15 1.1896814739605335430717551954862584415367
corner 12 15 5 2.1112109262506488247522624782549310109109
corner 13 10 14 1.1895243092212625305147132453833991791148
corner 13 14 12 2.3789316525131060448077012799424768664068
corner 13 12 10 2.7147293454452179016028722412331297228727
corner 14 10 11 2.7144552147765278728241050803059489686280
corner 14 11 15 1.1895243092212625305147132453833991791148
corner 14 15 13 1.1896814739605335430717551954862584415367
corner 14 13 10 1.1895243092212625305147132453833991791148
corner 15 9 12 1.5252050362239553710881589958497305437579
corner 15 12 14 2.3789316525131060448077012799424768664068
corner 15 14 11 1.1895243092212625305147132453833991791148
corner 15 11 9 1.1895243092212625305147132453833991791148
face 1 4 1 2 5 3
facecorners 1 1.1899506761720288572072215622250943126145 2.3787312893415203704226055090774275336135 1.1899506761720288572072215622250943126145 2.3787312893415203704226055090774275336135
face 2 4 1 3 6 7
facecorners 2 2.3789391404576843157369274291210699802353 1.1896714128416203577507762250645809700879 2.3789391404576843157369274291210699802353 1.1896714128416203577507762250645809700879
face 3 4 1 7 10 4
facecorners 3 1.5247711813286107734664245298294422964297 2.1115833039098262359634171754970467509776 1.5247711813286107734664245298294422964297 2.1115833039098262359634171754970467509776
face 4 3 1 4 2
facecorners 4 1.1895243092212625305147132453833991791148 1.1895243092212625305147132453833991791148 1.1895243092212625305147132453833991791148
face 5 3 2 4 8
facecorners 5 1.1895243092212625305147132453833991791148 1.1895243092212625305147132453833991791148 1.1895243092212625305147132453833991791148
face 6 4 2 8 12 5
facecorners 6 1.5254053993955410454732547667147798765512 2.1110389289403099348457202323222694758783 1.5254053993955410454732547667147798765512 2.1110389289403099348457202323222694758783
face 7 5 3 5 9 11 6
facecorners 7 2.7147826049964457487519050324169972646930 1.4569906658432923137841859761619114361437 2.9824500717076751216583110429206755783686 1.7927286011893626084822025629887840789349 2.1111590887737275940474612596331426004429
face 8 5 4 10 13 12 8
facecorners 8 1.7925533848272351799324431002951606591870 2.1112339399230575249703238837571139952978 2.7147293454452179016028722412331297228727 1.4568875075728630636280143261030364393956 2.9826220690180140115648532888533371134012
face 9 4 5 12 15 9
facecorners 9 1.5252050362239553710881589958497305437579 2.1112109262506488247522624782549310109109 1.5252050362239553710881589958497305437579 2.1112109262506488247522624782549310109109
face 10 5 6 11 14 10 7
facecorners 10 1.7930870779481745671408980778047931877161 2.1114080875476988074136577128034233312297 2.7144552147765278728241050803059489686280 1.4576558767066556479738251075890502975520 2.9819305904281398832110933659973780473288
face 11 3 9 15 11
facecorners 11 1.1895243092212625305147132453833991791148 1.1895243092212625305147132453833991791148 1.1895243092212625305147132453833991791148
face 12 3 10 14 13
facecorners 12 1.1895243092212625305147132453833991791148 1.1895243092212625305147132453833991791148 1.1895243092212625305147132453833991791148
face 13 3 11 15 14
facecorners 13 1.1895243092212625305147132453833991791148 1.1895243092212625305147132453833991791148 1.1895243092212625305147132453833991791148
face 14 4 12 13 14 15
facecorners 14 1.1896814739605335430717551954862584415367 2.3789316525131060448077012799424768664068 1.1896814739605335430717551954862584415367 2.3789316525131060448077012799424768664068
end
begin config C1-rm3-6
info base C1
info removed 1-6 2-4 13-15
info rattlers none
info delta 1.000 e-7 rad: d = psi* - delta
info newton residual 0.e-76, min non-edge gap 7.434945 e-7
n 15
d 0.9365060543089923367175684691930560782513
point 1 0.8950238841373040451226202778409458233871 0.1714909370599424678538859854654733592916 0.4117318366729449250784573037166004342995
point 2 0.4117313844446035507856893265748893371339 0.8950242126350622383922901404586348621023 0.1714903083568193069635750226970049378030
point 3 0.1714901977523454190441191079874962123511 0.4117320545662313521127344641074283651181 0.8950239255559212985660221653633557731240
point 4 0.8009929056987029651138606655983216627418 0.3819640570178074944289229323216036403438 -0.4609922170350014101851849026150182759209
point 5 -0.4609923623577716859426388342318195193912 0.8009926413286039065480606514629553321220 0.3819644360215063579204808942084588667068
point 6 0.3819640368505666830040171453759036761558 -0.4609918453305340803300126716553443547670 0.8009931292411738789091430600488608776143
point 7 0.7788402357898412377738928800316858779519 -0.6271777288329195309187235579503231681780 0.0074822169712833899157447493889214561941
point 8 0.0074818034608782003159430839832426234729 0.7788398064775581890121413327361499448537 -0.6271782668930521066482679847035012062729
point 9 -0.7788391360159711040242206669574700360620 -0.0074819912040759683338386651320426462231 0.6271790972421815271884655974468619466649
point 10 0.4609922619760595973944175864973149972573 -0.3819648722476393199584256482999624394691 -0.8009924910803100720529438657170145301636
point 11 -0.3819640895445283652585072123157493487580 -0.8009931694996908351690224975971491295792 0.4609917317189746130511824286880589924368
point 12 -0.8009927450126803124456730207768239113652 0.4609921270912987807691962879036609862593 -0.3819645025351061744475060487729917844454
point 13 -0.4117310964444050756716213615741974637916 -0.1714893431165136204751569732283901234850 -0.8950245300650450153497729375203245767356
point 14 -0.1714913444266744269680551385482507903250 -0.8950235096020419338642506599247804421031 -0.4117324811651070991666743640889290993538
point 15 -0.8950243746603388333714044166884925620529 -0.4117313901440679641680141013093209246768 -0.1714894490454229528900563093961619107390
edge 1 2
edge 1 3
edge 1 4
edge 1 7
edge 2 3
edge 2 5
edge 2 8
edge 3 5
edge 3 6
edge 4 8
edge 4 10
edge 5 9
edge 5 12
edge 6 7
edge 6 11
edge 7 10
edge 8 12
edge 9 11
edge 9 15
edge 10 13
edge 10 14
edge 11 14
edge 11 15
edge 12 13
edge 12 15
edge 13 14
edge 14 15
rot 1 4 2 3 7 4
rot 2 4 1 8 5 3
rot 3 4 1 2 5 6
rot 4 3 1 10 8
rot 5 4 2 12 9 3
rot 6 3 3 11 7
rot 7 3 1 6 10
rot 8 3 2 4 12
rot 9 3 5 15 11
rot 10 4 4 7 14 13
rot 11 4 6 9 15 14
rot 12 4 5 8 13 15
rot 13 3 10 14 12
rot 14 4 10 11 15 13
rot 15 4 9 12 14 11
corner 1 2 3 1.1895276963998852784508722255921867899433
corner 1 3 7 2.3790546527419818734146863597161863426941
corner 1 7 4 1.5250741266159835166892626784156947016147
corner 1 4 2 1.1895288314217358083704655028349379341422
corner 2 1 8 2.3790545481201808514036098750608782018789
corner 2 8 5 1.5250753662596350686199324403137539866288
corner 2 5 3 1.1895276963998852784508722255921867899433
corner 2 3 1 1.1895276963998852784508722255921867899433
corner 3 1 2 1.1895276963998852784508722255921867899433
corner 3 2 5 1.1895276963998852784508722255921867899433
corner 3 5 6 2.7146012235415739265361160393320783033783
corner 3 6 1 1.1895286908382419934874262760425538851294
corner 4 1 10 2.1113348318673527089507697167189494238600
corner 4 10 8 1.7927959271920529165709071747791781426554
corner 4 8 1 2.3790545481201808514036098750608782018789
corner 5 2 12 2.1113337678453038995766684393080510193811
corner 5 12 9 1.5250767547699587926917998048384519986261
corner 5 9 3 1.4572470881644385062059462968203159604438
corner 5 3 2 1.1895276963998852784508722255921867899433
corner 6 3 11 2.1113357175880483040911374779999353054099
corner 6 11 7 1.7927949368495562994194629288428841202903
corner 6 7 3 2.3790546527419818734146863597161863426941
corner 7 1 6 1.1895286908382419934874262760425538851294
corner 7 6 10 2.9823217844739917744870907737975024594049
corner 7 10 1 2.1113348318673527089507697167189494238600
corner 8 2 4 1.1895288314217358083704655028349379341422
corner 8 4 12 2.9823227079125467689781528244160168148710
corner 8 12 2 2.1113337678453038995766684393080510193811
corner 9 5 15 2.1113325760459437664495311052237844505105
corner 9 15 11 1.1895276963998852784508722255921867899433
corner 9 11 5 2.9823250347337574320248834357430345279406
corner 10 4 7 1.5250741266159835166892626784156947016147
corner 10 7 14 1.4572512198656823327397478528453416317295
corner 10 14 13 1.1895276963998852784508722255921867899433
corner 10 13 4 2.1113322642980353490454040097057826451068
corner 11 6 9 1.7927926794093195834275118396375319771546
corner 11 9 15 1.1895276963998852784508722255921867899433
corner 11 15 14 1.1895276963998852784508722255921867899433
corner 11 14 6 2.1113372349704963365960304757371002113531
corner 12 5 8 1.5250753662596350686199324403137539866288
corner 12 8 13 1.4572466676694564772223196643661078298413
corner 12 13 15 1.1895306972045511646335035566553595014138
corner 12 15 5 2.1113325760459437664495311052237844505105
corner 13 10 14 1.1895276963998852784508722255921867899433
corner 13 14 12 2.3790531596098571273317425105361801898816
corner 13 12 10 2.7146044511698440711426720304306387885694
corner 14 10 11 2.7145992171752647553900387587192726870939
corner 14 11 15 1.1895276963998852784508722255921867899433
corner 14 15 13 1.1895306972045511646335035566553595014138
corner 14 13 10 1.1895276963998852784508722255921867899433
corner 15 9 12 1.5250767547699587926917998048384519986261
corner 15 12 14 2.3790531596098571273317425105361801898816
corner 15 14 11 1.1895276963998852784508722255921867899433
corner 15 11 9 1.1895276963998852784508722255921867899433
face 1 3 1 2 3
facecorners 1 1.1895276963998852784508722255921867899433 1.1895276963998852784508722255921867899433 1.1895276963998852784508722255921867899433
face 2 4 1 3 6 7
facecorners 2 2.3790546527419818734146863597161863426941 1.1895286908382419934874262760425538851294 2.3790546527419818734146863597161863426941 1.1895286908382419934874262760425538851294
face 3 4 1 7 10 4
facecorners 3 1.5250741266159835166892626784156947016147 2.1113348318673527089507697167189494238600 1.5250741266159835166892626784156947016147 2.1113348318673527089507697167189494238600
face 4 4 1 4 8 2
facecorners 4 1.1895288314217358083704655028349379341422 2.3790545481201808514036098750608782018789 1.1895288314217358083704655028349379341422 2.3790545481201808514036098750608782018789
face 5 4 2 8 12 5
facecorners 5 1.5250753662596350686199324403137539866288 2.1113337678453038995766684393080510193811 1.5250753662596350686199324403137539866288 2.1113337678453038995766684393080510193811
face 6 3 2 5 3
facecorners 6 1.1895276963998852784508722255921867899433 1.1895276963998852784508722255921867899433 1.1895276963998852784508722255921867899433
face 7 5 3 5 9 11 6
facecorners 7 2.7146012235415739265361160393320783033783 1.4572470881644385062059462968203159604438 2.9823250347337574320248834357430345279406 1.7927926794093195834275118396375319771546 2.1113357175880483040911374779999353054099
face 8 5 4 10 13 12 8
facecorners 8 1.7927959271920529165709071747791781426554 2.1113322642980353490454040097057826451068 2.7146044511698440711426720304306387885694 1.4572466676694564772223196643661078298413 2.9823227079125467689781528244160168148710
face 9 4 5 12 15 9
facecorners 9 1.5250767547699587926917998048384519986261 2.1113325760459437664495311052237844505105 1.5250767547699587926917998048384519986261 2.1113325760459437664495311052237844505105
face 10 5 6 11 14 10 7
facecorners 10 1.7927949368495562994194629288428841202903 2.1113372349704963365960304757371002113531 2.7145992171752647553900387587192726870939 1.4572512198656823327397478528453416317295 2.9823217844739917744870907737975024594049
face 11 3 9 15 11
facecorners 11 1.1895276963998852784508722255921867899433 1.1895276963998852784508722255921867899433 1.1895276963998852784508722255921867899433
face 12 3 10 14 13
facecorners 12 1.1895276963998852784508722255921867899433 1.1895276963998852784508722255921867899433 1.1895276963998852784508722255921867899433
face 13 3 11 15 14
facecorners 13 1.1895276963998852784508722255921867899433 1.1895276963998852784508722255921867899433 1.1895276963998852784508722255921867899433
face 14 4 12 13 14 15
facecorners 14 1.1895306972045511646335035566553595014138 2.3790531596098571273317425105361801898816 1.1895306972045511646335035566553595014138 2.3790531596098571273317425105361801898816
end
begin config C1-rm3-7
info base C1
info removed 1-6 2-4 13-15
info rattlers none
info delta 1.000 e-3 rad: d = psi* - delta
info newton residual 0.e-76, min non-edge gap 7.801335 e-3
n 15
d 0.9355061543089923367175684691930560782513
point 1 0.8941319558045153827786212459135729945289 0.1780340158794707650144873058958781986575 0.4108916338878421381567499574441580426536
point 2 0.4061509288527744472540125583604219808893 0.8975720579235267063720406306296413203337 0.1714812637781567321875939531429196418737
point 3 0.1703037100708054452507840499678958150714 0.4131543692738629531382547242879456861764 0.8945949438075511097799720448055011155903
point 4 0.8010753175263603600947031518445004771816 0.3790603324180110385531764716727202888240 -0.4632403264367081155322786643727456800018
point 5 -0.4647705925822832118415619094076978998842 0.7982358371028099808940038404279990128209 0.3831551182425852943079337108723336708090
point 6 0.3789248605407597016426051840350914216007 -0.4593880168902653932770668399680139023981 0.8033545916977104382347718433432961094846
point 7 0.7816709219779731258495024225057076296446 -0.6235470777129335391619585510334139214347 0.0134019255991917692718045103022743586211
point 8 0.0091615053903041166144014353830095530160 0.7771918119251909012558573188534542918224 -0.6291970711116050026971105564166125432051
point 9 -0.7701998697058322065760870697650959462223 -0.0111435489496352575781155281931425359741 0.6377052469769448081450924961934167202310
point 10 0.4635067099044181108054568985771680234408 -0.3877484036828288428272225851189447659479 -0.7967513447211743475512880687853560404777
point 11 -0.3795751094434991527065338249431071107654 -0.8038077148495350653825790311337337708287 0.4580566491596035830713617197105355831971
point 12 -0.7993942491898822580618620993478781553924 0.4622041560956774330544105286934180583176 -0.3838439167813228200215001843445482403794
point 13 -0.4031986795438018848314391111260346146903 -0.1615087000957051185729632793973787893013 -0.9007473367196431166606363083483809999793
point 14 -0.1822541572245080239572776313081425177031 -0.8901621261042691703280652563329553129057 -0.4176060481170160219541637102891245383073
point 15 -0.8991765184743094794026348655118705896927 -0.4062728419425605401339094348232778764888 -0.1625545032422510425048664708449840103359
edge 1 2
edge 1 3
edge 1 4
edge 1 7
edge 2 3
edge 2 5
edge 2 8
edge 3 5
edge 3 6
edge 4 8
edge 4 10
edge 5 9
edge 5 12
edge 6 7
edge 6 11
edge 7 10
edge 8 12
edge 9 11
edge 9 15
edge 10 13
edge 10 14
edge 11 14
edge 11 15
edge 12 13
edge 12 15
edge 13 14
edge 14 15
rot 1 4 2 3 7 4
rot 2 4 1 8 5 3
rot 3 4 1 2 5 6
rot 4 3 1 10 8
rot 5 4 2 12 9 3
rot 6 3 3 11 7
rot 7 3 1 6 10
rot 8 3 2 4 12
rot 9 3 5 15 11
rot 10 4 4 7 14 13
rot 11 4 6 9 15 14
rot 12 4 5 8 13 15
rot 13 3 10 14 12
rot 14 4 10 11 15 13
rot 15 4 9 12 14 11
corner 1 2 3 1.1891858638899650821453808135861126411251
corner 1 3 7 2.3705715222512985224630792569859536863303
corner 1 7 4 1.5222017151651763216486144798172170632488
corner 1 4 2 1.2012262058731465506682122161697223776901
corner 2 1 8 2.3693832391948381023063564109119992159154
corner 2 8 5 1.5354303402048182103281687284747812702288
corner 2 5 3 1.1891858638899650821453808135861126411251
corner 2 3 1 1.1891858638899650821453808135861126411251
corner 3 1 2 1.1891858638899650821453808135861126411251
corner 3 2 5 1.1891858638899650821453808135861126411251
corner 3 5 6 2.7051759606261356981891508294040126711085
corner 3 6 1 1.1996376187735206144453743099827678150357
corner 4 1 10 2.1126358443069166182427548468268322619020
corner 4 10 8 1.8011662236778317563761755088201742905769
corner 4 8 1 2.3693832391948381023063564109119992159154
corner 5 2 12 2.1012534185337971888227933337344418474499
corner 5 12 9 1.5497614181124131900016691204073322674044
corner 5 9 3 1.4429846066434110159554434988311190124150
corner 5 3 2 1.1891858638899650821453808135861126411251
corner 6 3 11 2.1216501017710267225775203981015635761715
corner 6 11 7 1.7909636831572612318846871114714885058925
corner 6 7 3 2.3705715222512985224630792569859536863303
corner 7 1 6 1.1996376187735206144453743099827678150357
corner 7 6 10 2.9709118440991492442371576097494056914567
corner 7 10 1 2.1126358443069166182427548468268322619020
corner 8 2 4 1.2012262058731465506682122161697223776901
corner 8 4 12 2.9807056827726427374342812166548415432543
corner 8 12 2 2.1012534185337971888227933337344418474499
corner 9 5 15 2.0888421120523948772631524162606722309879
corner 9 15 11 1.1891858638899650821453808135861126411251
corner 9 11 5 3.0051573312372265175167535367122208962813
corner 10 4 7 1.5222017151651763216486144798172170632488
corner 10 7 14 1.4860137147829743870644486295855884750851
corner 10 14 13 1.1891858638899650821453808135861126411251
corner 10 13 4 2.0857840133414706860668428435700875889353
corner 11 6 9 1.7674135834247902820480817969585577472232
corner 11 9 15 1.1891858638899650821453808135861126411251
corner 11 15 14 1.1891858638899650821453808135861126411251
corner 11 14 6 2.1373999959748660305864433424282227389210
corner 12 5 8 1.5354303402048182103281687284747812702288
corner 12 8 13 1.4386034268479372999037484144162204483372
corner 12 13 15 1.2203094280744360894302172074073318188405
corner 12 15 5 2.0888421120523948772631524162606722309879
corner 13 10 14 1.1891858638899650821453808135861126411251
corner 13 14 12 2.3550521612872431226328560189794482187398
corner 13 12 10 2.7389472820023782721470499339934449085295
corner 14 10 11 2.6845041513252202232043079319794486673037
corner 14 11 15 1.1891858638899650821453808135861126411251
corner 14 15 13 1.2203094280744360894302172074073318188405
corner 14 13 10 1.1891858638899650821453808135861126411251
corner 15 9 12 1.5497614181124131900016691204073322674044
corner 15 12 14 2.3550521612872431226328560189794482187398
corner 15 14 11 1.1891858638899650821453808135861126411251
corner 15 11 9 1.1891858638899650821453808135861126411251
face 1 3 1 2 3
facecorners 1 1.1891858638899650821453808135861126411251 1.1891858638899650821453808135861126411251 1.1891858638899650821453808135861126411251
face 2 4 1 3 6 7
facecorners 2 2.3705715222512985224630792569859536863303 1.1996376187735206144453743099827678150357 2.3705715222512985224630792569859536863303 1.1996376187735206144453743099827678150357
face 3 4 1 7 10 4
facecorners 3 1.5222017151651763216486144798172170632488 2.1126358443069166182427548468268322619020 1.5222017151651763216486144798172170632488 2.1126358443069166182427548468268322619020
face 4 4 1 4 8 2
facecorners 4 1.2012262058731465506682122161697223776901 2.3693832391948381023063564109119992159154 1.2012262058731465506682122161697223776901 2.3693832391948381023063564109119992159154
face 5 4 2 8 12 5
facecorners 5 1.5354303402048182103281687284747812702288 2.1012534185337971888227933337344418474499 1.5354303402048182103281687284747812702288 2.1012534185337971888227933337344418474499
face 6 3 2 5 3
facecorners 6 1.1891858638899650821453808135861126411251 1.1891858638899650821453808135861126411251 1.1891858638899650821453808135861126411251
face 7 5 3 5 9 11 6
facecorners 7 2.7051759606261356981891508294040126711085 1.4429846066434110159554434988311190124150 3.0051573312372265175167535367122208962813 1.7674135834247902820480817969585577472232 2.1216501017710267225775203981015635761715
face 8 5 4 10 13 12 8
facecorners 8 1.8011662236778317563761755088201742905769 2.0857840133414706860668428435700875889353 2.7389472820023782721470499339934449085295 1.4386034268479372999037484144162204483372 2.9807056827726427374342812166548415432543
face 9 4 5 12 15 9
facecorners 9 1.5497614181124131900016691204073322674044 2.0888421120523948772631524162606722309879 1.5497614181124131900016691204073322674044 2.0888421120523948772631524162606722309879
face 10 5 6 11 14 10 7
facecorners 10 1.7909636831572612318846871114714885058925 2.1373999959748660305864433424282227389210 2.6845041513252202232043079319794486673037 1.4860137147829743870644486295855884750851 2.9709118440991492442371576097494056914567
face 11 3 9 15 11
facecorners 11 1.1891858638899650821453808135861126411251 1.1891858638899650821453808135861126411251 1.1891858638899650821453808135861126411251
face 12 3 10 14 13
facecorners 12 1.1891858638899650821453808135861126411251 1.1891858638899650821453808135861126411251 1.1891858638899650821453808135861126411251
face 13 3 11 15 14
facecorners 13 1.1891858638899650821453808135861126411251 1.1891858638899650821453808135861126411251 1.1891858638899650821453808135861126411251
face 14 4 12 13 14 15
facecorners 14 1.2203094280744360894302172074073318188405 2.3550521612872431226328560189794482187398 1.2203094280744360894302172074073318188405 2.3550521612872431226328560189794482187398
end
begin config C1-rm3-8
info base C1
info removed 1-2 11-15 13-14
info rattlers none
info delta 1.000 e-5 rad: d = psi* - delta
info newton residual 0.e-76, min non-edge gap 1.199020 e-4
n 15
d 0.9364961543089923367175684691930560782513
point 1 0.8950669278589965064586815388364587571819 0.1714348136822499556336961060795002957601 0.4116616320605919511426937689704662688911
point 2 0.4116975076764713473738746374132715482548 0.8950540177140503891489807476966875162806 0.1714160656033097388818506807934366288710
point 3 0.1715969659859372989675619526953362468560 0.4117657632987587503417767320022529483682 0.8949879537956986709096270561701774986129
point 4 0.8009670427708472370459559309469309162799 0.3819722853894909766942457075932687222326 -0.4610303347820542610454051059095596302768
point 5 -0.4609803708578648820842859945020118824718 0.8009728966663245172718406410858596756545 0.3820203090016325097569345766589468393398
point 6 0.3819854946322702532313295461408155856242 -0.4609734804578476597550101128464618551105 0.8009934657693021251430491654255857752954
point 7 0.7787891419856697444520555173341064715155 -0.6272412768938399671746228519603350318865 0.0074734788291337887268591224818473450262
point 8 0.0074440354245061548225889583041593757207 0.7787983562559687556552365466970192800406 -0.6272301863188664082573676879935148404556
point 9 -0.7789501289203533387494729021993982820009 -0.0075023223785332395017871796954854006783 0.6270409969163846247309417786497577606934
point 10 0.4609866115970555258358860242304423587255 -0.3819722923499160710097162914537039051154 -0.8009922045845488254022618800804578001275
point 11 -0.3819486578902998490890722536570639044936 -0.8009774936103255342325452130448748319277 0.4610317532074332131426457889038543752388
point 12 -0.8010104655055457512621774378841900202765 0.4610124561680423298325645085708765931764 -0.3819028009958787271966628561884410322575
point 13 -0.4116776149777391449767332172371421402245 -0.1713155459532324790992169939399678484447 -0.8950824124297082048891352220357611101326
point 14 -0.1714043328115392059132007232674190166074 -0.8950740112069187483262549620634912167058 -0.4116589233277809020035040734752339463191
point 15 -0.8949837969477480141141531814532177657886 -0.4117584483282935119363655546265224088151 -0.1716361949918145744854766099306881637039
edge 1 3
edge 1 4
edge 1 6
edge 1 7
edge 2 3
edge 2 4
edge 2 5
edge 2 8
edge 3 5
edge 3 6
edge 4 8
edge 4 10
edge 5 9
edge 5 12
edge 6 7
edge 6 11
edge 7 10
edge 8 12
edge 9 11
edge 9 15
edge 10 13
edge 10 14
edge 11 14
edge 12 13
edge 12 15
edge 13 15
edge 14 15
rot 1 4 3 6 7 4
rot 2 4 3 4 8 5
rot 3 4 1 2 5 6
rot 4 4 1 10 8 2
rot 5 4 2 12 9 3
rot 6 4 1 3 11 7
rot 7 3 1 6 10
rot 8 3 2 4 12
rot 9 3 5 15 11
rot 10 4 4 7 14 13
rot 11 3 6 9 14
rot 12 4 5 8 13 15
rot 13 3 10 15 12
rot 14 3 10 11 15
rot 15 4 9 12 13 14
corner 1 3 6 1.1895243092212625305147132453833991791148
corner 1 6 7 1.1895243092212625305147132453833991791148
corner 1 7 4 1.5252219015969648444283295797711326566649
corner 1 4 3 2.3789147871400965714675306960210747534998
corner 2 3 4 2.3789147871400965714675306960210747534998
corner 2 4 8 1.1895243092212625305147132453833991791148
corner 2 8 5 1.5252219015969648444283295797711326566649
corner 2 5 3 1.1895243092212625305147132453833991791148
corner 3 1 2 1.1897041348485363672231892537045005580989
corner 3 2 5 1.1895243092212625305147132453833991791148
corner 3 5 6 2.7144325538885250486726710220877068520657
corner 3 6 1 1.1895243092212625305147132453833991791148
corner 4 1 10 2.1111964491696564336276297786208914908440
corner 4 10 8 1.7927604139401311455597544888502145403365
corner 4 8 2 1.1895243092212625305147132453833991791148
corner 4 2 1 1.1897041348485363672231892537045005580989
corner 5 2 12 2.1111964491696564336276297786208914908440
corner 5 12 9 1.5248058165569561008820958774835427165013
corner 5 9 3 1.4576587322317114119008478650711723819342
corner 5 3 2 1.1895243092212625305147132453833991791148
corner 6 1 3 1.1895243092212625305147132453833991791148
corner 6 3 11 2.1114323541556084560659304077649838678427
corner 6 11 7 1.7927043345814529598299298680272235423219
corner 6 7 1 1.1895243092212625305147132453833991791148
corner 7 1 6 1.1895243092212625305147132453833991791148
corner 7 6 10 2.9824645487886675127829437425547150984355
corner 7 10 1 2.1111964491696564336276297786208914908440
corner 8 2 4 1.1895243092212625305147132453833991791148
corner 8 4 12 2.9824645487886675127829437425547150984355
corner 8 12 2 2.1111964491696564336276297786208914908440
corner 9 5 15 2.1115535792780478744419444761376555135339
corner 9 15 11 1.1896846837714006525009831314606852537362
corner 9 11 5 2.9819470441301379499823591589606650011242
corner 10 4 7 1.5252219015969648444283295797711326566649
corner 10 7 14 1.4570016989929086672256835538014831710839
corner 10 14 13 1.1899259177822208072287866661646116562780
corner 10 13 4 2.1110357888074921580424869668217782843675
corner 11 6 9 1.7930641641307173319537516629419432554997
corner 11 9 14 2.3789292636191470382996909775274522165002
corner 11 14 6 2.1111918794297221066718441260896102963944
corner 12 5 8 1.5252219015969648444283295797711326566649
corner 12 8 13 1.4568855170833112275402994652668184190807
corner 12 13 15 1.1895243092212625305147132453833991791148
corner 12 15 5 2.1115535792780478744419444761376555135339
corner 13 10 15 2.3787497174918770806877909884984218350359
corner 13 15 12 1.1895243092212625305147132453833991791148
corner 13 12 10 2.7149112804664468657227825326771847542436
corner 14 10 11 2.7147509059163087437365126465998986796222
corner 14 11 15 1.1896846837714006525009831314606852537362
corner 14 15 10 2.3787497174918770806877909884984218350359
corner 15 9 12 1.5248058165569561008820958774835427165013
corner 15 12 13 1.1895243092212625305147132453833991791148
corner 15 13 14 1.1899259177822208072287866661646116562780
corner 15 14 9 2.3789292636191470382996909775274522165002
face 1 3 1 3 6
facecorners 1 1.1895243092212625305147132453833991791148 1.1895243092212625305147132453833991791148 1.1895243092212625305147132453833991791148
face 2 3 1 6 7
facecorners 2 1.1895243092212625305147132453833991791148 1.1895243092212625305147132453833991791148 1.1895243092212625305147132453833991791148
face 3 4 1 7 10 4
facecorners 3 1.5252219015969648444283295797711326566649 2.1111964491696564336276297786208914908440 1.5252219015969648444283295797711326566649 2.1111964491696564336276297786208914908440
face 4 4 1 4 2 3
facecorners 4 2.3789147871400965714675306960210747534998 1.1897041348485363672231892537045005580989 2.3789147871400965714675306960210747534998 1.1897041348485363672231892537045005580989
face 5 3 2 4 8
facecorners 5 1.1895243092212625305147132453833991791148 1.1895243092212625305147132453833991791148 1.1895243092212625305147132453833991791148
face 6 4 2 8 12 5
facecorners 6 1.5252219015969648444283295797711326566649 2.1111964491696564336276297786208914908440 1.5252219015969648444283295797711326566649 2.1111964491696564336276297786208914908440
face 7 3 2 5 3
facecorners 7 1.1895243092212625305147132453833991791148 1.1895243092212625305147132453833991791148 1.1895243092212625305147132453833991791148
face 8 5 3 5 9 11 6
facecorners 8 2.7144325538885250486726710220877068520657 1.4576587322317114119008478650711723819342 2.9819470441301379499823591589606650011242 1.7930641641307173319537516629419432554997 2.1114323541556084560659304077649838678427
face 9 5 4 10 13 12 8
facecorners 9 1.7927604139401311455597544888502145403365 2.1110357888074921580424869668217782843675 2.7149112804664468657227825326771847542436 1.4568855170833112275402994652668184190807 2.9824645487886675127829437425547150984355
face 10 4 5 12 15 9
facecorners 10 1.5248058165569561008820958774835427165013 2.1115535792780478744419444761376555135339 1.5248058165569561008820958774835427165013 2.1115535792780478744419444761376555135339
face 11 5 6 11 14 10 7
facecorners 11 1.7927043345814529598299298680272235423219 2.1111918794297221066718441260896102963944 2.7147509059163087437365126465998986796222 1.4570016989929086672256835538014831710839 2.9824645487886675127829437425547150984355
face 12 4 9 15 14 11
facecorners 12 1.1896846837714006525009831314606852537362 2.3789292636191470382996909775274522165002 1.1896846837714006525009831314606852537362 2.3789292636191470382996909775274522165002
face 13 4 10 14 15 13
facecorners 13 1.1899259177822208072287866661646116562780 2.3787497174918770806877909884984218350359 1.1899259177822208072287866661646116562780 2.3787497174918770806877909884984218350359
face 14 3 12 13 15
facecorners 14 1.1895243092212625305147132453833991791148 1.1895243092212625305147132453833991791148 1.1895243092212625305147132453833991791148
end
begin config C1-rm3-9
info base C1
info removed 1-6 2-3 11-15
info rattlers none
info delta 1.000 e-3 rad: d = psi* - delta
info newton residual 9.28 e-61, min non-edge gap 6.152091 e-3
n 15
d 0.9355061543089923367175684691930560782513
point 1 0.8891840432009720432906316013678884574270 0.1869828954434339235299033532965303897986 0.4175992506319446692872328787024896708511
point 2 0.4061830438111815804534457874512440921837 0.9009378979404726196818316941246961640516 0.1527292996608256780779329955689300048645
point 3 0.1593881776841154983082716515085589530730 0.3961511590085737881937004106832448295975 0.9042453583130523944079770437674302381115
point 4 0.8050785948308007321321411030613066298739 0.3737739708387961811067347365159789862808 -0.4605881835964337184764702204489821968200
point 5 -0.4588387095418909811250244034624894343346 0.7999771933716964435127183089320439589167 0.3866568617147193446572491337652651987990
point 6 0.3846159103561368551410725406162855657568 -0.4700967358418390017804863158679533505289 0.7944052243356461843566880167221564502637
point 7 0.7939088934112545900610849814306520150906 -0.6080302645813794507472378542140233061873 0.0028046952802220735548012145733051140551
point 8 0.0130013383881965055350681129779798078490 0.7624621931009618135566409300510354718163 -0.6469021326999836281603608753765334084104
point 9 -0.7778915226270294553575819202563222311855 -0.0080879076428314442734977000111769088099 0.6283465323967044457455738824642429744927
point 10 0.4561385253846439966398684779276086592183 -0.3840765444697927411791455134939717686817 -0.8027595241715079167284686714350491304494
point 11 -0.3839942350503343693378256299929817125571 -0.8013366822094540157725010240184151613393 0.4587024625981999931342829169207138042678
point 12 -0.7970141400277593925261341504533579184743 0.4687317118701317319461264215098465918990 -0.3808661745063572201641903766504419248728
point 13 -0.4136756107683825066053075543883168829134 -0.1649278719005305075482773452291457950877 -0.8953609809042204931431597232252555604795
point 14 -0.1804625952940265452376489278037281784010 -0.8916820669087728227805943647634145841210 -0.4151341268229380044056012610183180958765
point 15 -0.8986711599970021572963577131077135418106 -0.4029194359398021809061336469555347288962 -0.1733380348671179443511356847652965442331
edge 1 2
edge 1 3
edge 1 4
edge 1 7
edge 2 4
edge 2 5
edge 2 8
edge 3 5
edge 3 6
edge 4 8
edge 4 10
edge 5 9
edge 5 12
edge 6 7
edge 6 11
edge 7 10
edge 8 12
edge 9 11
edge 9 15
edge 10 13
edge 10 14
edge 11 14
edge 12 13
edge 12 15
edge 13 14
edge 13 15
edge 14 15
rot 1 4 2 3 7 4
rot 2 4 1 4 8 5
rot 3 3 1 5 6
rot 4 4 1 10 8 2
rot 5 4 2 12 9 3
rot 6 3 3 11 7
rot 7 3 1 6 10
rot 8 3 2 4 12
rot 9 3 5 15 11
rot 10 4 4 7 14 13
rot 11 3 6 9 14
rot 12 4 5 8 13 15
rot 13 4 10 14 15 12
rot 14 4 10 11 15 13
rot 15 4 9 12 13 14
corner 1 2 3 1.2445777940349274127975764683099369707705
corner 1 3 7 2.3689904902618358276789332134132376517260
corner 1 7 4 1.4804311589928581543033962712497185047728
corner 1 4 2 1.1891858638899650821453808135861126411251
corner 2 1 4 1.1891858638899650821453808135861126411251
corner 2 4 8 1.1891858638899650821453808135861126411251
corner 2 8 5 1.5681399498304766899602052670799164815038
corner 2 5 1 2.3366736295691796226743198723068640046404
corner 3 1 5 2.3366736295691796226743198723068640046404
corner 3 5 6 2.7447606263287024440082614015667585941161
corner 3 6 1 1.2017510512817044102427054926853831696379
corner 4 1 10 2.1481203373547111477449747594686188029183
corner 4 10 8 1.7566932420449451648895503799181616832259
corner 4 8 2 1.1891858638899650821453808135861126411251
corner 4 2 1 1.1891858638899650821453808135861126411251
corner 5 2 12 2.0728015064594778373176570422229105984002
corner 5 12 9 1.5325894478851854524677214355757277809435
corner 5 9 3 1.4332165587999957743423318204504304182802
corner 5 3 2 1.2445777940349274127975764683099369707705
corner 6 3 11 2.0803359316560281221364284777662070559417
corner 6 11 7 1.8338588852617225271099250753795610607266
corner 6 7 3 2.3689904902618358276789332134132376517260
corner 7 1 6 1.2017510512817044102427054926853831696379
corner 7 6 10 2.9333139185431709189376065144050037958382
corner 7 10 1 2.1481203373547111477449747594686188029183
corner 8 2 4 1.1891858638899650821453808135861126411251
corner 8 4 12 3.0211979368301435574622489107499825288690
corner 8 12 2 2.0728015064594778373176570422229105984002
corner 9 5 15 2.1037037985912855895804373657178303220346
corner 9 15 11 1.1974266881778352643028114042372574261288
corner 9 11 5 2.9820548204104656230420379966039180202309
corner 10 4 7 1.4804311589928581543033962712497185047728
corner 10 7 14 1.5003563150338798575542810515970014341293
corner 10 14 13 1.1891858638899650821453808135861126411251
corner 10 13 4 2.1132119692628833829222286301261731883671
corner 11 6 9 1.8018491762015663856195696456203998860584
corner 11 9 14 2.3722241315144708601668037038110527052007
corner 11 14 6 2.1091119994635492311389134171275531771352
corner 12 5 8 1.5681399498304766899602052670799164815038
corner 12 8 13 1.4221556948678591152392633201751463237308
corner 12 13 15 1.1891858638899650821453808135861126411251
corner 12 15 5 2.1037037985912855895804373657178303220346
corner 13 10 14 1.1891858638899650821453808135861126411251
corner 13 14 15 1.1891858638899650821453808135861126411251
corner 13 15 12 1.1891858638899650821453808135861126411251
corner 13 12 10 2.7156277155096912304891443258006678450191
corner 14 10 11 2.7073868912218210483317137351495230600153
corner 14 11 15 1.1974266881778352643028114042372574261288
corner 14 15 13 1.1891858638899650821453808135861126411251
corner 14 13 10 1.1891858638899650821453808135861126411251
corner 15 9 12 1.5325894478851854524677214355757277809435
corner 15 12 13 1.1891858638899650821453808135861126411251
corner 15 13 14 1.1891858638899650821453808135861126411251
corner 15 14 9 2.3722241315144708601668037038110527052007
face 1 4 1 2 5 3
facecorners 1 1.2445777940349274127975764683099369707705 2.3366736295691796226743198723068640046404 1.2445777940349274127975764683099369707705 2.3366736295691796226743198723068640046404
face 2 4 1 3 6 7
facecorners 2 2.3689904902618358276789332134132376517260 1.2017510512817044102427054926853831696379 2.3689904902618358276789332134132376517260 1.2017510512817044102427054926853831696379
face 3 4 1 7 10 4
facecorners 3 1.4804311589928581543033962712497185047728 2.1481203373547111477449747594686188029183 1.4804311589928581543033962712497185047728 2.1481203373547111477449747594686188029183
face 4 3 1 4 2
facecorners 4 1.1891858638899650821453808135861126411251 1.1891858638899650821453808135861126411251 1.1891858638899650821453808135861126411251
face 5 3 2 4 8
facecorners 5 1.1891858638899650821453808135861126411251 1.1891858638899650821453808135861126411251 1.1891858638899650821453808135861126411251
face 6 4 2 8 12 5
facecorners 6 1.5681399498304766899602052670799164815038 2.0728015064594778373176570422229105984002 1.5681399498304766899602052670799164815038 2.0728015064594778373176570422229105984002
face 7 5 3 5 9 11 6
facecorners 7 2.7447606263287024440082614015667585941161 1.4332165587999957743423318204504304182802 2.9820548204104656230420379966039180202309 1.8018491762015663856195696456203998860584 2.0803359316560281221364284777662070559417
face 8 5 4 10 13 12 8
facecorners 8 1.7566932420449451648895503799181616832259 2.1132119692628833829222286301261731883671 2.7156277155096912304891443258006678450191 1.4221556948678591152392633201751463237308 3.0211979368301435574622489107499825288690
face 9 4 5 12 15 9
facecorners 9 1.5325894478851854524677214355757277809435 2.1037037985912855895804373657178303220346 1.5325894478851854524677214355757277809435 2.1037037985912855895804373657178303220346
face 10 5 6 11 14 10 7
facecorners 10 1.8338588852617225271099250753795610607266 2.1091119994635492311389134171275531771352 2.7073868912218210483317137351495230600153 1.5003563150338798575542810515970014341293 2.9333139185431709189376065144050037958382
face 11 4 9 15 14 11
facecorners 11 1.1974266881778352643028114042372574261288 2.3722241315144708601668037038110527052007 1.1974266881778352643028114042372574261288 2.3722241315144708601668037038110527052007
face 12 3 10 14 13
facecorners 12 1.1891858638899650821453808135861126411251 1.1891858638899650821453808135861126411251 1.1891858638899650821453808135861126411251
face 13 3 12 13 15
facecorners 13 1.1891858638899650821453808135861126411251 1.1891858638899650821453808135861126411251 1.1891858638899650821453808135861126411251
face 14 3 13 14 15
facecorners 14 1.1891858638899650821453808135861126411251 1.1891858638899650821453808135861126411251 1.1891858638899650821453808135861126411251
end
begin config C1-rm3-10
info base C1
info removed 1-6 2-3 11-15
info rattlers none
info delta 1.000 e-7 rad: d = psi* - delta
info newton residual 0.e-76, min non-edge gap 5.084344 e-7
n 15
d 0.9365060543089923367175684691930560782513
point 1 0.8950234606259125775058857212999710249086 0.1714916898209016843530803529092282895834 0.4117324437685074674632439408815478153489
point 2 0.4117314240816352929391224601830285195758 0.8950245159494805445377007323849748730395 0.1714886301569484212820479743441609655012
point 3 0.1714892075911460324739302986299523082592 0.4117305233163591034646897763269886554622 0.8950248196834531887838063668468057627852
point 4 0.8009932622028432494931418615062448826389 0.3819635838691491258812135559936292125155 -0.4609919896304952992010825092407936823062
point 5 -0.4609918299434172649030877177175213978615 0.8009928036860695535605921447506641632524 0.3819647381219228438173116884838492412788
point 6 0.3819645245757422615134227481465271552336 -0.4609928372526838726727100551455368863146 0.8009923257855518968931350779628713737286
point 7 0.7788413255890937458016912434080204550932 -0.6271763873208595606605647624797292667528 0.0074812259542416249768687223580974158369
point 8 0.0074821344257990873546377305372927027102 0.7788385194467427533498770390649399351311 -0.6271798611964832390697404204313521368883
point 9 -0.7788398805284018470937518221187284579982 -0.0074816978157771936133765156321699887619 0.6271781761958065231595013213638731933724
point 10 0.4609915520712432601908107610925588071412 -0.3819645110615187505482888717383755701821 -0.8009930718854446707793730445687394964081
point 11 -0.3819645314204052290038563336620271917463 -0.8009929286210441036173347267956822430666 0.4609917841305560753990996766476453167913
point 12 -0.8009925655226558000547177318233553447908 0.4609926766378952919601345710427816907994 -0.3819642156847456086404920516352933202540
point 13 -0.4117321078999464440195656139116592619400 -0.1714897316798942014780338268730425938415 -0.8950239903223961907531544060852670701117
point 14 -0.1714911121882639506601627004917003919040 -0.8950236730387952479332225969634852340448 -0.4117322226163213569018089049490727069255
point 15 -0.8950242927638927021364198653617884080945 -0.4117311445495342841815939647314260512837 -0.1714904661210768018029955370575201230576
edge 1 2
edge 1 3
edge 1 4
edge 1 7
edge 2 4
edge 2 5
edge 2 8
edge 3 5
edge 3 6
edge 4 8
edge 4 10
edge 5 9
edge 5 12
edge 6 7
edge 6 11
edge 7 10
edge 8 12
edge 9 11
edge 9 15
edge 10 13
edge 10 14
edge 11 14
edge 12 13
edge 12 15
edge 13 14
edge 13 15
edge 14 15
rot 1 4 2 3 7 4
rot 2 4 1 4 8 5
rot 3 3 1 5 6
rot 4 4 1 10 8 2
rot 5 4 2 12 9 3
rot 6 3 3 11 7
rot 7 3 1 6 10
rot 8 3 2 4 12
rot 9 3 5 15 11
rot 10 4 4 7 14 13
rot 11 3 6 9 14
rot 12 4 5 8 13 15
rot 13 4 10 14 15 12
rot 14 4 10 11 15 13
rot 15 4 9 12 13 14
corner 1 2 3 1.1895326699232153184288957054635956900741
corner 1 3 7 2.3790545453649304935373744400037801518570
corner 1 7 4 1.5250703954915553865081443954994431365199
corner 1 4 2 1.1895276963998852784508722255921867899433
corner 2 1 4 1.1895276963998852784508722255921867899433
corner 2 4 8 1.1895276963998852784508722255921867899433
corner 2 8 5 1.5250782228627059026383869112013599506416
corner 2 5 1 2.3790516915171100173851554041732722378661
corner 3 1 5 2.3790516915171100173851554041732722378661
corner 3 5 6 2.7146047805384271056852489604208240141504
corner 3 6 1 1.1895288351240493538548824019649095163778
corner 4 1 10 2.1113380343957745158356466683521637691855
corner 4 10 8 1.7927918799840414041878956470224684193222
corner 4 8 2 1.1895276963998852784508722255921867899433
corner 4 2 1 1.1895276963998852784508722255921867899433
corner 5 2 12 2.1113313159377978330730291967370431103148
corner 5 12 9 1.5250750276642509956252286833767325579369
corner 5 9 3 1.4572462936543223297981331809816344100685
corner 5 3 2 1.1895326699232153184288957054635956900741
corner 6 3 11 2.1113319657347510097066182091483889987103
corner 6 11 7 1.7927987960799049736812941174068366178270
corner 6 7 3 2.3790545453649304935373744400037801518570
corner 7 1 6 1.1895288351240493538548824019649095163778
corner 7 6 10 2.9823184376597626072347576962419324828311
corner 7 10 1 2.1113380343957745158356466683521637691855
corner 8 2 4 1.1895276963998852784508722255921867899433
corner 8 4 12 2.9823262948419033654013853442297758681362
corner 8 12 2 2.1113313159377978330730291967370431103148
corner 9 5 15 2.1113340584715899406716357155805218825134
corner 9 15 11 1.1895283764408002181692092144402588486547
corner 9 11 5 2.9823228722671963180844418365382250372262
corner 10 4 7 1.5250703954915553865081443954994431365199
corner 10 7 14 1.4572522967876900342699729338621994416954
corner 10 14 13 1.1895276963998852784508722255921867899433
corner 10 13 4 2.1113349185004557776962972116051764002357
corner 11 6 9 1.7927958927767207054963174677046314237864
corner 11 9 14 2.3790548867155649243983136319978996305708
corner 11 14 6 2.1113345276873008470306556668564747140371
corner 12 5 8 1.5250782228627059026383869112013599506416
corner 12 8 13 1.4572453294454053551643919141849371452960
corner 12 13 15 1.1895276963998852784508722255921867899433
corner 12 15 5 2.1113340584715899406716357155805218825134
corner 13 10 14 1.1895276963998852784508722255921867899433
corner 13 14 15 1.1895276963998852784508722255921867899433
corner 13 15 12 1.1895276963998852784508722255921867899433
corner 13 12 10 2.7146022179799306415726700897824453985644
corner 14 10 11 2.7146015379390157018543331009343733398530
corner 14 11 15 1.1895283764408002181692092144402588486547
corner 14 15 13 1.1895276963998852784508722255921867899433
corner 14 13 10 1.1895276963998852784508722255921867899433
corner 15 9 12 1.5250750276642509956252286833767325579369
corner 15 12 13 1.1895276963998852784508722255921867899433
corner 15 13 14 1.1895276963998852784508722255921867899433
corner 15 14 9 2.3790548867155649243983136319978996305708
face 1 4 1 2 5 3
facecorners 1 1.1895326699232153184288957054635956900741 2.3790516915171100173851554041732722378661 1.1895326699232153184288957054635956900741 2.3790516915171100173851554041732722378661
face 2 4 1 3 6 7
facecorners 2 2.3790545453649304935373744400037801518570 1.1895288351240493538548824019649095163778 2.3790545453649304935373744400037801518570 1.1895288351240493538548824019649095163778
face 3 4 1 7 10 4
facecorners 3 1.5250703954915553865081443954994431365199 2.1113380343957745158356466683521637691855 1.5250703954915553865081443954994431365199 2.1113380343957745158356466683521637691855
face 4 3 1 4 2
facecorners 4 1.1895276963998852784508722255921867899433 1.1895276963998852784508722255921867899433 1.1895276963998852784508722255921867899433
face 5 3 2 4 8
facecorners 5 1.1895276963998852784508722255921867899433 1.1895276963998852784508722255921867899433 1.1895276963998852784508722255921867899433
face 6 4 2 8 12 5
facecorners 6 1.5250782228627059026383869112013599506416 2.1113313159377978330730291967370431103148 1.5250782228627059026383869112013599506416 2.1113313159377978330730291967370431103148
face 7 5 3 5 9 11 6
facecorners 7 2.7146047805384271056852489604208240141504 1.4572462936543223297981331809816344100685 2.9823228722671963180844418365382250372262 1.7927958927767207054963174677046314237864 2.1113319657347510097066182091483889987103
face 8 5 4 10 13 12 8
facecorners 8 1.7927918799840414041878956470224684193222 2.1113349185004557776962972116051764002357 2.7146022179799306415726700897824453985644 1.4572453294454053551643919141849371452960 2.9823262948419033654013853442297758681362
face 9 4 5 12 15 9
facecorners 9 1.5250750276642509956252286833767325579369 2.1113340584715899406716357155805218825134 1.5250750276642509956252286833767325579369 2.1113340584715899406716357155805218825134
face 10 5 6 11 14 10 7
facecorners 10 1.7927987960799049736812941174068366178270 2.1113345276873008470306556668564747140371 2.7146015379390157018543331009343733398530 1.4572522967876900342699729338621994416954 2.9823184376597626072347576962419324828311
face 11 4 9 15 14 11
facecorners 11 1.1895283764408002181692092144402588486547 2.3790548867155649243983136319978996305708 1.1895283764408002181692092144402588486547 2.3790548867155649243983136319978996305708
face 12 3 10 14 13
facecorners 12 1.1895276963998852784508722255921867899433 1.1895276963998852784508722255921867899433 1.1895276963998852784508722255921867899433
face 13 3 12 13 15
facecorners 13 1.1895276963998852784508722255921867899433 1.1895276963998852784508722255921867899433 1.1895276963998852784508722255921867899433
face 14 3 13 14 15
facecorners 14 1.1895276963998852784508722255921867899433 1.1895276963998852784508722255921867899433 1.1895276963998852784508722255921867899433
end
begin config C1-rm3-11
info base C1
info removed 1-6 2-4 11-15
info rattlers none
info delta 1.000 e-2 rad: d = psi* - delta
info newton residual 2.32 e-62, min non-edge gap 8.497622 e-5
n 15
d 0.9265061543089923367175684691930560782513
point 1 0.8818678840664279415309281594822386015508 0.2303495649006814078768018707799832320727 0.4113977552226895312632467772465622154940
point 2 0.3514515109729179931274254367835777362571 0.9159364519544197111561689680071387290535 0.1937582292858858048230903608242454919584
point 3 0.1548907756399175058797195145898315795796 0.4057775311298104745715704743772725547454 0.9007515988616730892818468188841107979013
point 4 0.8243156560141044199667395273442305624291 0.3042940817367902166983938757310794481768 -0.4773979588037639591831713692857020006443
point 5 -0.5018616312466669565983877140668487102520 0.7615872953824535246867924288489927740758 0.4100240170946989305513178634100663279723
point 6 0.4265463257334074743377203312342216140210 -0.4385576415476380445265487317404244583076 0.7910280823355788229640801315395158441969
point 7 0.8271063836168819029020603580440862225905 -0.5620428317282441717118841550044352053549 0.0016986709805016207909865486892085925951
point 8 0.0750968440120743591369757525193908873254 0.7628041934741543711957665787652026196323 -0.6422540201802329219042573764575635838758
point 9 -0.7648907948665335223537738907765533174237 -0.0606447002783898665282944061597728151269 0.6412989102256347943596388183898785490477
point 10 0.4319360720697339058516151221180047974949 -0.4354039479120590385973202735484906919041 -0.7898446883961191878296515166672992018546
point 11 -0.3195804860509417565260177938546223289801 -0.8181311336982760600879685519204049869670 0.4780478647677629398744757188099613473528
point 12 -0.7519911586410065137424522689559728209832 0.5147795961323293507156237163598639548080 -0.4117174574044589368697708565825348285178
point 13 -0.4072554977095218638068227014641197049170 -0.1488437666838874855077505634930422846616 -0.9011040409989970174533707430698513008033
point 14 -0.2454399204525177986523460968440524142248 -0.8781767217366719538432023144875453542531 -0.4105665486228676812554009453483215861499
point 15 -0.9217792999533129215386834803986042062339 -0.3353675592131850462605762920292359112675 -0.1945546771603581541590733750422958454106
edge 1 2
edge 1 3
edge 1 4
edge 1 7
edge 2 3
edge 2 5
edge 2 8
edge 3 5
edge 3 6
edge 4 8
edge 4 10
edge 5 9
edge 5 12
edge 6 7
edge 6 11
edge 7 10
edge 8 12
edge 9 11
edge 9 15
edge 10 13
edge 10 14
edge 11 14
edge 12 13
edge 12 15
edge 13 14
edge 13 15
edge 14 15
rot 1 4 2 3 7 4
rot 2 4 1 8 5 3
rot 3 4 1 2 5 6
rot 4 3 1 10 8
rot 5 4 2 12 9 3
rot 6 3 3 11 7
rot 7 3 1 6 10
rot 8 3 2 4 12
rot 9 3 5 15 11
rot 10 4 4 7 14 13
rot 11 3 6 9 14
rot 12 4 5 8 13 15
rot 13 4 10 14 15 12
rot 14 4 10 11 15 13
rot 15 4 9 12 13 14
corner 1 2 3 1.1861337282615198403527990931851430261456
corner 1 3 7 2.3721814008378003239498306409089632918509
corner 1 7 4 1.3352192542599717569160342434207243769679
corner 1 4 2 1.3896509238202945557066227890441750734299
corner 2 1 8 2.2133142769995760336747552614842469137688
corner 2 8 5 1.6976035736569707625449333187044728023344
corner 2 5 3 1.1861337282615198403527990931851430261456
corner 2 3 1 1.1861337282615198403527990931851430261456
corner 3 1 2 1.1861337282615198403527990931851430261456
corner 3 2 5 1.1861337282615198403527990931851430261456
corner 3 5 6 2.7246694592616704069247497671725480016996
corner 3 6 1 1.1862483913948763892949388130161717144036
corner 4 1 10 2.2571124806933040649291311711667203581573
corner 4 10 8 1.8127585494867063783214003339080384964683
corner 4 8 1 2.2133142769995760336747552614842469137688
corner 5 2 12 1.9444138464968755847601643002150479905556
corner 5 12 9 1.6975652217624465151903137989258607406525
corner 5 9 3 1.4550725106587445366220095742329540110407
corner 5 3 2 1.1861337282615198403527990931851430261456
corner 6 3 11 2.0800276009378877077875044466448874339546
corner 6 11 7 1.8309763054038984451879516790051550425888
corner 6 7 3 2.3721814008378003239498306409089632918509
corner 7 1 6 1.1862483913948763892949388130161717144036
corner 7 6 10 2.8398244350914060227012167823761136958335
corner 7 10 1 2.2571124806933040649291311711667203581573
corner 8 2 4 1.3896509238202945557066227890441750734299
corner 8 4 12 2.9491205368624163364584996772997827044088
corner 8 12 2 1.9444138464968755847601643002150479905556
corner 9 5 15 1.9444498412856721315148280596870505772212
corner 9 15 11 1.3896038025945419060363575994080744856052
corner 9 11 5 2.9491316632993724393741011074638807055679
corner 10 4 7 1.3352192542599717569160342434207243769679
corner 10 7 14 1.6819172237877449800076864589106373234167
corner 10 14 13 1.1861337282615198403527990931851430261456
corner 10 13 4 2.0799151008703498996487669710425010418642
corner 11 6 9 1.8127097586444009465529603982148137642246
corner 11 9 14 2.2133526288941002810293747812628589754507
corner 11 14 6 2.2571229196410852493429515870813330287191
corner 12 5 8 1.6976035736569707625449333187044728023344
corner 12 8 13 1.4549981639754237425127262949823393626932
corner 12 13 15 1.1861337282615198403527990931851430261456
corner 12 15 5 1.9444498412856721315148280596870505772212
corner 13 10 14 1.1861337282615198403527990931851430261456
corner 13 14 15 1.1861337282615198403527990931851430261456
corner 13 15 12 1.1861337282615198403527990931851430261456
corner 13 12 10 2.7247841223950269558668894870035766899576
corner 14 10 11 2.5213140480620048901833309807806452304980
corner 14 11 15 1.3896038025945419060363575994080744856052
corner 14 15 13 1.1861337282615198403527990931851430261456
corner 14 13 10 1.1861337282615198403527990931851430261456
corner 15 9 12 1.6975652217624465151903137989258607406525
corner 15 12 13 1.1861337282615198403527990931851430261456
corner 15 13 14 1.1861337282615198403527990931851430261456
corner 15 14 9 2.2133526288941002810293747812628589754507
face 1 3 1 2 3
facecorners 1 1.1861337282615198403527990931851430261456 1.1861337282615198403527990931851430261456 1.1861337282615198403527990931851430261456
face 2 4 1 3 6 7
facecorners 2 2.3721814008378003239498306409089632918509 1.1862483913948763892949388130161717144036 2.3721814008378003239498306409089632918509 1.1862483913948763892949388130161717144036
face 3 4 1 7 10 4
facecorners 3 1.3352192542599717569160342434207243769679 2.2571124806933040649291311711667203581573 1.3352192542599717569160342434207243769679 2.2571124806933040649291311711667203581573
face 4 4 1 4 8 2
facecorners 4 1.3896509238202945557066227890441750734299 2.2133142769995760336747552614842469137688 1.3896509238202945557066227890441750734299 2.2133142769995760336747552614842469137688
face 5 4 2 8 12 5
facecorners 5 1.6976035736569707625449333187044728023344 1.9444138464968755847601643002150479905556 1.6976035736569707625449333187044728023344 1.9444138464968755847601643002150479905556
face 6 3 2 5 3
facecorners 6 1.1861337282615198403527990931851430261456 1.1861337282615198403527990931851430261456 1.1861337282615198403527990931851430261456
face 7 5 3 5 9 11 6
facecorners 7 2.7246694592616704069247497671725480016996 1.4550725106587445366220095742329540110407 2.9491316632993724393741011074638807055679 1.8127097586444009465529603982148137642246 2.0800276009378877077875044466448874339546
face 8 5 4 10 13 12 8
facecorners 8 1.8127585494867063783214003339080384964683 2.0799151008703498996487669710425010418642 2.7247841223950269558668894870035766899576 1.4549981639754237425127262949823393626932 2.9491205368624163364584996772997827044088
face 9 4 5 12 15 9
facecorners 9 1.6975652217624465151903137989258607406525 1.9444498412856721315148280596870505772212 1.6975652217624465151903137989258607406525 1.9444498412856721315148280596870505772212
face 10 5 6 11 14 10 7
facecorners 10 1.8309763054038984451879516790051550425888 2.2571229196410852493429515870813330287191 2.5213140480620048901833309807806452304980 1.6819172237877449800076864589106373234167 2.8398244350914060227012167823761136958335
face 11 4 9 15 14 11
facecorners 11 1.3896038025945419060363575994080744856052 2.2133526288941002810293747812628589754507 1.3896038025945419060363575994080744856052 2.2133526288941002810293747812628589754507
face 12 3 10 14 13
facecorners 12 1.1861337282615198403527990931851430261456 1.1861337282615198403527990931851430261456 1.1861337282615198403527990931851430261456
face 13 3 12 13 15
facecorners 13 1.1861337282615198403527990931851430261456 1.1861337282615198403527990931851430261456 1.1861337282615198403527990931851430261456
face 14 3 13 14 15
facecorners 14 1.1861337282615198403527990931851430261456 1.1861337282615198403527990931851430261456 1.1861337282615198403527990931851430261456
end
begin config C1-rm3-12
info base C1
info removed 1-6 2-4 11-15
info rattlers none
info delta 1.000 e-5 rad: d = psi* - delta
info newton residual 1.23 e-60, min non-edge gap 5.102301 e-6
n 15
d 0.9364961543089923367175684691930560782513
point 1 0.8950151205812857120301089715018675781652 0.1715363302024932346903247891121871892961 0.4117319775673585015576369605806362366491
point 2 0.4116866286538338314218691123426365803754 0.8950410290228526079274818005477990013277 0.1715099884944123027903842461089934095058
point 3 0.1714786341324242342292936103555405214233 0.4117265311281142355691702293156053370386 0.8950286819992352456323610977181508091244
point 4 0.8010095400258246715080640390057368018906 0.3819073562947696077370829773265234596833 -0.4610102905527778827628517864844514318439
point 5 -0.4610218446259586545896172225095009858365 0.8009638691962697821620009821141330644615 0.3819891870456796948256437526492398754092
point 6 0.3819960431846951516971808754927890854932 -0.4609765158820240692581129154111211366920 0.8009866882767194451218425736483123004735
point 7 0.7788792214361763284247244650860345457144 -0.6271293106673108609455568924471458502637 0.0074823871137024846985988759630633300541
point 8 0.0075302366413667446010304101664206994144 0.7788285397023806061359733565494323435704 -0.6271916782620623814544693244146095535545
point 9 -0.7788294807303709955006014224192387677558 -0.0075202949367611804037033599033244044613 0.6271906290031164028716297361345530545078
point 10 0.4609707552400382533378228294904391934304 -0.3820052661690743883710984927633165903855 -0.8009856050095553220127418466773265258998
point 11 -0.3819196476007411283015953553832518499858 -0.8010050111702042547961730391816951935903 0.4610079769990392132856465669792504536738
point 12 -0.8009579995376052298611877581266861668487 0.4610324812606004807314489880089497557757 -0.3819886571606696896386167099479657425538
point 13 -0.4117282513441182329630498598803151922672 -0.1714718215934901927850610715058789462241 -0.8950291958615232082971129754334468606077
point 14 -0.1715472104211254707122437047759175687339 -0.8950122074694726955893412457706361384198 -0.4117337769449473581404310481702274022595
point 15 -0.8950460415943873772756259345877937914590 -0.4116752341331432006944138398469089553596 -0.1715111804741600754526336987708711972204
edge 1 2
edge 1 3
edge 1 4
edge 1 7
edge 2 3
edge 2 5
edge 2 8
edge 3 5
edge 3 6
edge 4 8
edge 4 10
edge 5 9
edge 5 12
edge 6 7
edge 6 11
edge 7 10
edge 8 12
edge 9 11
edge 9 15
edge 10 13
edge 10 14
edge 11 14
edge 12 13
edge 12 15
edge 13 14
edge 13 15
edge 14 15
rot 1 4 2 3 7 4
rot 2 4 1 8 5 3
rot 3 4 1 2 5 6
rot 4 3 1 10 8
rot 5 4 2 12 9 3
rot 6 3 3 11 7
rot 7 3 1 6 10
rot 8 3 2 4 12
rot 9 3 5 15 11
rot 10 4 4 7 14 13
rot 11 3 6 9 14
rot 12 4 5 8 13 15
rot 13 4 10 14 15 12
rot 14 4 10 11 15 13
rot 15 4 9 12 13 14
corner 1 2 3 1.1895243092212625305147132453833991791148
corner 1 3 7 2.3790435396316641992335956958353946466550
corner 1 7 4 1.5249368035508474828367068195386649942490
corner 1 4 2 1.1896806547758122643402710058015469483754
corner 2 1 8 2.3789322621888851211840635222890650655513
corner 2 8 5 1.5252044265481762947117967535031423446133
corner 2 5 3 1.1895243092212625305147132453833991791148
corner 2 3 1 1.1895243092212625305147132453833991791148
corner 3 1 2 1.1895243092212625305147132453833991791148
corner 3 2 5 1.1895243092212625305147132453833991791148
corner 3 5 6 2.7146055550270040839571950184862876954822
corner 3 6 1 1.1895311337100573319386652573059197146825
corner 4 1 10 2.1114411593036114683022138760797736090273
corner 4 10 8 1.7928118856870898874390093681901670938157
corner 4 8 1 2.3789322621888851211840635222890650655513
corner 5 2 12 2.1112114495885807665848578922425619519857
corner 5 12 9 1.5252022375532498443992603976312759296467
corner 5 9 3 1.4572473108164933354264552313017687076471
corner 5 3 2 1.1895243092212625305147132453833991791148
corner 6 3 11 2.1113105445269896258707130845124768281630
corner 6 11 7 1.7928312230209326518209779862111342935763
corner 6 7 3 2.3790435396316641992335956958353946466550
corner 7 1 6 1.1895311337100573319386652573059197146825
corner 7 6 10 2.9822130141659176766844076331733124446846
corner 7 10 1 2.1114411593036114683022138760797736090273
corner 8 2 4 1.1896806547758122643402710058015469483754
corner 8 4 12 2.9822932028151934460001578685148968680332
corner 8 12 2 2.1112114495885807665848578922425619519857
corner 9 5 15 2.1112133285927411338482372722087383250209
corner 9 15 11 1.1896777135527305887159737261731652963974
corner 9 11 5 2.9822942650341147543610757681771021469760
corner 10 4 7 1.5249368035508474828367068195386649942490
corner 10 7 14 1.4574204346435623691382157629384977543188
corner 10 14 13 1.1895243092212625305147132453833991791148
corner 10 13 4 2.1113037597639140944356509386984438407117
corner 11 6 9 1.7928085310221805470949073437236354268181
corner 11 9 14 2.3789344511838115714965998781609314805179
corner 11 14 6 2.1114423249735943583337795446744388610584
corner 12 5 8 1.5252044265481762947117967535031423446133
corner 12 8 13 1.4572432428174065178505394954637259196452
corner 12 13 15 1.1895243092212625305147132453833991791148
corner 12 15 5 2.1112133285927411338482372722087383250209
corner 13 10 14 1.1895243092212625305147132453833991791148
corner 13 14 15 1.1895243092212625305147132453833991791148
corner 13 15 12 1.1895243092212625305147132453833991791148
corner 13 12 10 2.7146123795157988853811470304088082310498
corner 14 10 11 2.7144589751843308271798865496190421137672
corner 14 11 15 1.1896777135527305887159737261731652963974
corner 14 15 13 1.1895243092212625305147132453833991791148
corner 14 13 10 1.1895243092212625305147132453833991791148
corner 15 9 12 1.5252022375532498443992603976312759296467
corner 15 12 13 1.1895243092212625305147132453833991791148
corner 15 13 14 1.1895243092212625305147132453833991791148
corner 15 14 9 2.3789344511838115714965998781609314805179
face 1 3 1 2 3
facecorners 1 1.1895243092212625305147132453833991791148 1.1895243092212625305147132453833991791148 1.1895243092212625305147132453833991791148
face 2 4 1 3 6 7
facecorners 2 2.3790435396316641992335956958353946466550 1.1895311337100573319386652573059197146825 2.3790435396316641992335956958353946466550 1.1895311337100573319386652573059197146825
face 3 4 1 7 10 4
facecorners 3 1.5249368035508474828367068195386649942490 2.1114411593036114683022138760797736090273 1.5249368035508474828367068195386649942490 2.1114411593036114683022138760797736090273
face 4 4 1 4 8 2
facecorners 4 1.1896806547758122643402710058015469483754 2.3789322621888851211840635222890650655513 1.1896806547758122643402710058015469483754 2.3789322621888851211840635222890650655513
face 5 4 2 8 12 5
facecorners 5 1.5252044265481762947117967535031423446133 2.1112114495885807665848578922425619519857 1.5252044265481762947117967535031423446133 2.1112114495885807665848578922425619519857
face 6 3 2 5 3
facecorners 6 1.1895243092212625305147132453833991791148 1.1895243092212625305147132453833991791148 1.1895243092212625305147132453833991791148
face 7 5 3 5 9 11 6
facecorners 7 2.7146055550270040839571950184862876954822 1.4572473108164933354264552313017687076471 2.9822942650341147543610757681771021469760 1.7928085310221805470949073437236354268181 2.1113105445269896258707130845124768281630
face 8 5 4 10 13 12 8
facecorners 8 1.7928118856870898874390093681901670938157 2.1113037597639140944356509386984438407117 2.7146123795157988853811470304088082310498 1.4572432428174065178505394954637259196452 2.9822932028151934460001578685148968680332
face 9 4 5 12 15 9
facecorners 9 1.5252022375532498443992603976312759296467 2.1112133285927411338482372722087383250209 1.5252022375532498443992603976312759296467 2.1112133285927411338482372722087383250209
face 10 5 6 11 14 10 7
facecorners 10 1.7928312230209326518209779862111342935763 2.1114423249735943583337795446744388610584 2.7144589751843308271798865496190421137672 1.4574204346435623691382157629384977543188 2.9822130141659176766844076331733124446846
face 11 4 9 15 14 11
facecorners 11 1.1896777135527305887159737261731652963974 2.3789344511838115714965998781609314805179 1.1896777135527305887159737261731652963974 2.3789344511838115714965998781609314805179
face 12 3 10 14 13
facecorners 12 1.1895243092212625305147132453833991791148 1.1895243092212625305147132453833991791148 1.1895243092212625305147132453833991791148
face 13 3 12 13 15
facecorners 13 1.1895243092212625305147132453833991791148 1.1895243092212625305147132453833991791148 1.1895243092212625305147132453833991791148
face 14 3 13 14 15
facecorners 14 1.1895243092212625305147132453833991791148 1.1895243092212625305147132453833991791148 1.1895243092212625305147132453833991791148
end
begin config C1-rm4-13
info base C1
info removed 1-2 1-6 11-15 13-14
info rattlers none
info delta 1.000 e-7 rad: d = psi* - delta
info newton residual 0.e-76, min non-edge gap 4.440274 e-7
n 15
d 0.9365060543089923367175684691930560782513
point 1 0.8950243428848693166327322154524133305660 0.1714902278879691111223684542968185562901 0.4117311348227630705848565780930871359535
point 2 0.4117318804608239922759475583485136295513 0.8950240837169913227414399783920556228692 0.1714897903047112906597070913684364572395
point 3 0.1714912299136389327312881564352448977693 0.4117321043473575610376596306606576540739 0.8950237048885376288814723928883185932523
point 4 0.8009925342369921761798788852757628573684 0.3819644044128195579650956795102062207480 -0.4609925746236710779164258329757311136381
point 5 -0.4609916933639805786157011413698844227968 0.8009928577847259758488301249384290182137 0.3819647895124201788195071387964976433918
point 6 0.3819645139016438091876782897679493969502 -0.4609919238223854398422725827886080189298 0.8009928565788941746215456432951227785910
point 7 0.7788397561083150441204526068856592363271 -0.6271783321591768432377857633215050961641 0.0074815757146192689804546139309055214788
point 8 0.0074811904056577486049053099241808143425 0.7788398294498410034882389731300700548277 -0.6271782456787359527433021973143483201075
point 9 -0.7788411930281030454774101150663409954831 -0.0074815835396089390169036550361407416979 0.6271765476724245184451748762763730574398
point 10 0.4609918866871229730827622597134372348341 -0.3819645090969422873035809222530734420149 -0.8009928802423768520679731985668287947465
point 11 -0.3819643819053135856396340084598465302295 -0.8009925777882527030273766106597281672173 0.4609925176006891481153291291963345507855
point 12 -0.8009931194371490329170956770231440737416 0.4609922052039721521059321344935954377553 -0.3819636230788528044685867289656448017979
point 13 -0.4117313883809725621970214273629765130088 -0.1714884748174309637523651116754619723661 -0.8950245621359606454985223589515374741066
point 14 -0.1714893943721192347682030505235066068044 -0.8950245757153125822120034954439607302947 -0.4117309758610693289510548429852247442614
point 15 -0.8950235442382489961397504030455699956726 -0.4117322191600902523238393757291684055527 -0.1714917927036467582205850733640730981665
edge 1 3
edge 1 4
edge 1 7
edge 2 3
edge 2 4
edge 2 5
edge 2 8
edge 3 5
edge 3 6
edge 4 8
edge 4 10
edge 5 9
edge 5 12
edge 6 7
edge 6 11
edge 7 10
edge 8 12
edge 9 11
edge 9 15
edge 10 13
edge 10 14
edge 11 14
edge 12 13
edge 12 15
edge 13 15
edge 14 15
rot 1 3 3 7 4
rot 2 4 3 4 8 5
rot 3 4 1 2 5 6
rot 4 4 1 10 8 2
rot 5 4 2 12 9 3
rot 6 3 3 11 7
rot 7 3 1 6 10
rot 8 3 2 4 12
rot 9 3 5 15 11
rot 10 4 4 7 14 13
rot 11 3 6 9 14
rot 12 4 5 8 13 15
rot 13 3 10 15 12
rot 14 3 10 11 15
rot 15 4 9 12 13 14
corner 1 3 7 2.3790549508248485834264097563337636245649
corner 1 7 4 1.5250754055357878702839569324718636805824
corner 1 4 3 2.3790549508189500232149200777533784632471
corner 2 3 4 2.3790549508189500232149200777533784632471
corner 2 4 8 1.1895276963998852784508722255921867899433
corner 2 8 5 1.5250749635608658968086222376212537252606
corner 2 5 3 1.1895276963998852784508722255921867899433
corner 3 1 2 1.1895282903031194268369632536962681101881
corner 3 2 5 1.1895276963998852784508722255921867899433
corner 3 5 6 2.7146010301813884208433998037972649714958
corner 3 6 1 1.1895282902951933507940514834732858967672
corner 4 1 10 2.1113337341334343114224929672003697815606
corner 4 10 8 1.7927955863431474602149583200701810867023
corner 4 8 2 1.1895276963998852784508722255921867899433
corner 4 2 1 1.1895282903031194268369632536962681101881
corner 5 2 12 2.1113341134933883748299811679908208905158
corner 5 12 9 1.5250711201327782723548450782096343177533
corner 5 9 3 1.4572523771535345512895882947663637701820
corner 5 3 2 1.1895276963998852784508722255921867899433
corner 6 3 11 2.1113350686355939116514572607678890920324
corner 6 11 7 1.7927952877191439818474197494573530517971
corner 6 7 3 2.3790549508248485834264097563337636245649
corner 7 1 6 1.1895282902951933507940514834732858967672
corner 7 6 10 2.9823232827509588147087423158853500900665
corner 7 10 1 2.1113337341334343114224929672003697815606
corner 8 2 4 1.1895276963998852784508722255921867899433
corner 8 4 12 2.9823234972863128236444333729759980879352
corner 8 12 2 2.1113341134933883748299811679908208905158
corner 9 5 15 2.1113374124163902454209073767106682627038
corner 9 15 11 1.1895291083074281024490804841915088847341
corner 9 11 5 2.9823187864557681290552989056568286209564
corner 10 4 7 1.5250754055357878702839569324718636805824
corner 10 7 14 1.4572464343052061796766769186158693781359
corner 10 14 13 1.1895321485842336439228783211713449770710
corner 10 13 4 2.1113313187543587830417745942999277326050
corner 11 6 9 1.7927983008568725151245229615518681687109
corner 11 9 14 2.3790543420626892821966911415858396836267
corner 11 14 6 2.1113326642600246796040726634212979160567
corner 12 5 8 1.5250749635608658968086222376212537252606
corner 12 8 13 1.4572452348024450562448849266348969904866
corner 12 13 15 1.1895276963998852784508722255921867899433
corner 12 15 5 2.1113374124163902454209073767106682627038
corner 13 10 15 2.3790520794965019695219354120048130886577
corner 13 15 12 1.1895276963998852784508722255921867899433
corner 13 12 10 2.7146055312831992289524791289620058897934
corner 14 10 11 2.7146041193756564049542708703626837950026
corner 14 11 15 1.1895291083074281024490804841915088847341
corner 14 15 10 2.3790520794965019695219354120048130886577
corner 15 9 12 1.5250711201327782723548450782096343177533
corner 15 12 13 1.1895276963998852784508722255921867899433
corner 15 13 14 1.1895321485842336439228783211713449770710
corner 15 14 9 2.3790543420626892821966911415858396836267
face 1 4 1 3 6 7
facecorners 1 2.3790549508248485834264097563337636245649 1.1895282902951933507940514834732858967672 2.3790549508248485834264097563337636245649 1.1895282902951933507940514834732858967672
face 2 4 1 7 10 4
facecorners 2 1.5250754055357878702839569324718636805824 2.1113337341334343114224929672003697815606 1.5250754055357878702839569324718636805824 2.1113337341334343114224929672003697815606
face 3 4 1 4 2 3
facecorners 3 2.3790549508189500232149200777533784632471 1.1895282903031194268369632536962681101881 2.3790549508189500232149200777533784632471 1.1895282903031194268369632536962681101881
face 4 3 2 4 8
facecorners 4 1.1895276963998852784508722255921867899433 1.1895276963998852784508722255921867899433 1.1895276963998852784508722255921867899433
face 5 4 2 8 12 5
facecorners 5 1.5250749635608658968086222376212537252606 2.1113341134933883748299811679908208905158 1.5250749635608658968086222376212537252606 2.1113341134933883748299811679908208905158
face 6 3 2 5 3
facecorners 6 1.1895276963998852784508722255921867899433 1.1895276963998852784508722255921867899433 1.1895276963998852784508722255921867899433
face 7 5 3 5 9 11 6
facecorners 7 2.7146010301813884208433998037972649714958 1.4572523771535345512895882947663637701820 2.9823187864557681290552989056568286209564 1.7927983008568725151245229615518681687109 2.1113350686355939116514572607678890920324
face 8 5 4 10 13 12 8
facecorners 8 1.7927955863431474602149583200701810867023 2.1113313187543587830417745942999277326050 2.7146055312831992289524791289620058897934 1.4572452348024450562448849266348969904866 2.9823234972863128236444333729759980879352
face 9 4 5 12 15 9
facecorners 9 1.5250711201327782723548450782096343177533 2.1113374124163902454209073767106682627038 1.5250711201327782723548450782096343177533 2.1113374124163902454209073767106682627038
face 10 5 6 11 14 10 7
facecorners 10 1.7927952877191439818474197494573530517971 2.1113326642600246796040726634212979160567 2.7146041193756564049542708703626837950026 1.4572464343052061796766769186158693781359 2.9823232827509588147087423158853500900665
face 11 4 9 15 14 11
facecorners 11 1.1895291083074281024490804841915088847341 2.3790543420626892821966911415858396836267 1.1895291083074281024490804841915088847341 2.3790543420626892821966911415858396836267
face 12 4 10 14 15 13
facecorners 12 1.1895321485842336439228783211713449770710 2.3790520794965019695219354120048130886577 1.1895321485842336439228783211713449770710 2.3790520794965019695219354120048130886577
face 13 3 12 13 15
facecorners 13 1.1895276963998852784508722255921867899433 1.1895276963998852784508722255921867899433 1.1895276963998852784508722255921867899433
end
begin config C1-rm4-14
info base C1
info removed 1-6 2-3 2-4 11-15
info rattlers none
info delta 1.000 e-5 rad: d = psi* - delta
info newton residual 1.32 e-74, min non-edge gap 5.052426 e-5
n 15
d 0.9364961543089923367175684691930560782513
point 1 0.8949912942474078167048625524574178917875 0.1715885550091726827972655327464974735073 0.4117620077316677356700077399814470537579
point 2 0.4116845047797021002251847283601267035901 0.8950624069123101323371450996179025757208 0.1714034896279349314522957602239103135114
point 3 0.1714227037998250654371040410916403276193 0.4116506466383385548447393148758155396658 0.8950742995663517361290038701626083021235
point 4 0.8010206918143827679984001998180734378489 0.3818976526302103334984075987919622650752 -0.4609989524941925782467823191537844466826
point 5 -0.4609948937345845337745820769934826585384 0.8009749005612044939464269194750423551194 0.3819985819628231109686899856884175692129
point 6 0.3819894422482501001834233958730025320852 -0.4610324504513845221838097122312558541286 0.8009576428511450797857508105542449807479
point 7 0.7789343404997385979718541275527201093095 -0.6270611356938621582094807392451916236468 0.0074582365584016829695394790556027344305
point 8 0.0075305135984387184458176597378170042183 0.7787531312654788447883193961406580406058 -0.6272853034378819282614364367047262747563
point 9 -0.7788307993132618239110750145959507630560 -0.0075014279109638809288184796132234704550 0.6271892175574786599294015093620380300477
point 10 0.4609570237627268509844742332672354022616 -0.3819926524034916918751004789006615616322 -0.8009995229421513495642163110503018472061
point 11 -0.3819567446559689667670009710689356636121 -0.8009997961380189884487798771980175178019 0.4609863032657987149284917531821755880618
point 12 -0.8009588329721403831905195502649093860800 0.4610475661168089821524678185908861046002 -0.3819687024635311315233757358362620664471
point 13 -0.4117413258115401729703316094336412855838 -0.1714494923018945281047462317494934680012 -0.8950274589130647063540876921377705248942
point 14 -0.1715604763476007177248325448241842538785 -0.8950020939348559216923475178323262652385 -0.4117502335246546908598076302309001300653
point 15 -0.8950519127144302411967270781687347717374 -0.4116637038535852212298918220074479168251 -0.1715082169337307086981833622690309302690
edge 1 2
edge 1 3
edge 1 4
edge 1 7
edge 2 5
edge 2 8
edge 3 5
edge 3 6
edge 4 8
edge 4 10
edge 5 9
edge 5 12
edge 6 7
edge 6 11
edge 7 10
edge 8 12
edge 9 11
edge 9 15
edge 10 13
edge 10 14
edge 11 14
edge 12 13
edge 12 15
edge 13 14
edge 13 15
edge 14 15
rot 1 4 2 3 7 4
rot 2 3 1 8 5
rot 3 3 1 5 6
rot 4 3 1 10 8
rot 5 4 2 12 9 3
rot 6 3 3 11 7
rot 7 3 1 6 10
rot 8 3 2 4 12
rot 9 3 5 15 11
rot 10 4 4 7 14 13
rot 11 3 6 9 14
rot 12 4 5 8 13 15
rot 13 4 10 14 15 12
rot 14 4 10 11 15 13
rot 15 4 9 12 13 14
corner 1 2 3 1.1898065989679008612730517755884762857182
corner 1 3 7 2.3789983259844015683945161408879079195421
corner 1 7 4 1.5247884108273266583899109939520608283755
corner 1 4 2 1.1895919713999573888678078561305607347587
corner 2 1 8 2.3789982634091776151216671286557736137993
corner 2 8 5 1.5253485173876809283595147941175545796721
corner 2 5 1 2.3788385263827279334441048437856775749230
corner 3 1 5 2.3788385263827279334441048437856775749230
corner 3 5 6 2.7147548934783048535507643058681030993512
corner 3 6 1 1.1895918873185536899304176169052250941202
corner 4 1 10 2.1115685172767420439224710977228643577259
corner 4 10 8 1.7926185264936668178811485401803677968692
corner 4 8 1 2.3789982634091776151216671286557736137993
corner 5 2 12 2.1110877596798463119132329874166378455905
corner 5 12 9 1.5251662188929503960192940410870994195481
corner 5 9 3 1.4571247296388889077197079624667922175376
corner 5 3 2 1.1898065989679008612730517755884762857182
corner 6 3 11 2.1111675338786526887417516841190553939951
corner 6 11 7 1.7930194473165322197890189415520424548572
corner 6 7 3 2.3789983259844015683945161408879079195421
corner 7 1 6 1.1895918873185536899304176169052250941202
corner 7 6 10 2.9820249025842907430723980519309163165483
corner 7 10 1 2.1115685172767420439224710977228643577259
corner 8 2 4 1.1895919713999573888678078561305607347587
corner 8 4 12 2.9825055760997827761442459230118071880451
corner 8 12 2 2.1110877596798463119132329874166378455905
corner 9 5 15 2.1112442462549231903190652583339833962007
corner 9 15 11 1.1896293169383082536997650859138239272242
corner 9 11 5 2.9823117439863550329064564223111984449694
corner 10 4 7 1.5247884108273266583899109939520608283755
corner 10 7 14 1.4575403872786263468924377808977519009469
corner 10 14 13 1.1895243092212625305147132453833991791148
corner 10 13 4 2.1113321998523709411282247463257938599572
corner 11 6 9 1.7928448535523323541463024279701363866330
corner 11 9 14 2.3789704698441110198765662347051079906166
corner 11 14 6 2.1113699837831431029024181038837613911447
corner 12 5 8 1.5253485173876809283595147941175545796721
corner 12 8 13 1.4570682343157198277319934687240686134068
corner 12 13 15 1.1895243092212625305147132453833991791148
corner 12 15 5 2.1112442462549231903190652583339833962007
corner 13 10 14 1.1895243092212625305147132453833991791148
corner 13 14 15 1.1895243092212625305147132453833991791148
corner 13 15 12 1.1895243092212625305147132453833991791148
corner 13 12 10 2.7146123795157988853811470304088082310498
corner 14 10 11 2.7145073717987531621960951898783834829404
corner 14 11 15 1.1896293169383082536997650859138239272242
corner 14 15 13 1.1895243092212625305147132453833991791148
corner 14 13 10 1.1895243092212625305147132453833991791148
corner 15 9 12 1.5251662188929503960192940410870994195481
corner 15 12 13 1.1895243092212625305147132453833991791148
corner 15 13 14 1.1895243092212625305147132453833991791148
corner 15 14 9 2.3789704698441110198765662347051079906166
face 1 4 1 2 5 3
facecorners 1 1.1898065989679008612730517755884762857182 2.3788385263827279334441048437856775749230 1.1898065989679008612730517755884762857182 2.3788385263827279334441048437856775749230
face 2 4 1 3 6 7
facecorners 2 2.3789983259844015683945161408879079195421 1.1895918873185536899304176169052250941202 2.3789983259844015683945161408879079195421 1.1895918873185536899304176169052250941202
face 3 4 1 7 10 4
facecorners 3 1.5247884108273266583899109939520608283755 2.1115685172767420439224710977228643577259 1.5247884108273266583899109939520608283755 2.1115685172767420439224710977228643577259
face 4 4 1 4 8 2
facecorners 4 1.1895919713999573888678078561305607347587 2.3789982634091776151216671286557736137993 1.1895919713999573888678078561305607347587 2.3789982634091776151216671286557736137993
face 5 4 2 8 12 5
facecorners 5 1.5253485173876809283595147941175545796721 2.1110877596798463119132329874166378455905 1.5253485173876809283595147941175545796721 2.1110877596798463119132329874166378455905
face 6 5 3 5 9 11 6
facecorners 6 2.7147548934783048535507643058681030993512 1.4571247296388889077197079624667922175376 2.9823117439863550329064564223111984449694 1.7928448535523323541463024279701363866330 2.1111675338786526887417516841190553939951
face 7 5 4 10 13 12 8
facecorners 7 1.7926185264936668178811485401803677968692 2.1113321998523709411282247463257938599572 2.7146123795157988853811470304088082310498 1.4570682343157198277319934687240686134068 2.9825055760997827761442459230118071880451
face 8 4 5 12 15 9
facecorners 8 1.5251662188929503960192940410870994195481 2.1112442462549231903190652583339833962007 1.5251662188929503960192940410870994195481 2.1112442462549231903190652583339833962007
face 9 5 6 11 14 10 7
facecorners 9 1.7930194473165322197890189415520424548572 2.1113699837831431029024181038837613911447 2.7145073717987531621960951898783834829404 1.4575403872786263468924377808977519009469 2.9820249025842907430723980519309163165483
face 10 4 9 15 14 11
facecorners 10 1.1896293169383082536997650859138239272242 2.3789704698441110198765662347051079906166 1.1896293169383082536997650859138239272242 2.3789704698441110198765662347051079906166
face 11 3 10 14 13
facecorners 11 1.1895243092212625305147132453833991791148 1.1895243092212625305147132453833991791148 1.1895243092212625305147132453833991791148
face 12 3 12 13 15
facecorners 12 1.1895243092212625305147132453833991791148 1.1895243092212625305147132453833991791148 1.1895243092212625305147132453833991791148
face 13 3 13 14 15
facecorners 13 1.1895243092212625305147132453833991791148 1.1895243092212625305147132453833991791148 1.1895243092212625305147132453833991791148
end
begin config C1-rm4-15
info base C1
info removed 1-6 2-3 2-4 13-15
info rattlers none
info delta 1.000 e-3 rad: d = psi* - delta
info newton residual 0.e-76, min non-edge gap 6.764676 e-3
n 15
d 0.9355061543089923367175684691930560782513
point 1 0.8933541329079400693300147115103682613777 0.1795246228670318031273338089528075316022 0.4119336147982494422768837731194709896038
point 2 0.4061763997177717778409714263864615506576 0.8981718781419555662124726062986213701359 0.1682498428744021365865708295300495952991
point 3 0.1685356412380008750178202892750159959170 0.4105252877434820838496341215385164525844 0.8961387871058963920376204214604801593326
point 4 0.8015994253377206396567466591517878590085 0.3784773572585877702615079391739457079484 -0.4628101677154374630517443722054961161786
point 5 -0.4638192879464726419048732987682467200850 0.7985844025072468047934214167402548925720 0.3835813084614143727027065302837581250790
point 6 0.3793722877459385000756729729661821600021 -0.4611882472154335434985490129299266642813 0.8021110072307753809016133322680008299681
point 7 0.7835387581051246213371771717019651609957 -0.6212262849228597680782433866428210886571 0.0120381671371043818497836748262270526091
point 8 0.0094931283895138550831321900059065738980 0.7748074989618770656855162628680835091341 -0.6321259526912505083973644004599656250676
point 9 -0.7710009913504159386052958270024875551508 -0.0105662012492982755746365891286093069266 0.6367462812830830931102183538489281061864
point 10 0.4626261284850632991792156986908917018169 -0.3871801811175717375112697590403639998634 -0.7975390727686550465777630255611977633104
point 11 -0.3805491692860453055001368343410185839579 -0.8034797600610880941686166309233308662910 0.4578237706016116610336094536752182179223
point 12 -0.7992184859547704492660035354773355738581 0.4629851285883444290869450640255598579899 -0.3832682903844232247942834297068385685583
point 13 -0.4044092470911063000397646075499542278008 -0.1615913524981992872658619792864301059911 -0.9001896442778084044948149899529733422390
point 14 -0.1821782814299440421916807164673361737919 -0.8901965120060522291570857831354616263451 -0.4175658556293732874575342095719443876823
point 15 -0.8991761636979724892731290554160879791287 -0.4058718237158629277611908796761550840913 -0.1635551569072539773427243877132218163434
edge 1 2
edge 1 3
edge 1 4
edge 1 7
edge 2 5
edge 2 8
edge 3 5
edge 3 6
edge 4 8
edge 4 10
edge 5 9
edge 5 12
edge 6 7
edge 6 11
edge 7 10
edge 8 12
edge 9 11
edge 9 15
edge 10 13
edge 10 14
edge 11 14
edge 11 15
edge 12 13
edge 12 15
edge 13 14
edge 14 15
rot 1 4 2 3 7 4
rot 2 3 1 8 5
rot 3 3 1 5 6
rot 4 3 1 10 8
rot 5 4 2 12 9 3
rot 6 3 3 11 7
rot 7 3 1 6 10
rot 8 3 2 4 12
rot 9 3 5 15 11
rot 10 4 4 7 14 13
rot 11 4 6 9 15 14
rot 12 4 5 8 13 15
rot 13 3 10 14 12
rot 14 4 10 11 15 13
rot 15 4 9 12 14 11
corner 1 2 3 1.1982478153915266605682479470954356924361
corner 1 3 7 2.3698554170427293364599201081284537045040
corner 1 7 4 1.5163505149377311882279798945467038965589
corner 1 4 2 1.1987315598075992916691388167884124748954
corner 2 1 8 2.3712489441417649443125374116431318184275
corner 2 8 5 1.5403258392364922876133145530510468646046
corner 2 5 1 2.3716105238013292449994348018648270853623
corner 3 1 5 2.3716105238013292449994348018648270853623
corner 3 5 6 2.7109797057243830752668823828690831596773
corner 3 6 1 1.2005950776538741566589695818250955233548
corner 4 1 10 2.1176479978751493957084862745538783606154
corner 4 10 8 1.7942883651626721369042630803619955893514
corner 4 8 1 2.3712489441417649443125374116431318184275
corner 5 2 12 2.0970231590879775623910749259154250494162
corner 5 12 9 1.5474484464065087140528633339604770341201
corner 5 9 3 1.4404658862935735399131005595876679924219
corner 5 3 2 1.1982478153915266605682479470954356924361
corner 6 3 11 2.1157672909869398605620516397188061715050
corner 6 11 7 1.7975625991499172799033150187117458923853
corner 6 7 3 2.3698554170427293364599201081284537045040
corner 7 1 6 1.2005950776538741566589695818250955233548
corner 7 6 10 2.9649422316505629245578309101800318844241
corner 7 10 1 2.1176479978751493957084862745538783606154
corner 8 2 4 1.1987315598075992916691388167884124748954
corner 8 4 12 2.9874305882840096228650730238551682440827
corner 8 12 2 2.0970231590879775623910749259154250494162
corner 9 5 15 2.0908509384344313900774476300611995072194
corner 9 15 11 1.1891858638899650821453808135861126411251
corner 9 11 5 3.0031485048551900047024583229116936200499
corner 10 4 7 1.5163505149377311882279798945467038965589
corner 10 7 14 1.4887328363182459404197715045361155310250
corner 10 14 13 1.1891858638899650821453808135861126411251
corner 10 13 4 2.0889160920336442661321545538900736996854
corner 11 6 9 1.7712820143932428119549816687492947626570
corner 11 9 15 1.1891858638899650821453808135861126411251
corner 11 15 14 1.1891858638899650821453808135861126411251
corner 11 14 6 2.1335315650064135006795434706374857234872
corner 12 5 8 1.5403258392364922876133145530510468646046
corner 12 8 13 1.4347695929639510786899159448361081654815
corner 12 13 15 1.2172389365447117205446086386106512310889
corner 12 15 5 2.0908509384344313900774476300611995072194
corner 13 10 14 1.1891858638899650821453808135861126411251
corner 13 14 12 2.3573651329931475985816618054263034520241
corner 13 12 10 2.7366343102964737961982441475465896752451
corner 14 10 11 2.6875746428549445920899165007761292550553
corner 14 11 15 1.1891858638899650821453808135861126411251
corner 14 15 13 1.2172389365447117205446086386106512310889
corner 14 13 10 1.1891858638899650821453808135861126411251
corner 15 9 12 1.5474484464065087140528633339604770341201
corner 15 12 14 2.3573651329931475985816618054263034520241
corner 15 14 11 1.1891858638899650821453808135861126411251
corner 15 11 9 1.1891858638899650821453808135861126411251
face 1 4 1 2 5 3
facecorners 1 1.1982478153915266605682479470954356924361 2.3716105238013292449994348018648270853623 1.1982478153915266605682479470954356924361 2.3716105238013292449994348018648270853623
face 2 4 1 3 6 7
facecorners 2 2.3698554170427293364599201081284537045040 1.2005950776538741566589695818250955233548 2.3698554170427293364599201081284537045040 1.2005950776538741566589695818250955233548
face 3 4 1 7 10 4
facecorners 3 1.5163505149377311882279798945467038965589 2.1176479978751493957084862745538783606154 1.5163505149377311882279798945467038965589 2.1176479978751493957084862745538783606154
face 4 4 1 4 8 2
facecorners 4 1.1987315598075992916691388167884124748954 2.3712489441417649443125374116431318184275 1.1987315598075992916691388167884124748954 2.3712489441417649443125374116431318184275
face 5 4 2 8 12 5
facecorners 5 1.5403258392364922876133145530510468646046 2.0970231590879775623910749259154250494162 1.5403258392364922876133145530510468646046 2.0970231590879775623910749259154250494162
face 6 5 3 5 9 11 6
facecorners 6 2.7109797057243830752668823828690831596773 1.4404658862935735399131005595876679924219 3.0031485048551900047024583229116936200499 1.7712820143932428119549816687492947626570 2.1157672909869398605620516397188061715050
face 7 5 4 10 13 12 8
facecorners 7 1.7942883651626721369042630803619955893514 2.0889160920336442661321545538900736996854 2.7366343102964737961982441475465896752451 1.4347695929639510786899159448361081654815 2.9874305882840096228650730238551682440827
face 8 4 5 12 15 9
facecorners 8 1.5474484464065087140528633339604770341201 2.0908509384344313900774476300611995072194 1.5474484464065087140528633339604770341201 2.0908509384344313900774476300611995072194
face 9 5 6 11 14 10 7
facecorners 9 1.7975625991499172799033150187117458923853 2.1335315650064135006795434706374857234872 2.6875746428549445920899165007761292550553 1.4887328363182459404197715045361155310250 2.9649422316505629245578309101800318844241
face 10 3 9 15 11
facecorners 10 1.1891858638899650821453808135861126411251 1.1891858638899650821453808135861126411251 1.1891858638899650821453808135861126411251
face 11 3 10 14 13
facecorners 11 1.1891858638899650821453808135861126411251 1.1891858638899650821453808135861126411251 1.1891858638899650821453808135861126411251
face 12 3 11 15 14
facecorners 12 1.1891858638899650821453808135861126411251 1.1891858638899650821453808135861126411251 1.1891858638899650821453808135861126411251
face 13 4 12 13 14 15
facecorners 13 1.2172389365447117205446086386106512310889 2.3573651329931475985816618054263034520241 1.2172389365447117205446086386106512310889 2.3573651329931475985816618054263034520241
end
begin config C1-rm4-16
info base C1
info removed 1-6 2-4 11-15 13-14
info rattlers none
info delta 1.000 e-2 rad: d = psi* - delta
info newton residual 3.61 e-68, min non-edge gap 4.461425 e-2
n 15
d 0.9265061543089923367175684691930560782513
point 1 0.9082051590312855500892781073413958332220 0.2153522504402146652082772926532123883406 0.3588687745392351428948631248401033911808
point 2 0.3816523558859740031821193171573659047696 0.9100510812208606184807769192477691864183 0.1617050055360946283477351663162099443819
point 3 0.2135697529605516936956557299113137932507 0.4131286660467772598740809165645792311939 0.8852754745901296632857741649722119718187
point 4 0.7844801029602636917820152982290556153040 0.3423625071319886162892146924640147776907 -0.5170869189698702107091862432372962325255
point 5 -0.4614952373865338854983829856064577461884 0.7776846553449070937522886460271032021426 0.4268825631372401267371268327532986222214
point 6 0.4168858515937557119475015248511797125292 -0.4517871405553825957651313952742869158902 0.7887297169308001030462733094278551502041
point 7 0.8039494974353470396362210648044149067085 -0.5946837820564639613153579347035122725394 -0.0040503002941751876836600321981993469466
point 8 0.0089587490951353879849795275237430073271 0.7696718199992767711411127274747112276048 -0.6383768716938696461088861526328673786302
point 9 -0.8486098681298065255504276712162270247971 -0.0214001420359999248974904821335881480877 0.5285861572473795004106513933519106626512
point 10 0.4269109507929943751648264096733550848257 -0.4274347997198088132340754547233465306966 -0.7968980688152710431025616801140635789446
point 11 -0.3690421983198669472621092507236206106054 -0.7753840880421552837919800604246295354052 0.5124327974186226663352054041035661064089
point 12 -0.7928850772682276585993891987820342923522 0.4960755644044477640988173480864771738388 -0.3538958726040263582781995806303766123054
point 13 -0.3667574537542964586584207682204452528030 -0.0385385616505851754007922429444831782813 -0.9295180199337553133712592064550789426125
point 14 -0.1610139515705759905631697765629945762360 -0.9251584526488095065382317403497218828414 -0.3437387742051930743419230796549077428503
point 15 -0.8752092155045029562471268692767985605437 -0.3911463034988205846817903821722251902970 -0.2846285269525896235495591457262801151204
edge 1 2
edge 1 3
edge 1 4
edge 1 7
edge 2 3
edge 2 5
edge 2 8
edge 3 5
edge 3 6
edge 4 8
edge 4 10
edge 5 9
edge 5 12
edge 6 7
edge 6 11
edge 7 10
edge 8 12
edge 9 11
edge 9 15
edge 10 13
edge 10 14
edge 11 14
edge 12 13
edge 12 15
edge 13 15
edge 14 15
rot 1 4 2 3 7 4
rot 2 4 1 8 5 3
rot 3 4 1 2 5 6
rot 4 3 1 10 8
rot 5 4 2 12 9 3
rot 6 3 3 11 7
rot 7 3 1 6 10
rot 8 3 2 4 12
rot 9 3 5 15 11
rot 10 4 4 7 14 13
rot 11 3 6 9 14
rot 12 4 5 8 13 15
rot 13 3 10 15 12
rot 14 3 10 11 15
rot 15 4 9 12 13 14
corner 1 2 3 1.1861337282615198403527990931851430261456
corner 1 3 7 2.3263536879860242561425800296339013253465
corner 1 7 4 1.4635553663943271702726228426504153965910
corner 1 4 2 1.3071425245377152101572848010895460203112
corner 2 1 8 2.2793213762874933906448133894263913921578
corner 2 8 5 1.6315964743690534055748751907623283239454
corner 2 5 3 1.1861337282615198403527990931851430261456
corner 2 3 1 1.1861337282615198403527990931851430261456
corner 3 1 2 1.1861337282615198403527990931851430261456
corner 3 2 5 1.1861337282615198403527990931851430261456
corner 3 5 6 2.6642989028148324916159153206874854611231
corner 3 6 1 1.2466189478417143046037732595012342549801
corner 4 1 10 2.1521916311122591126072703795950988550266
corner 4 10 8 1.8516722997798339736732029975375155212099
corner 4 8 1 2.2793213762874933906448133894263913921578
corner 5 2 12 2.0053709808385658056601480163641801764363
corner 5 12 9 1.3908462569412575922956995862311887730026
corner 5 9 3 1.7008343411382432386166400707784937928099
corner 5 3 2 1.1861337282615198403527990931851430261456
corner 6 3 11 2.0704292192298134536998132899392151706855
corner 6 11 7 1.8864023999637487670828934469858892723623
corner 6 7 3 2.3263536879860242561425800296339013253465
corner 7 1 6 1.2466189478417143046037732595012342549801
corner 7 6 10 2.8843747282256130597142431274626726583877
corner 7 10 1 2.1521916311122591126072703795950988550266
corner 8 2 4 1.3071425245377152101572848010895460203112
corner 8 4 12 2.9706718018033054611078539491052795716468
corner 8 12 2 2.0053709808385658056601480163641801764363
corner 9 5 15 2.2123411395895774652118659517596832049430
corner 9 15 11 1.3824838800487687728719527359633400493275
corner 9 11 5 2.6883602875412402388414680788359825141238
corner 10 4 7 1.4635553663943271702726228426504153965910
corner 10 7 14 1.4746530507359325372003326619230834715004
corner 10 14 13 1.4870666238970454952065570757339057507411
corner 10 13 4 1.8579102661522812742457741862516011495619
corner 11 6 9 2.0380735150306091204747315438173189313751
corner 11 9 14 2.2191386980797635490702310114087682185051
corner 11 14 6 2.0259730940692138073803242113329186185142
corner 12 5 8 1.6315964743690534055748751907623283239454
corner 12 8 13 1.2531139649594357657857465308518512133604
corner 12 13 15 1.1861337282615198403527990931851430261456
corner 12 15 5 2.2123411395895774652118659517596832049430
corner 13 10 15 2.1323256906439025134004545475025722432184
corner 13 15 12 1.1861337282615198403527990931851430261456
corner 13 12 10 2.9647258882741641231720331258712904990304
corner 14 10 11 2.7683757364869151906528794830930934758485
corner 14 11 15 1.3824838800487687728719527359633400493275
corner 14 15 10 2.1323256906439025134004545475025722432184
corner 15 9 12 1.3908462569412575922956995862311887730026
corner 15 12 13 1.1861337282615198403527990931851430261456
corner 15 13 14 1.4870666238970454952065570757339057507411
corner 15 14 9 2.2191386980797635490702310114087682185051
face 1 3 1 2 3
facecorners 1 1.1861337282615198403527990931851430261456 1.1861337282615198403527990931851430261456 1.1861337282615198403527990931851430261456
face 2 4 1 3 6 7
facecorners 2 2.3263536879860242561425800296339013253465 1.2466189478417143046037732595012342549801 2.3263536879860242561425800296339013253465 1.2466189478417143046037732595012342549801
face 3 4 1 7 10 4
facecorners 3 1.4635553663943271702726228426504153965910 2.1521916311122591126072703795950988550266 1.4635553663943271702726228426504153965910 2.1521916311122591126072703795950988550266
face 4 4 1 4 8 2
facecorners 4 1.3071425245377152101572848010895460203112 2.2793213762874933906448133894263913921578 1.3071425245377152101572848010895460203112 2.2793213762874933906448133894263913921578
face 5 4 2 8 12 5
facecorners 5 1.6315964743690534055748751907623283239454 2.0053709808385658056601480163641801764363 1.6315964743690534055748751907623283239454 2.0053709808385658056601480163641801764363
face 6 3 2 5 3
facecorners 6 1.1861337282615198403527990931851430261456 1.1861337282615198403527990931851430261456 1.1861337282615198403527990931851430261456
face 7 5 3 5 9 11 6
facecorners 7 2.6642989028148324916159153206874854611231 1.7008343411382432386166400707784937928099 2.6883602875412402388414680788359825141238 2.0380735150306091204747315438173189313751 2.0704292192298134536998132899392151706855
face 8 5 4 10 13 12 8
facecorners 8 1.8516722997798339736732029975375155212099 1.8579102661522812742457741862516011495619 2.9647258882741641231720331258712904990304 1.2531139649594357657857465308518512133604 2.9706718018033054611078539491052795716468
face 9 4 5 12 15 9
facecorners 9 1.3908462569412575922956995862311887730026 2.2123411395895774652118659517596832049430 1.3908462569412575922956995862311887730026 2.2123411395895774652118659517596832049430
face 10 5 6 11 14 10 7
facecorners 10 1.8864023999637487670828934469858892723623 2.0259730940692138073803242113329186185142 2.7683757364869151906528794830930934758485 1.4746530507359325372003326619230834715004 2.8843747282256130597142431274626726583877
face 11 4 9 15 14 11
facecorners 11 1.3824838800487687728719527359633400493275 2.2191386980797635490702310114087682185051 1.3824838800487687728719527359633400493275 2.2191386980797635490702310114087682185051
face 12 4 10 14 15 13
facecorners 12 1.4870666238970454952065570757339057507411 2.1323256906439025134004545475025722432184 1.4870666238970454952065570757339057507411 2.1323256906439025134004545475025722432184
face 13 3 12 13 15
facecorners 13 1.1861337282615198403527990931851430261456 1.1861337282615198403527990931851430261456 1.1861337282615198403527990931851430261456
end
begin config C1-rm4-17
info base C1
info removed 1-6 2-4 11-15 13-15
info rattlers none
info delta 1.000 e-7 rad: d = psi* - delta
info newton residual 0.e-76, min non-edge gap 4.635693 e-7
n 15
d 0.9365060543089923367175684691930560782513
point 1 0.8950238825788424504555370572095691326804 0.1714908695007121207779501542384020054664 0.4117318681999052728242601382734724510123
point 2 0.4117314154953880550582135302211675936534 0.8950241829969966592198330140687524965184 0.1714903884907919883047661805360608081890
point 3 0.1714901958635177552367574034269801963953 0.4117319759907589173002511277869270943673 0.8950239620643893354599215419764284595926
point 4 0.8009929704407283480948758504083386922173 0.3819639347583936880107442021523147960026 -0.4609922058434654847635022758578025644043
point 5 -0.4609923390970807981526098669663539443023 0.8009926283556865844102840831628313355794 0.3819644912994544607647806706405886632452
point 6 0.3819642811903988657060317911880502019358 -0.4609918478777661264353490437891979266401 0.8009930112584905954455845849733778197956
point 7 0.7788402838099802954550209608801216541450 -0.6271776719281009690067922643480397792575 0.0074819883478053492815921623710338002294
point 8 0.0074819353792724016095035463037216361473 0.7788398231966247956884003689635441589582 -0.6271782445573432203205198034546109520172
point 9 -0.7788394275764157039605916617857542340132 -0.0074820070461224832584765141117557613414 0.6271787349894788094237400031159509625276
point 10 0.4609920728054743956950440143684162503890 -0.3819648161573456366991759475510294425785 -0.8009926267003943799519331930013825484503
point 11 -0.3819640038174648423896672121749094788011 -0.8009931092936566284993925302565341436969 0.4609919073604350709495079838585498512761
point 12 -0.8009926664044848038162791872803912733431 0.4609922419331228331657143356165719653762 -0.3819645287768314059950697249598170695850
point 13 -0.4117314121529549346238312352577315686965 -0.1714896591793782839888386566700358905675 -0.8950243242734100302245514870602465537870
point 14 -0.1714911561606976393655844527506574072423 -0.8950236476778258270811565786230503173228 -0.4117322594309878933684562615528870359808
point 15 -0.8950242997840878685218708715984097232124 -0.4117313728382921987590929236100272241383 -0.1714898813828338667853273934862729110898
edge 1 2
edge 1 3
edge 1 4
edge 1 7
edge 2 3
edge 2 5
edge 2 8
edge 3 5
edge 3 6
edge 4 8
edge 4 10
edge 5 9
edge 5 12
edge 6 7
edge 6 11
edge 7 10
edge 8 12
edge 9 11
edge 9 15
edge 10 13
edge 10 14
edge 11 14
edge 12 13
edge 12 15
edge 13 14
edge 14 15
rot 1 4 2 3 7 4
rot 2 4 1 8 5 3
rot 3 4 1 2 5 6
rot 4 3 1 10 8
rot 5 4 2 12 9 3
rot 6 3 3 11 7
rot 7 3 1 6 10
rot 8 3 2 4 12
rot 9 3 5 15 11
rot 10 4 4 7 14 13
rot 11 3 6 9 14
rot 12 4 5 8 13 15
rot 13 3 10 14 12
rot 14 4 10 11 15 13
rot 15 3 9 12 14
corner 1 2 3 1.1895276963998852784508722255921867899433
corner 1 3 7 2.3790549313733477822198041290334620204671
corner 1 7 4 1.5250736748944379828483059505023349600415
corner 1 4 2 1.1895290045119154334063044614310219979424
corner 2 1 8 2.3790544193069972110813952446724445736084
corner 2 8 5 1.5250754950728187089421470707021876148993
corner 2 5 3 1.1895276963998852784508722255921867899433
corner 2 3 1 1.1895276963998852784508722255921867899433
corner 3 1 2 1.1895276963998852784508722255921867899433
corner 3 2 5 1.1895276963998852784508722255921867899433
corner 3 5 6 2.7146015979470452266878402174816680605426
corner 3 6 1 1.1895283164327706933357020978929641279651
corner 4 1 10 2.1113352195928841378124744776094845405156
corner 4 10 8 1.7927956682797051280314170442770766542703
corner 4 8 1 2.3790544193069972110813952446724445736084
corner 5 2 12 2.1113336572811821716062234512093871306342
corner 5 12 9 1.5250763134120947015657056862399748102520
corner 5 9 3 1.4572476400864243253024854035174570375648
corner 5 3 2 1.1895276963998852784508722255921867899433
corner 6 3 11 2.1113352193408546383886906760787130282794
corner 6 11 7 1.7927951564653840563167919614468307196479
corner 6 7 3 2.3790549313733477822198041290334620204671
corner 7 1 6 1.1895283164327706933357020978929641279651
corner 7 6 10 2.9823217711539316457771101910565570999136
corner 7 10 1 2.1113352195928841378124744776094845405156
corner 8 2 4 1.1895290045119154334063044614310219979424
corner 8 4 12 2.9823226453864888719127588539185966398177
corner 8 12 2 2.1113336572811821716062234512093871306342
corner 9 5 15 2.1113329548764990400155329167266256429012
corner 9 15 11 1.1895283164351621819903845963785024891432
corner 9 11 5 2.9823240358679252549193692534538776363499
corner 10 4 7 1.5250736748944379828483059505023349600415
corner 10 7 14 1.4572508012574140632181444351036599175296
corner 10 14 13 1.1895276963998852784508722255921867899433
corner 10 13 4 2.1113331346278491524079641553608241008799
corner 11 6 9 1.7927937198696319672603630548135845740623
corner 11 9 14 2.3790549313715680440633979550250331107446
corner 11 14 6 2.1113366559383864656015257567203880835875
corner 12 5 8 1.5250754950728187089421470707021876148993
corner 12 8 13 1.4572473731261838492483583220428434449407
corner 12 13 15 1.1895294841040848787192484570873490656531
corner 12 15 5 2.1113329548764990400155329167266256429012
corner 13 10 14 1.1895276963998852784508722255921867899433
corner 13 14 12 2.3790540623959237312961831252939978473977
corner 13 12 10 2.7146035483837774671782314156728211310533
corner 14 10 11 2.7145998102404541377647814875009674236547
corner 14 11 15 1.1895283164351621819903845963785024891432
corner 14 15 13 1.1895294841040848787192484570873490656531
corner 14 13 10 1.1895276963998852784508722255921867899433
corner 15 9 12 1.5250763134120947015657056862399748102520
corner 15 12 14 2.3790540623959237312961831252939978473977
corner 15 14 9 2.3790549313715680440633979550250331107446
face 1 3 1 2 3
facecorners 1 1.1895276963998852784508722255921867899433 1.1895276963998852784508722255921867899433 1.1895276963998852784508722255921867899433
face 2 4 1 3 6 7
facecorners 2 2.3790549313733477822198041290334620204671 1.1895283164327706933357020978929641279651 2.3790549313733477822198041290334620204671 1.1895283164327706933357020978929641279651
face 3 4 1 7 10 4
facecorners 3 1.5250736748944379828483059505023349600415 2.1113352195928841378124744776094845405156 1.5250736748944379828483059505023349600415 2.1113352195928841378124744776094845405156
face 4 4 1 4 8 2
facecorners 4 1.1895290045119154334063044614310219979424 2.3790544193069972110813952446724445736084 1.1895290045119154334063044614310219979424 2.3790544193069972110813952446724445736084
face 5 4 2 8 12 5
facecorners 5 1.5250754950728187089421470707021876148993 2.1113336572811821716062234512093871306342 1.5250754950728187089421470707021876148993 2.1113336572811821716062234512093871306342
face 6 3 2 5 3
facecorners 6 1.1895276963998852784508722255921867899433 1.1895276963998852784508722255921867899433 1.1895276963998852784508722255921867899433
face 7 5 3 5 9 11 6
facecorners 7 2.7146015979470452266878402174816680605426 1.4572476400864243253024854035174570375648 2.9823240358679252549193692534538776363499 1.7927937198696319672603630548135845740623 2.1113352193408546383886906760787130282794
face 8 5 4 10 13 12 8
facecorners 8 1.7927956682797051280314170442770766542703 2.1113331346278491524079641553608241008799 2.7146035483837774671782314156728211310533 1.4572473731261838492483583220428434449407 2.9823226453864888719127588539185966398177
face 9 4 5 12 15 9
facecorners 9 1.5250763134120947015657056862399748102520 2.1113329548764990400155329167266256429012 1.5250763134120947015657056862399748102520 2.1113329548764990400155329167266256429012
face 10 5 6 11 14 10 7
facecorners 10 1.7927951564653840563167919614468307196479 2.1113366559383864656015257567203880835875 2.7145998102404541377647814875009674236547 1.4572508012574140632181444351036599175296 2.9823217711539316457771101910565570999136
face 11 4 9 15 14 11
facecorners 11 1.1895283164351621819903845963785024891432 2.3790549313715680440633979550250331107446 1.1895283164351621819903845963785024891432 2.3790549313715680440633979550250331107446
face 12 3 10 14 13
facecorners 12 1.1895276963998852784508722255921867899433 1.1895276963998852784508722255921867899433 1.1895276963998852784508722255921867899433
face 13 4 12 13 14 15
facecorners 13 1.1895294841040848787192484570873490656531 2.3790540623959237312961831252939978473977 1.1895294841040848787192484570873490656531 2.3790540623959237312961831252939978473977
end
begin config C1-rattler-18
info base C1
info removed 1-7 6-7 7-10
info rattlers 7
info delta 0.e-19 rad: d = psi* - delta
info newton residual 0.e-76, min non-edge gap 0.e-77
n 15
d 0.9365061543089923367175684691930560782513
point 1 0.8950239687385675817752053027300069363982 0.1714903098093749755411220556254286252362 0.4117319140228847855850930801629745052897
point 2 0.4117319140228847855850930801629745052897 0.8950239687385675817752053027300069363982 0.1714903098093749755411220556254286252362
point 3 0.1714903098093749755411220556254286252361 0.4117319140228847855850930801629745052897 0.8950239687385675817752053027300069363982
point 4 0.8009928994820256966989893094450395527570 0.3819643241495056538159414100761232449542 -0.4609920064994498908133393714792726773162
point 5 -0.4609920064994498908133393714792726773162 0.8009928994820256966989893094450395527570 0.3819643241495056538159414100761232449542
point 6 0.3819643241495056538159414100761232449542 -0.4609920064994498908133393714792726773162 0.8009928994820256966989893094450395527570
point 7 0.7788399620322553112220048616995050840131 -0.6271780756254064502195746100187979488791 0.0074816439642001671733910575444910472665
point 8 0.0074816439642001671733910575444910472665 0.7788399620322553112220048616995050840131 -0.6271780756254064502195746100187979488791
point 9 -0.7788399620322553112220048616995050840131 -0.0074816439642001671733910575444910472665 0.6271780756254064502195746100187979488791
point 10 0.4609920064994498908133393714792726773162 -0.3819643241495056538159414100761232449542 -0.8009928994820256966989893094450395527570
point 11 -0.3819643241495056538159414100761232449542 -0.8009928994820256966989893094450395527570 0.4609920064994498908133393714792726773162
point 12 -0.8009928994820256966989893094450395527570 0.4609920064994498908133393714792726773162 -0.3819643241495056538159414100761232449542
point 13 -0.4117319140228847855850930801629745052897 -0.1714903098093749755411220556254286252362 -0.8950239687385675817752053027300069363982
point 14 -0.1714903098093749755411220556254286252361 -0.8950239687385675817752053027300069363982 -0.4117319140228847855850930801629745052897
point 15 -0.8950239687385675817752053027300069363982 -0.4117319140228847855850930801629745052897 -0.1714903098093749755411220556254286252362
edge 1 2
edge 1 3
edge 1 4
edge 1 6
edge 2 3
edge 2 4
edge 2 5
edge 2 8
edge 3 5
edge 3 6
edge 4 8
edge 4 10
edge 5 9
edge 5 12
edge 6 11
edge 8 12
edge 9 11
edge 9 15
edge 10 13
edge 10 14
edge 11 14
edge 11 15
edge 12 13
edge 12 15
edge 13 14
edge 13 15
edge 14 15
rattler 7
rot 1 4 2 3 6 4
rot 2 5 1 4 8 5 3
rot 3 4 1 2 5 6
rot 4 4 1 10 8 2
rot 5 4 2 12 9 3
rot 6 3 1 3 11
rot 8 3 2 4 12
rot 9 3 5 15 11
rot 10 3 4 14 13
rot 11 4 6 9 15 14
rot 12 4 5 8 13 15
rot 13 4 10 14 15 12
rot 14 4 10 11 15 13
rot 15 5 9 12 13 14 11
corner 1 2 3 1.1895277306140861987233456459639027998854
corner 1 3 6 1.1895277306140861987233456459639027998854
corner 1 6 4 2.7146021153373278807552498286672973687381
corner 1 4 2 1.1895277306140861987233456459639027998854
corner 2 1 4 1.1895277306140861987233456459639027998854
corner 2 4 8 1.1895277306140861987233456459639027998854
corner 2 8 5 1.5250743847232416820319041827033945688527
corner 2 5 3 1.1895277306140861987233456459639027998854
corner 2 3 1 1.1895277306140861987233456459639027998854
corner 3 1 2 1.1895277306140861987233456459639027998854
corner 3 2 5 1.1895277306140861987233456459639027998854
corner 3 5 6 2.7146021153373278807552498286672973687381
corner 3 6 1 1.1895277306140861987233456459639027998854
corner 4 1 10 2.1113347268718540913921864503684149221215
corner 4 10 8 1.7927951190795599880864090242627852465021
corner 4 8 2 1.1895277306140861987233456459639027998854
corner 4 2 1 1.1895277306140861987233456459639027998854
corner 5 2 12 2.1113347268718540913921864503684149221215
corner 5 12 9 1.5250743847232416820319041827033945688527
corner 5 9 3 1.4572484649704045047778504875232934775347
corner 5 3 2 1.1895277306140861987233456459639027998854
corner 6 1 3 1.1895277306140861987233456459639027998854
corner 6 3 11 2.1113347268718540913921864503684149221215
corner 6 11 1 2.9823228496936461868097546702266880463874
corner 8 2 4 1.1895277306140861987233456459639027998854
corner 8 4 12 2.9823228496936461868097546702266880463874
corner 8 12 2 2.1113347268718540913921864503684149221215
corner 9 5 15 2.1113347268718540913921864503684149221215
corner 9 15 11 1.1895277306140861987233456459639027998854
corner 9 11 5 2.9823228496936461868097546702266880463874
corner 10 4 14 2.9823228496936461868097546702266880463874
corner 10 14 13 1.1895277306140861987233456459639027998854
corner 10 13 4 2.1113347268718540913921864503684149221215
corner 11 6 9 1.7927951190795599880864090242627852465021
corner 11 9 15 1.1895277306140861987233456459639027998854
corner 11 15 14 1.1895277306140861987233456459639027998854
corner 11 14 6 2.1113347268718540913921864503684149221215
corner 12 5 8 1.5250743847232416820319041827033945688527
corner 12 8 13 1.4572484649704045047778504875232934775347
corner 12 13 15 1.1895277306140861987233456459639027998854
corner 12 15 5 2.1113347268718540913921864503684149221215
corner 13 10 14 1.1895277306140861987233456459639027998854
corner 13 14 15 1.1895277306140861987233456459639027998854
corner 13 15 12 1.1895277306140861987233456459639027998854
corner 13 12 10 2.7146021153373278807552498286672973687381
corner 14 10 11 2.7146021153373278807552498286672973687381
corner 14 11 15 1.1895277306140861987233456459639027998854
corner 14 15 13 1.1895277306140861987233456459639027998854
corner 14 13 10 1.1895277306140861987233456459639027998854
corner 15 9 12 1.5250743847232416820319041827033945688527
corner 15 12 13 1.1895277306140861987233456459639027998854
corner 15 13 14 1.1895277306140861987233456459639027998854
corner 15 14 11 1.1895277306140861987233456459639027998854
corner 15 11 9 1.1895277306140861987233456459639027998854
face 1 3 1 2 3
facecorners 1 1.1895277306140861987233456459639027998854 1.1895277306140861987233456459639027998854 1.1895277306140861987233456459639027998854
face 2 3 1 3 6
facecorners 2 1.1895277306140861987233456459639027998854 1.1895277306140861987233456459639027998854 1.1895277306140861987233456459639027998854
face 3 6 1 6 11 14 10 4
facecorners 3 2.7146021153373278807552498286672973687381 2.9823228496936461868097546702266880463874 2.1113347268718540913921864503684149221215 2.7146021153373278807552498286672973687381 2.9823228496936461868097546702266880463874 2.1113347268718540913921864503684149221215
face 4 3 1 4 2
facecorners 4 1.1895277306140861987233456459639027998854 1.1895277306140861987233456459639027998854 1.1895277306140861987233456459639027998854
face 5 3 2 4 8
facecorners 5 1.1895277306140861987233456459639027998854 1.1895277306140861987233456459639027998854 1.1895277306140861987233456459639027998854
face 6 4 2 8 12 5
facecorners 6 1.5250743847232416820319041827033945688527 2.1113347268718540913921864503684149221215 1.5250743847232416820319041827033945688527 2.1113347268718540913921864503684149221215
face 7 3 2 5 3
facecorners 7 1.1895277306140861987233456459639027998854 1.1895277306140861987233456459639027998854 1.1895277306140861987233456459639027998854
face 8 5 3 5 9 11 6
facecorners 8 2.7146021153373278807552498286672973687381 1.4572484649704045047778504875232934775347 2.9823228496936461868097546702266880463874 1.7927951190795599880864090242627852465021 2.1113347268718540913921864503684149221215
face 9 5 4 10 13 12 8
facecorners 9 1.7927951190795599880864090242627852465021 2.1113347268718540913921864503684149221215 2.7146021153373278807552498286672973687381 1.4572484649704045047778504875232934775347 2.9823228496936461868097546702266880463874
face 10 4 5 12 15 9
facecorners 10 1.5250743847232416820319041827033945688527 2.1113347268718540913921864503684149221215 1.5250743847232416820319041827033945688527 2.1113347268718540913921864503684149221215
face 11 3 9 15 11
facecorners 11 1.1895277306140861987233456459639027998854 1.1895277306140861987233456459639027998854 1.1895277306140861987233456459639027998854
face 12 3 10 14 13
facecorners 12 1.1895277306140861987233456459639027998854 1.1895277306140861987233456459639027998854 1.1895277306140861987233456459639027998854
face 13 3 11 15 14
facecorners 13 1.1895277306140861987233456459639027998854 1.1895277306140861987233456459639027998854 1.1895277306140861987233456459639027998854
face 14 3 12 13 15
facecorners 14 1.1895277306140861987233456459639027998854 1.1895277306140861987233456459639027998854 1.1895277306140861987233456459639027998854
face 15 3 13 14 15
facecorners 15 1.1895277306140861987233456459639027998854 1.1895277306140861987233456459639027998854 1.1895277306140861987233456459639027998854
rattlerface 7 3
end
begin config C1-rattler-19
info base C1
info removed 1-7 6-7 7-10 1-2 11-15
info rattlers 7
info delta 1.000 e-7 rad: d = psi* - delta
info newton residual 0.e-76, min non-edge gap 2.278322 e-7
n 15
d 0.9365060543089923367175684691930560782513
point 1 0.8950243388417140390347702292243467490481 0.1714889892150878676426121850063608910977 0.4117316595295291731302790342991191172925
point 2 0.4117309690859137936601274952393793636008 0.8950246094615730977013013538310701419755 0.1714892345126447176806787253096414221280
point 3 0.1714912913722607588085325279195919094769 0.4117326116025753062770397109877272071638 0.8950234597631490200567794680198607075990
point 4 0.8009929973310462356851169248121110293249 0.3819643507203192138640952873226685306813 -0.4609918144668422817019981906558457204708
point 5 -0.4609923744049397956591206200647329508582 0.8009924700409686361536627791660687395765 0.3819647806777004018389004101845161069745
point 6 0.3819635137364715999545681952609595225305 -0.4609917605206861973535803651804309265331 0.8009934275049493675765817965432603162571
point 7 0.6271782352423873555882385226610161522229 -0.7788398359343296400624974803104033594301 -0.0074813902472144798689811108568075010570
point 8 0.0074816357401486280802722565761666130973 0.7788389851202006456932470190519936047454 -0.6271792888668977786364487691172677887362
point 9 -0.7788400402832710627955432555022514412650 -0.0074822578112365255039260774744715680985 0.6271779711290878065173046728103376881189
point 10 0.4609919584862552647414862622160137750805 -0.3819639500562662013668639539736847577928 -0.8009931055061715583001445087470491784874
point 11 -0.3819642748994652438606532362409315477382 -0.8009932506805453529535982998313349871916 0.4609914370839644749544837215271192266323
point 12 -0.8009928562345359052116053877443769291556 0.4609921751097385281503933669943318911089 -0.3819642113455555986197701574810606862639
point 13 -0.4117318461192951074656415134132422405323 -0.1714898030650245726109814392721527116185 -0.8950240970699706155794249337112231631716
point 14 -0.1714903769168429387497015665187012788601 -0.8950236923805668638506782558758405483633 -0.4117324868192641892630749500519053287625
point 15 -0.8950239571761368655208324493640667842275 -0.4117317730734393280922618230176294100517 -0.1714907085604657000386419866663224229046
edge 1 3
edge 1 4
edge 1 6
edge 2 3
edge 2 4
edge 2 5
edge 2 8
edge 3 5
edge 3 6
edge 4 8
edge 4 10
edge 5 9
edge 5 12
edge 6 11
edge 8 12
edge 9 11
edge 9 15
edge 10 13
edge 10 14
edge 11 14
edge 12 13
edge 12 15
edge 13 14
edge 13 15
edge 14 15
rattler 7
rot 1 3 3 6 4
rot 2 4 3 4 8 5
rot 3 4 1 2 5 6
rot 4 4 1 10 8 2
rot 5 4 2 12 9 3
rot 6 3 1 3 11
rot 8 3 2 4 12
rot 9 3 5 15 11
rot 10 3 4 14 13
rot 11 3 6 9 14
rot 12 4 5 8 13 15
rot 13 4 10 14 15 12
rot 14 4 10 11 15 13
rot 15 4 9 12 13 14
corner 1 3 6 1.1895276963998852784508722255921867899433
corner 1 6 4 2.7146051001783114590626190000838080777787
corner 1 4 3 2.3790525106013897394117955408830109006723
corner 2 3 4 2.3790525106013897394117955408830109006723
corner 2 4 8 1.1895276963998852784508722255921867899433
corner 2 8 5 1.5250774037784261806117467744916212878354
corner 2 5 3 1.1895276963998852784508722255921867899433
corner 3 1 2 1.1895315692961719144818928046007381014773
corner 3 2 5 1.1895276963998852784508722255921867899433
corner 3 5 6 2.7145983450836440055416495107738940870304
corner 3 6 1 1.1895276963998852784508722255921867899433
corner 4 1 10 2.1113335213738898026206250463735373720954
corner 4 10 8 1.7927925201096394813718966899925435048784
corner 4 8 2 1.1895276963998852784508722255921867899433
corner 4 2 1 1.1895315692961719144818928046007381014773
corner 5 2 12 2.1113320189825695799030960466478490010248
corner 5 12 9 1.5250747483591077989089946806901083620993
corner 5 9 3 1.4572508434380238196623238136288616153269
corner 5 3 2 1.1895276963998852784508722255921867899433
corner 6 1 3 1.1895276963998852784508722255921867899433
corner 6 3 11 2.1113382477111075876281634894265539203198
corner 6 11 1 2.9823193630685936108462510515402650581313
corner 8 2 4 1.1895276963998852784508722255921867899433
corner 8 4 12 2.9823255917971316185713184943189699774262
corner 8 12 2 2.1113320189825695799030960466478490010248
corner 9 5 15 2.1113342982072995406369989193775336480610
corner 9 15 11 1.1895280011299091262897665024563012849581
corner 9 11 5 2.9823230078423778099985213447251708353753
corner 10 4 14 2.9823227864720890766859111866589069137204
corner 10 14 13 1.1895276963998852784508722255921867899433
corner 10 13 4 2.1113348243076121217885033543079120647306
corner 11 6 9 1.7927935178576880673863582252837291259731
corner 11 9 14 2.3790551660207081211145476346845238264084
corner 11 14 6 2.1113366233011902884243809065907528160128
corner 12 5 8 1.5250774037784261806117467744916212878354
corner 12 8 13 1.4572459087939754772256688470976640425547
corner 12 13 15 1.1895276963998852784508722255921867899433
corner 12 15 5 2.1113342982072995406369989193775336480610
corner 13 10 14 1.1895276963998852784508722255921867899433
corner 13 14 15 1.1895276963998852784508722255921867899433
corner 13 15 12 1.1895276963998852784508722255921867899433
corner 13 12 10 2.7146022179799306415726700897824453985644
corner 14 10 11 2.7146019132499067937337758129183309035496
corner 14 11 15 1.1895280011299091262897665024563012849581
corner 14 15 13 1.1895276963998852784508722255921867899433
corner 14 13 10 1.1895276963998852784508722255921867899433
corner 15 9 12 1.5250747483591077989089946806901083620993
corner 15 12 13 1.1895276963998852784508722255921867899433
corner 15 13 14 1.1895276963998852784508722255921867899433
corner 15 14 9 2.3790551660207081211145476346845238264084
face 1 3 1 3 6
facecorners 1 1.1895276963998852784508722255921867899433 1.1895276963998852784508722255921867899433 1.1895276963998852784508722255921867899433
face 2 6 1 6 11 14 10 4
facecorners 2 2.7146051001783114590626190000838080777787 2.9823193630685936108462510515402650581313 2.1113366233011902884243809065907528160128 2.7146019132499067937337758129183309035496 2.9823227864720890766859111866589069137204 2.1113335213738898026206250463735373720954
face 3 4 1 4 2 3
facecorners 3 2.3790525106013897394117955408830109006723 1.1895315692961719144818928046007381014773 2.3790525106013897394117955408830109006723 1.1895315692961719144818928046007381014773
face 4 3 2 4 8
facecorners 4 1.1895276963998852784508722255921867899433 1.1895276963998852784508722255921867899433 1.1895276963998852784508722255921867899433
face 5 4 2 8 12 5
facecorners 5 1.5250774037784261806117467744916212878354 2.1113320189825695799030960466478490010248 1.5250774037784261806117467744916212878354 2.1113320189825695799030960466478490010248
face 6 3 2 5 3
facecorners 6 1.1895276963998852784508722255921867899433 1.1895276963998852784508722255921867899433 1.1895276963998852784508722255921867899433
face 7 5 3 5 9 11 6
facecorners 7 2.7145983450836440055416495107738940870304 1.4572508434380238196623238136288616153269 2.9823230078423778099985213447251708353753 1.7927935178576880673863582252837291259731 2.1113382477111075876281634894265539203198
face 8 5 4 10 13 12 8
facecorners 8 1.7927925201096394813718966899925435048784 2.1113348243076121217885033543079120647306 2.7146022179799306415726700897824453985644 1.4572459087939754772256688470976640425547 2.9823255917971316185713184943189699774262
face 9 4 5 12 15 9
facecorners 9 1.5250747483591077989089946806901083620993 2.1113342982072995406369989193775336480610 1.5250747483591077989089946806901083620993 2.1113342982072995406369989193775336480610
face 10 4 9 15 14 11
facecorners 10 1.1895280011299091262897665024563012849581 2.3790551660207081211145476346845238264084 1.1895280011299091262897665024563012849581 2.3790551660207081211145476346845238264084
face 11 3 10 14 13
facecorners 11 1.1895276963998852784508722255921867899433 1.1895276963998852784508722255921867899433 1.1895276963998852784508722255921867899433
face 12 3 12 13 15
facecorners 12 1.1895276963998852784508722255921867899433 1.1895276963998852784508722255921867899433 1.1895276963998852784508722255921867899433
face 13 3 13 14 15
facecorners 13 1.1895276963998852784508722255921867899433 1.1895276963998852784508722255921867899433 1.1895276963998852784508722255921867899433
rattlerface 7 2
end
begin config C1-rattler-20
info base C1
info removed 1-7 6-7 7-10 1-2 13-15
info rattlers 7
info delta 1.000 e-5 rad: d = psi* - delta
info newton residual 0.e-76, min non-edge gap 6.547534 e-5
n 15
d 0.9364961543089923367175684691930560782513
point 1 0.8950597674287159891403254257720531609324 0.1713564223124669108127360062682391863335 0.4117098362472341227945387232718233247139
point 2 0.4116260000126047740050380657186195467658 0.8950947110361229159657790534060515298589 0.1713753027387047726104761013382327398312
point 3 0.1715861401350022774106272962037569605063 0.4118099868096990701423359424867134405759 0.8949696817643415782476599462772626277203
point 4 0.8010040049008633567412027520536030146174 0.3819691208392610794366417223309246673507 -0.4609687352283879555230889287819413712406
point 5 -0.4610381761733371898988562281470970956427 0.8009463248488884617000079752854520659594 0.3820062628044489766833501346244768672432
point 6 0.3818754510196905249286840260883769398952 -0.4609615252112369890158235127171742003455 0.8010528148527024985062153748559823736248
point 7 0.6271473392148945308466657533255391432356 -0.7788651351574044763404885255193217964175 -0.0074374829019010274082825995311791826623
point 8 0.0074799010303064132870144334945759482457 0.7787337599866533014639290713196603832218 -0.6273099569890679413572914097594506131738
point 9 -0.7788126657391064728059299099531765668309 -0.0075498219609946188059778820544228232211 0.6272111541360724989548941472458841505939
point 10 0.4610113497561892670890361399794476287678 -0.3819426460210604005176109967414308550980 -0.8009921039226338615584160596796762666971
point 11 -0.3819524218934804175451994885625487405936 -0.8010375184963034461363134064168475403884 0.4609243336720128680785619678836661108076
point 12 -0.8009891091852942833494450278588657153091 0.4610025823839581625618747189202898210496 -0.3819595083276113187149434756656437511251
point 13 -0.4116835444656410088474623928891453521291 -0.1714042234245557768551334742431761280446 -0.8950627080872219798610885425231187690688
point 14 -0.1715245511788367484224624680518642956139 -0.8949810626421066357805909162145960811053 -0.4118109103155284434898916427354711271922
point 15 -0.8950343047316580043845682619164830650229 -0.4117109033167076320555044217319951095048 -0.1714868083662943986581530675411633902291
edge 1 3
edge 1 4
edge 1 6
edge 2 3
edge 2 4
edge 2 5
edge 2 8
edge 3 5
edge 3 6
edge 4 8
edge 4 10
edge 5 9
edge 5 12
edge 6 11
edge 8 12
edge 9 11
edge 9 15
edge 10 13
edge 10 14
edge 11 14
edge 11 15
edge 12 13
edge 12 15
edge 13 14
edge 14 15
rattler 7
rot 1 3 3 6 4
rot 2 4 3 4 8 5
rot 3 4 1 2 5 6
rot 4 4 1 10 8 2
rot 5 4 2 12 9 3
rot 6 3 1 3 11
rot 8 3 2 4 12
rot 9 3 5 15 11
rot 10 3 4 14 13
rot 11 4 6 9 15 14
rot 12 4 5 8 13 15
rot 13 3 10 14 12
rot 14 4 10 11 15 13
rot 15 4 9 12 14 11
corner 1 3 6 1.1895243092212625305147132453833991791148
corner 1 6 4 2.7149175643341163543888688557575619093728
corner 1 4 3 2.3787434336242075920217046654180446799067
corner 2 3 4 2.3787434336242075920217046654180446799067
corner 2 4 8 1.1895243092212625305147132453833991791148
corner 2 8 5 1.5253932551128538238741556103741627302580
corner 2 5 3 1.1895243092212625305147132453833991791148
corner 3 1 2 1.1899343602423882406568075862706334057787
corner 3 2 5 1.1895243092212625305147132453833991791148
corner 3 5 6 2.7142023284946731752390526895215740043859
corner 3 6 1 1.1895243092212625305147132453833991791148
corner 4 1 10 2.1111689580553023561171607382776541355184
corner 4 10 8 1.7925576796606333496366051966273190479824
corner 4 8 2 1.1895243092212625305147132453833991791148
corner 4 2 1 1.1899343602423882406568075862706334057787
corner 5 2 12 2.1110493543903655380443955337628968177088
corner 5 12 9 1.5251901792412644163117990185357152300313
corner 5 9 3 1.4574214643266939920543789688769945415394
corner 5 3 2 1.1895243092212625305147132453833991791148
corner 6 1 3 1.1895243092212625305147132453833991791148
corner 6 3 11 2.1117221867044224461944924338391563138310
corner 6 11 1 2.9819388112539015002160810873364502754485
corner 8 2 4 1.1895243092212625305147132453833991791148
corner 8 4 12 2.9826116435679584083661779874127097715707
corner 8 12 2 2.1110493543903655380443955337628968177088
corner 9 5 15 2.1112236792529231691966548171613261347275
corner 9 15 11 1.1895243092212625305147132453833991791148
corner 9 11 5 2.9824373187054007772139187040142804545520
corner 10 4 14 2.9824139919331569146988676918069161814301
corner 10 14 13 1.1895243092212625305147132453833991791148
corner 10 13 4 2.1112470060251670317117058293686904078494
corner 11 6 9 1.7925371537616610866908494025464057794558
corner 11 9 15 1.1895243092212625305147132453833991791148
corner 11 15 14 1.1895243092212625305147132453833991791148
corner 11 14 6 2.1115995349754003292050108732458016307088
corner 12 5 8 1.5253932551128538238741556103741627302580
corner 12 8 13 1.4569068613607223754856175744471908459256
corner 12 13 15 1.1896615114530871083688587645763260574833
corner 12 15 5 2.1112236792529231691966548171613261347275
corner 13 10 14 1.1895243092212625305147132453833991791148
corner 13 14 12 2.3789465094957969995840612572564921801333
corner 13 12 10 2.7147144884625269468265122639191144091462
corner 14 10 11 2.7144751772839743075270015112158813526814
corner 14 11 15 1.1895243092212625305147132453833991791148
corner 14 15 13 1.1896615114530871083688587645763260574833
corner 14 13 10 1.1895243092212625305147132453833991791148
corner 15 9 12 1.5251901792412644163117990185357152300313
corner 15 12 14 2.3789465094957969995840612572564921801333
corner 15 14 11 1.1895243092212625305147132453833991791148
corner 15 11 9 1.1895243092212625305147132453833991791148
face 1 3 1 3 6
facecorners 1 1.1895243092212625305147132453833991791148 1.1895243092212625305147132453833991791148 1.1895243092212625305147132453833991791148
face 2 6 1 6 11 14 10 4
facecorners 2 2.7149175643341163543888688557575619093728 2.9819388112539015002160810873364502754485 2.1115995349754003292050108732458016307088 2.7144751772839743075270015112158813526814 2.9824139919331569146988676918069161814301 2.1111689580553023561171607382776541355184
face 3 4 1 4 2 3
facecorners 3 2.3787434336242075920217046654180446799067 1.1899343602423882406568075862706334057787 2.3787434336242075920217046654180446799067 1.1899343602423882406568075862706334057787
face 4 3 2 4 8
facecorners 4 1.1895243092212625305147132453833991791148 1.1895243092212625305147132453833991791148 1.1895243092212625305147132453833991791148
face 5 4 2 8 12 5
facecorners 5 1.5253932551128538238741556103741627302580 2.1110493543903655380443955337628968177088 1.5253932551128538238741556103741627302580 2.1110493543903655380443955337628968177088
face 6 3 2 5 3
facecorners 6 1.1895243092212625305147132453833991791148 1.1895243092212625305147132453833991791148 1.1895243092212625305147132453833991791148
face 7 5 3 5 9 11 6
facecorners 7 2.7142023284946731752390526895215740043859 1.4574214643266939920543789688769945415394 2.9824373187054007772139187040142804545520 1.7925371537616610866908494025464057794558 2.1117221867044224461944924338391563138310
face 8 5 4 10 13 12 8
facecorners 8 1.7925576796606333496366051966273190479824 2.1112470060251670317117058293686904078494 2.7147144884625269468265122639191144091462 1.4569068613607223754856175744471908459256 2.9826116435679584083661779874127097715707
face 9 4 5 12 15 9
facecorners 9 1.5251901792412644163117990185357152300313 2.1112236792529231691966548171613261347275 1.5251901792412644163117990185357152300313 2.1112236792529231691966548171613261347275
face 10 3 9 15 11
facecorners 10 1.1895243092212625305147132453833991791148 1.1895243092212625305147132453833991791148 1.1895243092212625305147132453833991791148
face 11 3 10 14 13
facecorners 11 1.1895243092212625305147132453833991791148 1.1895243092212625305147132453833991791148 1.1895243092212625305147132453833991791148
face 12 3 11 15 14
facecorners 12 1.1895243092212625305147132453833991791148 1.1895243092212625305147132453833991791148 1.1895243092212625305147132453833991791148
face 13 4 12 13 14 15
facecorners 13 1.1896615114530871083688587645763260574833 2.3789465094957969995840612572564921801333 1.1896615114530871083688587645763260574833 2.3789465094957969995840612572564921801333
rattlerface 7 2
end
begin config C1-rattler-21
info base C1
info removed 1-7 6-7 7-10 1-2 14-15
info rattlers 7
info delta 1.000 e-3 rad: d = psi* - delta
info newton residual 0.e-76, min non-edge gap 7.591296 e-3
n 15
d 0.9355061543089923367175684691930560782513
point 1 0.8956479733237903778194947225935316732362 0.1636362903388970647770504382136360136313 0.4135672525298770109264566309933035483981
point 2 0.4060235974174698720014317818878361100340 0.8984157735188698065706611318386016577767 0.1673138853552423684947368450579600444769
point 3 0.1744224459581386408282238129498369084757 0.4154225276556847476131939461521008081036 0.8927490878528759641411533060814446621487
point 4 0.8034171125129300856876026324858043358880 0.3824104622778390859965175683234452241849 -0.4563805228773849075581707053004044221812
point 5 -0.4636912868347733873218728646707434711642 0.7986125985411835625316523331015594587923 0.3836773487773421923486939296998634614212
point 6 0.3746419470833989045298086455290297026380 -0.4594743976602612466575156287847424673445 0.8053115480236824775262312952942796232748
point 7 0.7692644668136258268512643095429645789319 -0.6388935970905470181615624385852707884389 0.0068667091572120363827940671794882725815
point 8 0.0105093337479573966676353106918906190104 0.7737247215506901129311676558523490402396 -0.6334347710423553110115479016360643351148
point 9 -0.7737247215506901129311676558523490402396 -0.0105093337479573966676353106918906190104 0.6334347710423553110115479016360643351148
point 10 0.4594743976602612466575156287847424673445 -0.3746419470833989045298086455290297026380 -0.8053115480236824775262312952942796232748
point 11 -0.3824104622778390859965175683234452241849 -0.8034171125129300856876026324858043358880 0.4563805228773849075581707053004044221812
point 12 -0.7986125985411835625316523331015594587923 0.4636912868347733873218728646707434711642 -0.3836773487773421923486939296998634614212
point 13 -0.4154225276556847476131939461521008081036 -0.1744224459581386408282238129498369084757 -0.8927490878528759641411533060814446621487
point 14 -0.1636362903388970647770504382136360136313 -0.8956479733237903778194947225935316732362 -0.4135672525298770109264566309933035483981
point 15 -0.8984157735188698065706611318386016577767 -0.4060235974174698720014317818878361100340 -0.1673138853552423684947368450579600444769
edge 1 3
edge 1 4
edge 1 6
edge 2 3
edge 2 4
edge 2 5
edge 2 8
edge 3 5
edge 3 6
edge 4 8
edge 4 10
edge 5 9
edge 5 12
edge 6 11
edge 8 12
edge 9 11
edge 9 15
edge 10 13
edge 10 14
edge 11 14
edge 11 15
edge 12 13
edge 12 15
edge 13 14
edge 13 15
rattler 7
rot 1 3 3 6 4
rot 2 4 3 4 8 5
rot 3 4 1 2 5 6
rot 4 4 1 10 8 2
rot 5 4 2 12 9 3
rot 6 3 1 3 11
rot 8 3 2 4 12
rot 9 3 5 15 11
rot 10 3 4 14 13
rot 11 4 6 9 15 14
rot 12 4 5 8 13 15
rot 13 4 10 14 15 12
rot 14 3 10 11 13
rot 15 4 9 12 13 11
corner 1 3 6 1.1891858638899650821453808135861126411251
corner 1 6 4 2.7324081909183012963181890846645346492825
corner 1 4 3 2.3615912523713200984617168683083584779868
corner 2 3 4 2.3615912523713200984617168683083584779868
corner 2 4 8 1.1891858638899650821453808135861126411251
corner 2 8 5 1.5432223270283362141728082710784220081574
corner 2 5 3 1.1891858638899650821453808135861126411251
corner 3 1 2 1.2116193242805171240479866488812481160189
corner 3 2 5 1.1891858638899650821453808135861126411251
corner 3 5 6 2.6931942551191391885865384905055323701253
corner 3 6 1 1.1891858638899650821453808135861126411251
corner 4 1 10 2.1141741871149061239232530604995147321717
corner 4 10 8 1.7682059318941981468086662435921302790787
corner 4 8 2 1.1891858638899650821453808135861126411251
corner 4 2 1 1.2116193242805171240479866488812481160189
corner 5 2 12 2.0945156640554841723061676497421456619509
corner 5 12 9 1.5432223270283362141728082710784220081574
corner 5 9 3 1.4562614522058010083009300321523254571610
corner 5 3 2 1.1891858638899650821453808135861126411251
corner 6 1 3 1.1891858638899650821453808135861126411251
corner 6 3 11 2.1326665019007310814784780705093436517364
corner 6 11 1 2.9613329413888903133014278824635494755328
corner 8 2 4 1.1891858638899650821453808135861126411251
corner 8 4 12 2.9994837792341372224737383032307474653183
corner 8 12 2 2.0945156640554841723061676497421456619509
corner 9 5 15 2.0945156640554841723061676497421456619509
corner 9 15 11 1.1891858638899650821453808135861126411251
corner 9 11 5 2.9994837792341372224737383032307474653183
corner 10 4 14 2.9613329413888903133014278824635494755328
corner 10 14 13 1.1891858638899650821453808135861126411251
corner 10 13 4 2.1326665019007310814784780705093436517364
corner 11 6 9 1.7682059318941981468086662435921302790787
corner 11 9 15 1.1891858638899650821453808135861126411251
corner 11 15 14 1.2116193242805171240479866488812481160189
corner 11 14 6 2.1141741871149061239232530604995147321717
corner 12 5 8 1.5432223270283362141728082710784220081574
corner 12 8 13 1.4562614522058010083009300321523254571610
corner 12 13 15 1.1891858638899650821453808135861126411251
corner 12 15 5 2.0945156640554841723061676497421456619509
corner 13 10 14 1.1891858638899650821453808135861126411251
corner 13 14 15 1.2116193242805171240479866488812481160189
corner 13 15 12 1.1891858638899650821453808135861126411251
corner 13 12 10 2.6931942551191391885865384905055323701253
corner 14 10 11 2.7324081909183012963181890846645346492825
corner 14 11 13 2.3615912523713200984617168683083584779868
corner 14 13 10 1.1891858638899650821453808135861126411251
corner 15 9 12 1.5432223270283362141728082710784220081574
corner 15 12 13 1.1891858638899650821453808135861126411251
corner 15 13 11 2.3615912523713200984617168683083584779868
corner 15 11 9 1.1891858638899650821453808135861126411251
face 1 3 1 3 6
facecorners 1 1.1891858638899650821453808135861126411251 1.1891858638899650821453808135861126411251 1.1891858638899650821453808135861126411251
face 2 6 1 6 11 14 10 4
facecorners 2 2.7324081909183012963181890846645346492825 2.9613329413888903133014278824635494755328 2.1141741871149061239232530604995147321717 2.7324081909183012963181890846645346492825 2.9613329413888903133014278824635494755328 2.1141741871149061239232530604995147321717
face 3 4 1 4 2 3
facecorners 3 2.3615912523713200984617168683083584779868 1.2116193242805171240479866488812481160189 2.3615912523713200984617168683083584779868 1.2116193242805171240479866488812481160189
face 4 3 2 4 8
facecorners 4 1.1891858638899650821453808135861126411251 1.1891858638899650821453808135861126411251 1.1891858638899650821453808135861126411251
face 5 4 2 8 12 5
facecorners 5 1.5432223270283362141728082710784220081574 2.0945156640554841723061676497421456619509 1.5432223270283362141728082710784220081574 2.0945156640554841723061676497421456619509
face 6 3 2 5 3
facecorners 6 1.1891858638899650821453808135861126411251 1.1891858638899650821453808135861126411251 1.1891858638899650821453808135861126411251
face 7 5 3 5 9 11 6
facecorners 7 2.6931942551191391885865384905055323701253 1.4562614522058010083009300321523254571610 2.9994837792341372224737383032307474653183 1.7682059318941981468086662435921302790787 2.1326665019007310814784780705093436517364
face 8 5 4 10 13 12 8
facecorners 8 1.7682059318941981468086662435921302790787 2.1326665019007310814784780705093436517364 2.6931942551191391885865384905055323701253 1.4562614522058010083009300321523254571610 2.9994837792341372224737383032307474653183
face 9 4 5 12 15 9
facecorners 9 1.5432223270283362141728082710784220081574 2.0945156640554841723061676497421456619509 1.5432223270283362141728082710784220081574 2.0945156640554841723061676497421456619509
face 10 3 9 15 11
facecorners 10 1.1891858638899650821453808135861126411251 1.1891858638899650821453808135861126411251 1.1891858638899650821453808135861126411251
face 11 3 10 14 13
facecorners 11 1.1891858638899650821453808135861126411251 1.1891858638899650821453808135861126411251 1.1891858638899650821453808135861126411251
face 12 4 11 15 13 14
facecorners 12 1.2116193242805171240479866488812481160189 2.3615912523713200984617168683083584779868 1.2116193242805171240479866488812481160189 2.3615912523713200984617168683083584779868
face 13 3 12 13 15
facecorners 13 1.1891858638899650821453808135861126411251 1.1891858638899650821453808135861126411251 1.1891858638899650821453808135861126411251
rattlerface 7 2
end
begin config C1-rattler-22
info base C1
info removed 1-7 6-7 7-10 2-3 14-15
info rattlers 7
info delta 1.000 e-7 rad: d = psi* - delta
info newton residual 0.e-76, min non-edge gap 6.543665 e-7
n 15
d 0.9365060543089923367175684691930560782513
point 1 0.8950235402119528652525699649017012366815 0.1714906516392022529990064706150226618540 0.4117327031786818971684164108413772361632
point 2 0.4117317042284473216571213200032834855453 0.8950240718590223318371083475284092634727 0.1714902753103918809150570232322387779748
point 3 0.1714894500631536047423398295227486290218 0.4117314312110183462492197625564300669750 0.8950243555736143282938917975213433419829
point 4 0.8009933452307956092341294582883709756633 0.3819642055046569323533616465168999872878 -0.4609913302971929944669821498944155535310
point 5 -0.4609921121176887063910702348228166934037 0.8009928616799172631466178410124872827700 0.3819642759514157185000308070423554042869
point 6 0.3819641073370705848566980300745771306255 -0.4609921994541627818741674762383863921891 0.8009928918215243567520282369552448172523
point 7 0.7788402130945516389928841227710477387696 -0.6271777691125054743644296771635455460950 0.0074812029710580536172807002487663432620
point 8 0.0074823251131856945267643222324222689392 0.7788396897568654322247447869574920343380 -0.6271784056154438369369805071354836220397
point 9 -0.7788389009902993483912290930292713725924 -0.0074816264793754727304072986415684464361 0.6271793934509055571295078008662267670804
point 10 0.4609917021801489639099139963824603682788 -0.3819634361446311706011584865236023429790 -0.8009934980819976089344782356170744349150
point 11 -0.3819643719915679651777661549147143458981 -0.8009930104266189404715778111135968648611 0.4609917740879867490635711606135939168660
point 12 -0.8009924341345275496547571902852415544195 0.4609924678580376425537584026326912048124 -0.3819647431863321546086675009546187305681
point 13 -0.4117326940753693535956692098260920742381 -0.1714912674151829894067090854967625937093 -0.8950234264139528694683631598996768391040
point 14 -0.1714889719054917103540001994238630019341 -0.8950243266079462622633535151026085915915 -0.4117316933329153023585969098094385989553
point 15 -0.8950246756942122156766884617179262406010 -0.4117308558623306487805964276625473255793 -0.1714891606759533729512318713940437711502
edge 1 2
edge 1 3
edge 1 4
edge 1 6
edge 2 4
edge 2 5
edge 2 8
edge 3 5
edge 3 6
edge 4 8
edge 4 10
edge 5 9
edge 5 12
edge 6 11
edge 8 12
edge 9 11
edge 9 15
edge 10 13
edge 10 14
edge 11 14
edge 11 15
edge 12 13
edge 12 15
edge 13 14
edge 13 15
rattler 7
rot 1 4 2 3 6 4
rot 2 4 1 4 8 5
rot 3 3 1 5 6
rot 4 4 1 10 8 2
rot 5 4 2 12 9 3
rot 6 3 1 3 11
rot 8 3 2 4 12
rot 9 3 5 15 11
rot 10 3 4 14 13
rot 11 4 6 9 15 14
rot 12 4 5 8 13 15
rot 13 4 10 14 15 12
rot 14 3 10 11 13
rot 15 4 9 12 13 11
corner 1 2 3 1.1895290658476993567108928575217501181586
corner 1 3 6 1.1895276963998852784508722255921867899433
corner 1 6 4 2.7146008485321165633126494578528820703491
corner 1 4 2 1.1895276963998852784508722255921867899433
corner 2 1 4 1.1895276963998852784508722255921867899433
corner 2 4 8 1.1895276963998852784508722255921867899433
corner 2 8 5 1.5250755407187240141484928925641147958367
corner 2 5 1 2.3790543736610919058750494228105173926710
corner 3 1 5 2.3790543736610919058750494228105173926710
corner 3 5 6 2.7146032371186092925993651181563015857801
corner 3 6 1 1.1895276963998852784508722255921867899433
corner 4 1 10 2.1113373717125881746016145689436903344490
corner 4 10 8 1.7927925426672277454219277464309418540587
corner 4 8 2 1.1895276963998852784508722255921867899433
corner 4 2 1 1.1895276963998852784508722255921867899433
corner 5 2 12 2.1113336181019654597798852361779697300239
corner 5 12 9 1.5250775707428928542651910531490211652301
corner 5 9 3 1.4572450524870288061693176197102647549817
corner 5 3 2 1.1895290658476993567108928575217501181586
corner 6 1 3 1.1895276963998852784508722255921867899433
corner 6 3 11 2.1113338515515953659513400066521337395259
corner 6 11 1 2.9823237592281058325230745343146852389252
corner 8 2 4 1.1895276963998852784508722255921867899433
corner 8 4 12 2.9823239926777357386945293047888492484271
corner 8 12 2 2.1113336181019654597798852361779697300239
corner 9 5 15 2.1113318756719478242757858700838707408245
corner 9 15 11 1.1895276963998852784508722255921867899433
corner 9 11 5 2.9823257351077533741986286708829482376265
corner 10 4 14 2.9823190127486858904345147568994193901547
corner 10 14 13 1.1895276963998852784508722255921867899433
corner 10 13 4 2.1113385980310153080398997840673995882963
corner 11 6 9 1.7927927461746728102372653072090219637170
corner 11 9 15 1.1895276963998852784508722255921867899433
corner 11 15 14 1.1895317936511525969751679915188761747586
corner 11 14 6 2.1113330709538757912619812422389208399755
corner 12 5 8 1.5250755407187240141484928925641147958367
corner 12 8 13 1.4572501943890293600501357783188334417898
corner 12 13 15 1.1895276963998852784508722255921867899433
corner 12 15 5 2.1113318756719478242757858700838707408245
corner 13 10 14 1.1895276963998852784508722255921867899433
corner 13 14 15 1.1895317936511525969751679915188761747586
corner 13 15 12 1.1895276963998852784508722255921867899433
corner 13 12 10 2.7145981207286633230483743238557560137491
corner 14 10 11 2.7146052671427781327160632787412079551734
corner 14 11 13 2.3790523436369230657583512622256110232776
corner 14 13 10 1.1895276963998852784508722255921867899433
corner 15 9 12 1.5250775707428928542651910531490211652301
corner 15 12 13 1.1895276963998852784508722255921867899433
corner 15 13 11 2.3790523436369230657583512622256110232776
corner 15 11 9 1.1895276963998852784508722255921867899433
face 1 4 1 2 5 3
facecorners 1 1.1895290658476993567108928575217501181586 2.3790543736610919058750494228105173926710 1.1895290658476993567108928575217501181586 2.3790543736610919058750494228105173926710
face 2 3 1 3 6
facecorners 2 1.1895276963998852784508722255921867899433 1.1895276963998852784508722255921867899433 1.1895276963998852784508722255921867899433
face 3 6 1 6 11 14 10 4
facecorners 3 2.7146008485321165633126494578528820703491 2.9823237592281058325230745343146852389252 2.1113330709538757912619812422389208399755 2.7146052671427781327160632787412079551734 2.9823190127486858904345147568994193901547 2.1113373717125881746016145689436903344490
face 4 3 1 4 2
facecorners 4 1.1895276963998852784508722255921867899433 1.1895276963998852784508722255921867899433 1.1895276963998852784508722255921867899433
face 5 3 2 4 8
facecorners 5 1.1895276963998852784508722255921867899433 1.1895276963998852784508722255921867899433 1.1895276963998852784508722255921867899433
face 6 4 2 8 12 5
facecorners 6 1.5250755407187240141484928925641147958367 2.1113336181019654597798852361779697300239 1.5250755407187240141484928925641147958367 2.1113336181019654597798852361779697300239
face 7 5 3 5 9 11 6
facecorners 7 2.7146032371186092925993651181563015857801 1.4572450524870288061693176197102647549817 2.9823257351077533741986286708829482376265 1.7927927461746728102372653072090219637170 2.1113338515515953659513400066521337395259
face 8 5 4 10 13 12 8
facecorners 8 1.7927925426672277454219277464309418540587 2.1113385980310153080398997840673995882963 2.7145981207286633230483743238557560137491 1.4572501943890293600501357783188334417898 2.9823239926777357386945293047888492484271
face 9 4 5 12 15 9
facecorners 9 1.5250775707428928542651910531490211652301 2.1113318756719478242757858700838707408245 1.5250775707428928542651910531490211652301 2.1113318756719478242757858700838707408245
face 10 3 9 15 11
facecorners 10 1.1895276963998852784508722255921867899433 1.1895276963998852784508722255921867899433 1.1895276963998852784508722255921867899433
face 11 3 10 14 13
facecorners 11 1.1895276963998852784508722255921867899433 1.1895276963998852784508722255921867899433 1.1895276963998852784508722255921867899433
face 12 4 11 15 13 14
facecorners 12 1.1895317936511525969751679915188761747586 2.3790523436369230657583512622256110232776 1.1895317936511525969751679915188761747586 2.3790523436369230657583512622256110232776
face 13 3 12 13 15
facecorners 13 1.1895276963998852784508722255921867899433 1.1895276963998852784508722255921867899433 1.1895276963998852784508722255921867899433
rattlerface 7 3
end
begin config C1-rattler-23
info base C1
info removed 2-8 4-8 8-12
info rattlers 8
info delta 0.e-19 rad: d = psi* - delta
info newton residual 0.e-76, min non-edge gap 0.e-77
n 15
d 0.9365061543089923367175684691930560782513
point 1 0.8950239687385675817752053027300069363982 0.1714903098093749755411220556254286252362 0.4117319140228847855850930801629745052897
point 2 0.4117319140228847855850930801629745052897 0.8950239687385675817752053027300069363982 0.1714903098093749755411220556254286252362
point 3 0.1714903098093749755411220556254286252361 0.4117319140228847855850930801629745052897 0.8950239687385675817752053027300069363982
point 4 0.8009928994820256966989893094450395527570 0.3819643241495056538159414100761232449542 -0.4609920064994498908133393714792726773162
point 5 -0.4609920064994498908133393714792726773162 0.8009928994820256966989893094450395527570 0.3819643241495056538159414100761232449542
point 6 0.3819643241495056538159414100761232449542 -0.4609920064994498908133393714792726773162 0.8009928994820256966989893094450395527570
point 7 0.7788399620322553112220048616995050840131 -0.6271780756254064502195746100187979488791 0.0074816439642001671733910575444910472665
point 8 0.0074816439642001671733910575444910472665 0.7788399620322553112220048616995050840131 -0.6271780756254064502195746100187979488791
point 9 -0.7788399620322553112220048616995050840131 -0.0074816439642001671733910575444910472665 0.6271780756254064502195746100187979488791
point 10 0.4609920064994498908133393714792726773162 -0.3819643241495056538159414100761232449542 -0.8009928994820256966989893094450395527570
point 11 -0.3819643241495056538159414100761232449542 -0.8009928994820256966989893094450395527570 0.4609920064994498908133393714792726773162
point 12 -0.8009928994820256966989893094450395527570 0.4609920064994498908133393714792726773162 -0.3819643241495056538159414100761232449542
point 13 -0.4117319140228847855850930801629745052897 -0.1714903098093749755411220556254286252362 -0.8950239687385675817752053027300069363982
point 14 -0.1714903098093749755411220556254286252361 -0.8950239687385675817752053027300069363982 -0.4117319140228847855850930801629745052897
point 15 -0.8950239687385675817752053027300069363982 -0.4117319140228847855850930801629745052897 -0.1714903098093749755411220556254286252362
edge 1 2
edge 1 3
edge 1 4
edge 1 6
edge 1 7
edge 2 3
edge 2 4
edge 2 5
edge 3 5
edge 3 6
edge 4 10
edge 5 9
edge 5 12
edge 6 7
edge 6 11
edge 7 10
edge 9 11
edge 9 15
edge 10 13
edge 10 14
edge 11 14
edge 11 15
edge 12 13
edge 12 15
edge 13 14
edge 13 15
edge 14 15
rattler 8
rot 1 5 2 3 6 7 4
rot 2 4 1 4 5 3
rot 3 4 1 2 5 6
rot 4 3 1 10 2
rot 5 4 2 12 9 3
rot 6 4 1 3 11 7
rot 7 3 1 6 10
rot 9 3 5 15 11
rot 10 4 4 7 14 13
rot 11 4 6 9 15 14
rot 12 3 5 13 15
rot 13 4 10 14 15 12
rot 14 4 10 11 15 13
rot 15 5 9 12 13 14 11
corner 1 2 3 1.1895277306140861987233456459639027998854
corner 1 3 6 1.1895277306140861987233456459639027998854
corner 1 6 7 1.1895277306140861987233456459639027998854
corner 1 7 4 1.5250743847232416820319041827033945688527
corner 1 4 2 1.1895277306140861987233456459639027998854
corner 2 1 4 1.1895277306140861987233456459639027998854
corner 2 4 5 2.7146021153373278807552498286672973687381
corner 2 5 3 1.1895277306140861987233456459639027998854
corner 2 3 1 1.1895277306140861987233456459639027998854
corner 3 1 2 1.1895277306140861987233456459639027998854
corner 3 2 5 1.1895277306140861987233456459639027998854
corner 3 5 6 2.7146021153373278807552498286672973687381
corner 3 6 1 1.1895277306140861987233456459639027998854
corner 4 1 10 2.1113347268718540913921864503684149221215
corner 4 10 2 2.9823228496936461868097546702266880463874
corner 4 2 1 1.1895277306140861987233456459639027998854
corner 5 2 12 2.1113347268718540913921864503684149221215
corner 5 12 9 1.5250743847232416820319041827033945688527
corner 5 9 3 1.4572484649704045047778504875232934775347
corner 5 3 2 1.1895277306140861987233456459639027998854
corner 6 1 3 1.1895277306140861987233456459639027998854
corner 6 3 11 2.1113347268718540913921864503684149221215
corner 6 11 7 1.7927951190795599880864090242627852465021
corner 6 7 1 1.1895277306140861987233456459639027998854
corner 7 1 6 1.1895277306140861987233456459639027998854
corner 7 6 10 2.9823228496936461868097546702266880463874
corner 7 10 1 2.1113347268718540913921864503684149221215
corner 9 5 15 2.1113347268718540913921864503684149221215
corner 9 15 11 1.1895277306140861987233456459639027998854
corner 9 11 5 2.9823228496936461868097546702266880463874
corner 10 4 7 1.5250743847232416820319041827033945688527
corner 10 7 14 1.4572484649704045047778504875232934775347
corner 10 14 13 1.1895277306140861987233456459639027998854
corner 10 13 4 2.1113347268718540913921864503684149221215
corner 11 6 9 1.7927951190795599880864090242627852465021
corner 11 9 15 1.1895277306140861987233456459639027998854
corner 11 15 14 1.1895277306140861987233456459639027998854
corner 11 14 6 2.1113347268718540913921864503684149221215
corner 12 5 13 2.9823228496936461868097546702266880463874
corner 12 13 15 1.1895277306140861987233456459639027998854
corner 12 15 5 2.1113347268718540913921864503684149221215
corner 13 10 14 1.1895277306140861987233456459639027998854
corner 13 14 15 1.1895277306140861987233456459639027998854
corner 13 15 12 1.1895277306140861987233456459639027998854
corner 13 12 10 2.7146021153373278807552498286672973687381
corner 14 10 11 2.7146021153373278807552498286672973687381
corner 14 11 15 1.1895277306140861987233456459639027998854
corner 14 15 13 1.1895277306140861987233456459639027998854
corner 14 13 10 1.1895277306140861987233456459639027998854
corner 15 9 12 1.5250743847232416820319041827033945688527
corner 15 12 13 1.1895277306140861987233456459639027998854
corner 15 13 14 1.1895277306140861987233456459639027998854
corner 15 14 11 1.1895277306140861987233456459639027998854
corner 15 11 9 1.1895277306140861987233456459639027998854
face 1 3 1 2 3
facecorners 1 1.1895277306140861987233456459639027998854 1.1895277306140861987233456459639027998854 1.1895277306140861987233456459639027998854
face 2 3 1 3 6
facecorners 2 1.1895277306140861987233456459639027998854 1.1895277306140861987233456459639027998854 1.1895277306140861987233456459639027998854
face 3 3 1 6 7
facecorners 3 1.1895277306140861987233456459639027998854 1.1895277306140861987233456459639027998854 1.1895277306140861987233456459639027998854
face 4 4 1 7 10 4
facecorners 4 1.5250743847232416820319041827033945688527 2.1113347268718540913921864503684149221215 1.5250743847232416820319041827033945688527 2.1113347268718540913921864503684149221215
face 5 3 1 4 2
facecorners 5 1.1895277306140861987233456459639027998854 1.1895277306140861987233456459639027998854 1.1895277306140861987233456459639027998854
face 6 6 2 4 10 13 12 5
facecorners 6 2.7146021153373278807552498286672973687381 2.9823228496936461868097546702266880463874 2.1113347268718540913921864503684149221215 2.7146021153373278807552498286672973687381 2.9823228496936461868097546702266880463874 2.1113347268718540913921864503684149221215
face 7 3 2 5 3
facecorners 7 1.1895277306140861987233456459639027998854 1.1895277306140861987233456459639027998854 1.1895277306140861987233456459639027998854
face 8 5 3 5 9 11 6
facecorners 8 2.7146021153373278807552498286672973687381 1.4572484649704045047778504875232934775347 2.9823228496936461868097546702266880463874 1.7927951190795599880864090242627852465021 2.1113347268718540913921864503684149221215
face 9 4 5 12 15 9
facecorners 9 1.5250743847232416820319041827033945688527 2.1113347268718540913921864503684149221215 1.5250743847232416820319041827033945688527 2.1113347268718540913921864503684149221215
face 10 5 6 11 14 10 7
facecorners 10 1.7927951190795599880864090242627852465021 2.1113347268718540913921864503684149221215 2.7146021153373278807552498286672973687381 1.4572484649704045047778504875232934775347 2.9823228496936461868097546702266880463874
face 11 3 9 15 11
facecorners 11 1.1895277306140861987233456459639027998854 1.1895277306140861987233456459639027998854 1.1895277306140861987233456459639027998854
face 12 3 10 14 13
facecorners 12 1.1895277306140861987233456459639027998854 1.1895277306140861987233456459639027998854 1.1895277306140861987233456459639027998854
face 13 3 11 15 14
facecorners 13 1.1895277306140861987233456459639027998854 1.1895277306140861987233456459639027998854 1.1895277306140861987233456459639027998854
face 14 3 12 13 15
facecorners 14 1.1895277306140861987233456459639027998854 1.1895277306140861987233456459639027998854 1.1895277306140861987233456459639027998854
face 15 3 13 14 15
facecorners 15 1.1895277306140861987233456459639027998854 1.1895277306140861987233456459639027998854 1.1895277306140861987233456459639027998854
rattlerface 8 6
end
begin config C1-rattler-24
info base C1
info removed 2-8 4-8 8-12 1-3 13-14
info rattlers 8
info delta 1.000 e-7 rad: d = psi* - delta
info newton residual 5.48 e-76, min non-edge gap 6.313474 e-7
n 15
d 0.9365060543089923367175684691930560782513
point 1 0.8950243897883241554008465242130060489067 0.1714897527749652573843117747227917891056 0.4117312307528046664971078332461760070057
point 2 0.4117324996543730269021003602538830728613 0.8950236765925913918156771337863274755798 0.1714904284997914605006424476535450899674
point 3 0.1714907228856708305539680648902536473748 0.4117317151220380302307148559478250379852 0.8950239810903476427947374569106597131119
point 4 0.8009927017438981438344757511627309278367 0.3819642451832049915698217118402811916765 -0.4609924155066274990535982813135644002452
point 5 -0.4609913609210918729310815595402665768777 0.8009931605386524803155651537808388829603 0.3819645558509586420431275990647105061492
point 6 0.3819646804520041028946676824239382584867 -0.4609921012811499913345785875073812192523 0.8009926750249270183846622773655959584092
point 7 0.7788395816605055368833390310139483638133 -0.6271785528831527177107843629152625939948 0.0074812326713675479393442078689155210957
point 8 0.0074806654456307299240246691275925340062 0.7788400526117879952315952073633074047200 -0.6271779748142929277337941037021140904877
point 9 -0.7788415706180150120101961143847655566318 -0.0074810711321162978948424033207037520988 0.6271760848852415795658378022523674957097
point 10 0.4609916711858978401312764025174114011088 -0.3819643348649473078988255804299886889601 -0.8009930873536996046284561108439542285696
point 11 -0.3819647029450644161785214040995326012201 -0.8009922115714798331034831109842222535082 0.4609928879125125803034127605154925345303
point 12 -0.8009939399249977173365597932772483995940 0.4609914144043891280202985534325038813041 -0.3819628568969369301198552441156208433045
point 13 -0.4117316613348328355533177190578671161669 -0.1714883968566851926873579902598475430843 -0.8950244515084392731714545856863347659382
point 14 -0.1714884156424664696756164621128791076744 -0.8950251230770158791005233409762356273106 -0.4117301936479874426903949889702927268837
point 15 -0.8950230972119418606131489599288228175605 -0.4117332798193590571144646891211033144026 -0.1714915792286497250206998060632105650205
edge 1 2
edge 1 4
edge 1 6
edge 1 7
edge 2 3
edge 2 4
edge 2 5
edge 3 5
edge 3 6
edge 4 10
edge 5 9
edge 5 12
edge 6 7
edge 6 11
edge 7 10
edge 9 11
edge 9 15
edge 10 13
edge 10 14
edge 11 14
edge 11 15
edge 12 13
edge 12 15
edge 13 15
edge 14 15
rattler 8
rot 1 4 2 6 7 4
rot 2 4 1 4 5 3
rot 3 3 2 5 6
rot 4 3 1 10 2
rot 5 4 2 12 9 3
rot 6 4 1 3 11 7
rot 7 3 1 6 10
rot 9 3 5 15 11
rot 10 4 4 7 14 13
rot 11 4 6 9 15 14
rot 12 3 5 13 15
rot 13 3 10 15 12
rot 14 3 10 11 15
rot 15 5 9 12 13 14 11
corner 1 2 6 2.3790547643707141296532753838220859713365
corner 1 6 7 1.1895276963998852784508722255921867899433
corner 1 7 4 1.5250751500091017903702669315525462171712
corner 1 4 2 1.1895276963998852784508722255921867899433
corner 2 1 4 1.1895276963998852784508722255921867899433
corner 2 4 5 2.7146013735405024442812718605045193664848
corner 2 5 3 1.1895276963998852784508722255921867899433
corner 2 3 1 1.1895285408393134757422704548701128220229
corner 3 2 5 1.1895276963998852784508722255921867899433
corner 3 5 6 2.7146028464089870688211391571447330071145
corner 3 6 2 2.3790547643707141296532753838220859713365
corner 4 1 10 2.1113339534594442627195731222629160970254
corner 4 10 2 2.9823236573202569357548414187039028814256
corner 4 2 1 1.1895276963998852784508722255921867899433
corner 5 2 12 2.1113374238928223568940220125403180983854
corner 5 12 9 1.5250682798392695103019625799224178322975
corner 5 9 3 1.4572519070476093312784299485040830477681
corner 5 3 2 1.1895276963998852784508722255921867899433
corner 6 1 3 1.1895285408393134757422704548701128220229
corner 6 3 11 2.1113331633820250404665667481650788124929
corner 6 11 7 1.7927959065583626822655773379316273439352
corner 6 7 1 1.1895276963998852784508722255921867899433
corner 7 1 6 1.1895276963998852784508722255921867899433
corner 7 6 10 2.9823236573202569357548414187039028814256
corner 7 10 1 2.1113339534594442627195731222629160970254
corner 9 5 15 2.1113398503167949885018253638083917662250
corner 9 15 11 1.1895276963998852784508722255921867899433
corner 9 11 5 2.9823177604629062099725891771584272122260
corner 10 4 7 1.5250751500091017903702669315525462171712
corner 10 7 14 1.4572441382481163382900954891632533017613
corner 10 14 13 1.1895339381406611312707075098600275662669
corner 10 13 4 2.1113320807817072169942168359831786831949
corner 11 6 9 1.7927998704470109078069347695877594262641
corner 11 9 15 1.1895276963998852784508722255921867899433
corner 11 15 14 1.1895276963998852784508722255921867899433
corner 11 14 6 2.1113300439328050122166075457868727622436
corner 12 5 13 2.9823177604629062099725891771584272122260
corner 12 13 15 1.1895276963998852784508722255921867899433
corner 12 15 5 2.1113398503167949885018253638083917662250
corner 13 10 15 2.3790507477119903748157621938635306910234
corner 13 15 12 1.1895276963998852784508722255921867899433
corner 13 12 10 2.7146068630677108236586523471032882874277
corner 14 10 11 2.7146068630677108236586523471032882874277
corner 14 11 15 1.1895276963998852784508722255921867899433
corner 14 15 10 2.3790507477119903748157621938635306910234
corner 15 9 12 1.5250682798392695103019625799224178322975
corner 15 12 13 1.1895276963998852784508722255921867899433
corner 15 13 14 1.1895339381406611312707075098600275662669
corner 15 14 11 1.1895276963998852784508722255921867899433
corner 15 11 9 1.1895276963998852784508722255921867899433
face 1 4 1 2 3 6
facecorners 1 2.3790547643707141296532753838220859713365 1.1895285408393134757422704548701128220229 2.3790547643707141296532753838220859713365 1.1895285408393134757422704548701128220229
face 2 3 1 6 7
facecorners 2 1.1895276963998852784508722255921867899433 1.1895276963998852784508722255921867899433 1.1895276963998852784508722255921867899433
face 3 4 1 7 10 4
facecorners 3 1.5250751500091017903702669315525462171712 2.1113339534594442627195731222629160970254 1.5250751500091017903702669315525462171712 2.1113339534594442627195731222629160970254
face 4 3 1 4 2
facecorners 4 1.1895276963998852784508722255921867899433 1.1895276963998852784508722255921867899433 1.1895276963998852784508722255921867899433
face 5 6 2 4 10 13 12 5
facecorners 5 2.7146013735405024442812718605045193664848 2.9823236573202569357548414187039028814256 2.1113320807817072169942168359831786831949 2.7146068630677108236586523471032882874277 2.9823177604629062099725891771584272122260 2.1113374238928223568940220125403180983854
face 6 3 2 5 3
facecorners 6 1.1895276963998852784508722255921867899433 1.1895276963998852784508722255921867899433 1.1895276963998852784508722255921867899433
face 7 5 3 5 9 11 6
facecorners 7 2.7146028464089870688211391571447330071145 1.4572519070476093312784299485040830477681 2.9823177604629062099725891771584272122260 1.7927998704470109078069347695877594262641 2.1113331633820250404665667481650788124929
face 8 4 5 12 15 9
facecorners 8 1.5250682798392695103019625799224178322975 2.1113398503167949885018253638083917662250 1.5250682798392695103019625799224178322975 2.1113398503167949885018253638083917662250
face 9 5 6 11 14 10 7
facecorners 9 1.7927959065583626822655773379316273439352 2.1113300439328050122166075457868727622436 2.7146068630677108236586523471032882874277 1.4572441382481163382900954891632533017613 2.9823236573202569357548414187039028814256
face 10 3 9 15 11
facecorners 10 1.1895276963998852784508722255921867899433 1.1895276963998852784508722255921867899433 1.1895276963998852784508722255921867899433
face 11 4 10 14 15 13
facecorners 11 1.1895339381406611312707075098600275662669 2.3790507477119903748157621938635306910234 1.1895339381406611312707075098600275662669 2.3790507477119903748157621938635306910234
face 12 3 11 15 14
facecorners 12 1.1895276963998852784508722255921867899433 1.1895276963998852784508722255921867899433 1.1895276963998852784508722255921867899433
face 13 3 12 13 15
facecorners 13 1.1895276963998852784508722255921867899433 1.1895276963998852784508722255921867899433 1.1895276963998852784508722255921867899433
rattlerface 8 5
end
begin config C1-rattler-25
info base C1
info removed 2-8 4-8 8-12 1-6 2-3
info rattlers 8
info delta 1.000 e-5 rad: d = psi* - delta
info newton residual 0.e-76, min non-edge gap 4.118551 e-5
n 15
d 0.9364961543089923367175684691930560782513
point 1 0.8949496235340399437355780490363801597058 0.1716279636558830251819870611977232389701 0.4118361487626056770037747106876458107053
point 2 0.4117000987333455632483862555811054248913 0.8950772330552452244529540654075897162169 0.1712885739596186277534245460035536415278
point 3 0.1713286467973296825700675790407570979295 0.4115763681459489436360535085656530096160 0.8951264647916439283071279988485379192744
point 4 0.8010742956906839776644319039674524483613 0.3818316862948003471351006621079698362268 -0.4609604496320088742862954407968719936574
point 5 -0.4609597441899094006924932917874428879695 0.8010075077113586657151995127970070948139 0.3819726257553163641240436141366672155607
point 6 0.3819893270699255284452445011482039257780 -0.4610757452829098762827455660506444674081 0.8009327756537839866997282196347521136175
point 7 0.7789928106977481073171592367114311393775 -0.6269887318884845799329307796653941777014 0.0074384787485333028246561437742499666615
point 8 -0.0074075324217409239537241561558810826361 0.6271969370391764576592606044714693555782 -0.7788254814989659668691825480372858419551
point 9 -0.7788258659041086469571711616448960885069 -0.0074470139492868076855081067676229411896 0.6271959921603090918825747637300150317681
point 10 0.4609309213266615278260143146944457340609 -0.3820010973108081442336252698615400549313 -0.8010105164217842202205286958297165032370
point 11 -0.3820037858777282433390594227057895111644 -0.8009719327248045937523578547718552174556 0.4609957381171477336045154105315223295171
point 12 -0.8009812933493082303297740133681757870675 0.4610276473807401374995841605312254315197 -0.3819456454196714183859181052363972587250
point 13 -0.4117744675542610225220374689093034296723 -0.1714733572414600852450089136458283837197 -0.8950076399823341421875851376811646305833
point 14 -0.1715630167921398998048881062357425341343 -0.8950127945438398317600716764265742082572 -0.4117259147442704654360690583026635423908
point 15 -0.8950523650653703100843476778641011852336 -0.4116809827275147626466275768382999619870 -0.1714643760417736608140263409633982999346
edge 1 2
edge 1 3
edge 1 4
edge 1 7
edge 2 4
edge 2 5
edge 3 5
edge 3 6
edge 4 10
edge 5 9
edge 5 12
edge 6 7
edge 6 11
edge 7 10
edge 9 11
edge 9 15
edge 10 13
edge 10 14
edge 11 14
edge 11 15
edge 12 13
edge 12 15
edge 13 14
edge 13 15
edge 14 15
rattler 8
rot 1 4 2 3 7 4
rot 2 3 1 4 5
rot 3 3 1 5 6
rot 4 3 1 10 2
rot 5 4 2 12 9 3
rot 6 3 3 11 7
rot 7 3 1 6 10
rot 9 3 5 15 11
rot 10 4 4 7 14 13
rot 11 4 6 9 15 14
rot 12 3 5 13 15
rot 13 4 10 14 15 12
rot 14 4 10 11 15 13
rot 15 5 9 12 13 14 11
corner 1 2 3 1.1901226319523000400621131462241113304187
corner 1 3 7 2.3790076220271668595884057316849746505537
corner 1 7 4 1.5245307439788570467600546432665206083071
corner 1 4 2 1.1895243092212625305147132453833991791148
corner 2 1 4 1.1895243092212625305147132453833991791148
corner 2 4 5 2.7150577034056223216824360529251431714382
corner 2 5 1 2.3786032945527016247281374682504634178412
corner 3 1 5 2.3786032945527016247281374682504634178412
corner 3 5 6 2.7150026162933183827964389954586606490554
corner 3 6 1 1.1895793963335664694007103028498817014977
corner 4 1 10 2.1117896386378359150888809529539595295429
corner 4 10 2 2.9818713593204880313216925682216470597366
corner 4 2 1 1.1895243092212625305147132453833991791148
corner 5 2 12 2.1110605968525467966914223560892284883620
corner 5 12 9 1.5250880702945363548664337850254090519350
corner 5 9 3 1.4569140080802032853053174792202568976787
corner 5 3 2 1.1901226319523000400621131462241113304187
corner 6 3 11 2.1109315112605544698467615249045147753979
corner 6 11 7 1.7932461738918651474901195099695163424428
corner 6 7 3 2.3790076220271668595884057316849746505537
corner 7 1 6 1.1895793963335664694007103028498817014977
corner 7 6 10 2.9818162722081840924356955107551645373537
corner 7 10 1 2.1117896386378359150888809529539595295429
corner 9 5 15 2.1113113255745433027052879168371110632306
corner 9 15 11 1.1895243092212625305147132453833991791148
corner 9 11 5 2.9823496723837806437052856043384955260489
corner 10 4 7 1.5245307439788570467600546432665206083071
corner 10 7 14 1.4576362313019237760402406901924000056121
corner 10 14 13 1.1895243092212625305147132453833991791148
corner 10 13 4 2.1114940226775431236102781877166859753603
corner 11 6 9 1.7928969339368796082634519834298807448088
corner 11 9 15 1.1895243092212625305147132453833991791148
corner 11 15 14 1.1895243092212625305147132453833991791148
corner 11 14 6 2.1112397548001818076324082923623266653559
corner 12 5 13 2.9823496723837806437052856043384955260489
corner 12 13 15 1.1895243092212625305147132453833991791148
corner 12 15 5 2.1113113255745433027052879168371110632306
corner 13 10 14 1.1895243092212625305147132453833991791148
corner 13 14 15 1.1895243092212625305147132453833991791148
corner 13 15 12 1.1895243092212625305147132453833991791148
corner 13 12 10 2.7146123795157988853811470304088082310498
corner 14 10 11 2.7146123795157988853811470304088082310498
corner 14 11 15 1.1895243092212625305147132453833991791148
corner 14 15 13 1.1895243092212625305147132453833991791148
corner 14 13 10 1.1895243092212625305147132453833991791148
corner 15 9 12 1.5250880702945363548664337850254090519350
corner 15 12 13 1.1895243092212625305147132453833991791148
corner 15 13 14 1.1895243092212625305147132453833991791148
corner 15 14 11 1.1895243092212625305147132453833991791148
corner 15 11 9 1.1895243092212625305147132453833991791148
face 1 4 1 2 5 3
facecorners 1 1.1901226319523000400621131462241113304187 2.3786032945527016247281374682504634178412 1.1901226319523000400621131462241113304187 2.3786032945527016247281374682504634178412
face 2 4 1 3 6 7
facecorners 2 2.3790076220271668595884057316849746505537 1.1895793963335664694007103028498817014977 2.3790076220271668595884057316849746505537 1.1895793963335664694007103028498817014977
face 3 4 1 7 10 4
facecorners 3 1.5245307439788570467600546432665206083071 2.1117896386378359150888809529539595295429 1.5245307439788570467600546432665206083071 2.1117896386378359150888809529539595295429
face 4 3 1 4 2
facecorners 4 1.1895243092212625305147132453833991791148 1.1895243092212625305147132453833991791148 1.1895243092212625305147132453833991791148
face 5 6 2 4 10 13 12 5
facecorners 5 2.7150577034056223216824360529251431714382 2.9818713593204880313216925682216470597366 2.1114940226775431236102781877166859753603 2.7146123795157988853811470304088082310498 2.9823496723837806437052856043384955260489 2.1110605968525467966914223560892284883620
face 6 5 3 5 9 11 6
facecorners 6 2.7150026162933183827964389954586606490554 1.4569140080802032853053174792202568976787 2.9823496723837806437052856043384955260489 1.7928969339368796082634519834298807448088 2.1109315112605544698467615249045147753979
face 7 4 5 12 15 9
facecorners 7 1.5250880702945363548664337850254090519350 2.1113113255745433027052879168371110632306 1.5250880702945363548664337850254090519350 2.1113113255745433027052879168371110632306
face 8 5 6 11 14 10 7
facecorners 8 1.7932461738918651474901195099695163424428 2.1112397548001818076324082923623266653559 2.7146123795157988853811470304088082310498 1.4576362313019237760402406901924000056121 2.9818162722081840924356955107551645373537
face 9 3 9 15 11
facecorners 9 1.1895243092212625305147132453833991791148 1.1895243092212625305147132453833991791148 1.1895243092212625305147132453833991791148
face 10 3 10 14 13
facecorners 10 1.1895243092212625305147132453833991791148 1.1895243092212625305147132453833991791148 1.1895243092212625305147132453833991791148
face 11 3 11 15 14
facecorners 11 1.1895243092212625305147132453833991791148 1.1895243092212625305147132453833991791148 1.1895243092212625305147132453833991791148
face 12 3 12 13 15
facecorners 12 1.1895243092212625305147132453833991791148 1.1895243092212625305147132453833991791148 1.1895243092212625305147132453833991791148
face 13 3 13 14 15
facecorners 13 1.1895243092212625305147132453833991791148 1.1895243092212625305147132453833991791148 1.1895243092212625305147132453833991791148
rattlerface 8 5
end
begin config C1-rattler-26
info base C1
info removed 2-8 4-8 8-12 2-3 13-14
info rattlers 8
info delta 1.000 e-3 rad: d = psi* - delta
info newton residual 4.17 e-62, min non-edge gap 9.384139 e-3
n 15
d 0.9355061543089923367175684691930560782513
point 1 0.8917568412520317415485989637965411346108 0.1766852185860636173534016862178165850413 0.4165958108447486288223666387394515621426
point 2 0.4132843218400031868120255856574736848326 0.8965185922868542083892571011198657270845 0.1595320751612224806779627073393794228390
point 3 0.1650384632266715078464729685225893245836 0.4014234105568294778751182463059364576548 0.9009004113178668765317467983379307734700
point 4 0.8064778695933904756348482834664284557213 0.3719205586813841460188750554414315920735 -0.4596395804173454316752502795331868799464
point 5 -0.4550853427956626261666832783762108645908 0.8033458193158391903771805191051517966316 0.3841000199952055345428922142344846122335
point 6 0.3860909636669614281092717282409303681316 -0.4664883185065908306819343289980803933058 0.7958155668693661191715908687742225366507
point 7 0.7867423681932506712779834438399671082110 -0.6172777825161848823190096064119275003061 0.0021413317298241528948483114099176565353
point 8 0.0065820654863922592473428458098918030734 0.7650119017889319607605333029297319970905 -0.6439825048362838591867757786362945116362
point 9 -0.7867423681932506712779834438399671082110 -0.0021413317298241528948483114099176565353 0.6172777825161848823190096064119275003061
point 10 0.4550853427956626261666832783762108645908 -0.3841000199952055345428922142344846122335 -0.8033458193158391903771805191051517966316
point 11 -0.3860909636669614281092717282409303681316 -0.7958155668693661191715908687742225366507 0.4664883185065908306819343289980803933058
point 12 -0.8064778695933904756348482834664284557213 0.4596395804173454316752502795331868799464 -0.3719205586813841460188750554414315920735
point 13 -0.4132843218400031868120255856574736848326 -0.1595320751612224806779627073393794228390 -0.8965185922868542083892571011198657270845
point 14 -0.1650384632266715078464729685225893245836 -0.9009004113178668765317467983379307734700 -0.4014234105568294778751182463059364576548
point 15 -0.8917568412520317415485989637965411346108 -0.4165958108447486288223666387394515621426 -0.1766852185860636173534016862178165850413
edge 1 2
edge 1 3
edge 1 4
edge 1 6
edge 1 7
edge 2 4
edge 2 5
edge 3 5
edge 3 6
edge 4 10
edge 5 9
edge 5 12
edge 6 7
edge 6 11
edge 7 10
edge 9 11
edge 9 15
edge 10 13
edge 10 14
edge 11 14
edge 11 15
edge 12 13
edge 12 15
edge 13 15
edge 14 15
rattler 8
rot 1 5 2 3 6 7 4
rot 2 3 1 4 5
rot 3 3 1 5 6
rot 4 3 1 10 2
rot 5 4 2 12 9 3
rot 6 4 1 3 11 7
rot 7 3 1 6 10
rot 9 3 5 15 11
rot 10 4 4 7 14 13
rot 11 4 6 9 15 14
rot 12 3 5 13 15
rot 13 3 10 15 12
rot 14 3 10 11 15
rot 15 5 9 12 13 14 11
corner 1 2 3 1.2248580897088520971035953925278255929021
corner 1 3 6 1.1891858638899650821453808135861126411251
corner 1 6 7 1.1891858638899650821453808135861126411251
corner 1 7 4 1.4907696258008391333855489332728422521170
corner 1 4 2 1.1891858638899650821453808135861126411251
corner 2 1 4 1.1891858638899650821453808135861126411251
corner 2 4 5 2.7423787951442353820551122451038993276561
corner 2 5 1 2.3516206481453860127247937078689937996132
corner 3 1 5 2.3516206481453860127247937078689937996132
corner 3 5 6 2.7423787951442353820551122451038993276561
corner 3 6 1 1.1891858638899650821453808135861126411251
corner 4 1 10 2.1394013367371173798727352844931293509235
corner 4 10 2 2.9545981065525040149071706684797637763458
corner 4 2 1 1.1891858638899650821453808135861126411251
corner 5 2 12 2.1100935447417137158201954490878335746621
corner 5 12 9 1.4907696258008391333855489332728422521170
corner 5 9 3 1.4574640469281815306159469916705043487131
corner 5 3 2 1.2248580897088520971035953925278255929021
corner 6 1 3 1.1891858638899650821453808135861126411251
corner 6 3 11 2.0786469408266918694604757701640401261431
corner 6 11 7 1.8261666385729644431740493692227403600011
corner 6 7 1 1.1891858638899650821453808135861126411251
corner 7 1 6 1.1891858638899650821453808135861126411251
corner 7 6 10 2.9545981065525040149071706684797637763458
corner 7 10 1 2.1394013367371173798727352844931293509235
corner 9 5 15 2.1394013367371173798727352844931293509235
corner 9 15 11 1.1891858638899650821453808135861126411251
corner 9 11 5 2.9545981065525040149071706684797637763458
corner 10 4 7 1.4907696258008391333855489332728422521170
corner 10 7 14 1.4574640469281815306159469916705043487131
corner 10 14 13 1.2248580897088520971035953925278255929021
corner 10 13 4 2.1100935447417137158201954490878335746621
corner 11 6 9 1.8261666385729644431740493692227403600011
corner 11 9 15 1.1891858638899650821453808135861126411251
corner 11 15 14 1.1891858638899650821453808135861126411251
corner 11 14 6 2.0786469408266918694604757701640401261431
corner 12 5 13 2.9545981065525040149071706684797637763458
corner 12 13 15 1.1891858638899650821453808135861126411251
corner 12 15 5 2.1394013367371173798727352844931293509235
corner 13 10 15 2.3516206481453860127247937078689937996132
corner 13 15 12 1.1891858638899650821453808135861126411251
corner 13 12 10 2.7423787951442353820551122451038993276561
corner 14 10 11 2.7423787951442353820551122451038993276561
corner 14 11 15 1.1891858638899650821453808135861126411251
corner 14 15 10 2.3516206481453860127247937078689937996132
corner 15 9 12 1.4907696258008391333855489332728422521170
corner 15 12 13 1.1891858638899650821453808135861126411251
corner 15 13 14 1.2248580897088520971035953925278255929021
corner 15 14 11 1.1891858638899650821453808135861126411251
corner 15 11 9 1.1891858638899650821453808135861126411251
face 1 4 1 2 5 3
facecorners 1 1.2248580897088520971035953925278255929021 2.3516206481453860127247937078689937996132 1.2248580897088520971035953925278255929021 2.3516206481453860127247937078689937996132
face 2 3 1 3 6
facecorners 2 1.1891858638899650821453808135861126411251 1.1891858638899650821453808135861126411251 1.1891858638899650821453808135861126411251
face 3 3 1 6 7
facecorners 3 1.1891858638899650821453808135861126411251 1.1891858638899650821453808135861126411251 1.1891858638899650821453808135861126411251
face 4 4 1 7 10 4
facecorners 4 1.4907696258008391333855489332728422521170 2.1394013367371173798727352844931293509235 1.4907696258008391333855489332728422521170 2.1394013367371173798727352844931293509235
face 5 3 1 4 2
facecorners 5 1.1891858638899650821453808135861126411251 1.1891858638899650821453808135861126411251 1.1891858638899650821453808135861126411251
face 6 6 2 4 10 13 12 5
facecorners 6 2.7423787951442353820551122451038993276561 2.9545981065525040149071706684797637763458 2.1100935447417137158201954490878335746621 2.7423787951442353820551122451038993276561 2.9545981065525040149071706684797637763458 2.1100935447417137158201954490878335746621
face 7 5 3 5 9 11 6
facecorners 7 2.7423787951442353820551122451038993276561 1.4574640469281815306159469916705043487131 2.9545981065525040149071706684797637763458 1.8261666385729644431740493692227403600011 2.0786469408266918694604757701640401261431
face 8 4 5 12 15 9
facecorners 8 1.4907696258008391333855489332728422521170 2.1394013367371173798727352844931293509235 1.4907696258008391333855489332728422521170 2.1394013367371173798727352844931293509235
face 9 5 6 11 14 10 7
facecorners 9 1.8261666385729644431740493692227403600011 2.0786469408266918694604757701640401261431 2.7423787951442353820551122451038993276561 1.4574640469281815306159469916705043487131 2.9545981065525040149071706684797637763458
face 10 3 9 15 11
facecorners 10 1.1891858638899650821453808135861126411251 1.1891858638899650821453808135861126411251 1.1891858638899650821453808135861126411251
face 11 4 10 14 15 13
facecorners 11 1.2248580897088520971035953925278255929021 2.3516206481453860127247937078689937996132 1.2248580897088520971035953925278255929021 2.3516206481453860127247937078689937996132
face 12 3 11 15 14
facecorners 12 1.1891858638899650821453808135861126411251 1.1891858638899650821453808135861126411251 1.1891858638899650821453808135861126411251
face 13 3 12 13 15
facecorners 13 1.1891858638899650821453808135861126411251 1.1891858638899650821453808135861126411251 1.1891858638899650821453808135861126411251
rattlerface 8 6
end
begin config C1-rattler-27
info base C1
info removed 2-8 4-8 8-12 2-3 14-15
info rattlers 8
info delta 1.000 e-7 rad: d = psi* - delta
info newton residual 6.56 e-76, min non-edge gap 6.313474 e-7
n 15
d 0.9365060543089923367175684691930560782513
point 1 0.8950230972119418606131489599288228175605 0.1714915792286497250206998060632105650205 0.4117332798193590571144646891211033144027
point 2 0.4117316613348328355533177190578671161669 0.8950244515084392731714545856863347659382 0.1714883968566851926873579902598475430843
point 3 0.1714884156424664696756164621128791076744 0.4117301936479874426903949889702927268837 0.8950251230770158791005233409762356273106
point 4 0.8009939399249977173365597932772483995940 0.3819628568969369301198552441156208433045 -0.4609914144043891280202985534325038813041
point 5 -0.4609916711858978401312764025174114011088 0.8009930873536996046284561108439542285696 0.3819643348649473078988255804299886889601
point 6 0.3819647029450644161785214040995326012201 -0.4609928879125125803034127605154925345304 0.8009922115714798331034831109842222535082
point 7 0.7788415706180150120101961143847655566318 -0.6271760848852415795658378022523674957097 0.0074810711321162978948424033207037520988
point 8 -0.0074806654456307299240246691275925340062 0.6271779748142929277337941037021140904877 -0.7788400526117879952315952073633074047200
point 9 -0.7788395816605055368833390310139483638133 -0.0074812326713675479393442078689155210957 0.6271785528831527177107843629152625939948
point 10 0.4609913609210918729310815595402665768777 -0.3819645558509586420431275990647105061492 -0.8009931605386524803155651537808388829603
point 11 -0.3819646804520041028946676824239382584867 -0.8009926750249270183846622773655959584092 0.4609921012811499913345785875073812192523
point 12 -0.8009927017438981438344757511627309278367 0.4609924155066274990535982813135644002452 -0.3819642451832049915698217118402811916765
point 13 -0.4117324996543730269021003602538830728613 -0.1714904284997914605006424476535450899674 -0.8950236765925913918156771337863274755798
point 14 -0.1714907228856708305539680648902536473748 -0.8950239810903476427947374569106597131119 -0.4117317151220380302307148559478250379852
point 15 -0.8950243897883241554008465242130060489067 -0.4117312307528046664971078332461760070057 -0.1714897527749652573843117747227917891056
edge 1 2
edge 1 3
edge 1 4
edge 1 6
edge 1 7
edge 2 4
edge 2 5
edge 3 5
edge 3 6
edge 4 10
edge 5 9
edge 5 12
edge 6 7
edge 6 11
edge 7 10
edge 9 11
edge 9 15
edge 10 13
edge 10 14
edge 11 14
edge 11 15
edge 12 13
edge 12 15
edge 13 14
edge 13 15
rattler 8
rot 1 5 2 3 6 7 4
rot 2 3 1 4 5
rot 3 3 1 5 6
rot 4 3 1 10 2
rot 5 4 2 12 9 3
rot 6 4 1 3 11 7
rot 7 3 1 6 10
rot 9 3 5 15 11
rot 10 4 4 7 14 13
rot 11 4 6 9 15 14
rot 12 3 5 13 15
rot 13 4 10 14 15 12
rot 14 3 10 11 13
rot 15 4 9 12 13 11
corner 1 2 3 1.1895339381406611312707075098600275662669
corner 1 3 6 1.1895276963998852784508722255921867899433
corner 1 6 7 1.1895276963998852784508722255921867899433
corner 1 7 4 1.5250682798392695103019625799224178322975
corner 1 4 2 1.1895276963998852784508722255921867899433
corner 2 1 4 1.1895276963998852784508722255921867899433
corner 2 4 5 2.7146068630677108236586523471032882874277
corner 2 5 1 2.3790507477119903748157621938635306910234
corner 3 1 5 2.3790507477119903748157621938635306910234
corner 3 5 6 2.7146068630677108236586523471032882874277
corner 3 6 1 1.1895276963998852784508722255921867899433
corner 4 1 10 2.1113398503167949885018253638083917662250
corner 4 10 2 2.9823177604629062099725891771584272122260
corner 4 2 1 1.1895276963998852784508722255921867899433
corner 5 2 12 2.1113320807817072169942168359831786831949
corner 5 12 9 1.5250751500091017903702669315525462171712
corner 5 9 3 1.4572441382481163382900954891632533017613
corner 5 3 2 1.1895339381406611312707075098600275662669
corner 6 1 3 1.1895276963998852784508722255921867899433
corner 6 3 11 2.1113300439328050122166075457868727622436
corner 6 11 7 1.7927998704470109078069347695877594262641
corner 6 7 1 1.1895276963998852784508722255921867899433
corner 7 1 6 1.1895276963998852784508722255921867899433
corner 7 6 10 2.9823177604629062099725891771584272122260
corner 7 10 1 2.1113398503167949885018253638083917662250
corner 9 5 15 2.1113339534594442627195731222629160970254
corner 9 15 11 1.1895276963998852784508722255921867899433
corner 9 11 5 2.9823236573202569357548414187039028814256
corner 10 4 7 1.5250682798392695103019625799224178322975
corner 10 7 14 1.4572519070476093312784299485040830477681
corner 10 14 13 1.1895276963998852784508722255921867899433
corner 10 13 4 2.1113374238928223568940220125403180983854
corner 11 6 9 1.7927959065583626822655773379316273439352
corner 11 9 15 1.1895276963998852784508722255921867899433
corner 11 15 14 1.1895285408393134757422704548701128220229
corner 11 14 6 2.1113331633820250404665667481650788124929
corner 12 5 13 2.9823236573202569357548414187039028814256
corner 12 13 15 1.1895276963998852784508722255921867899433
corner 12 15 5 2.1113339534594442627195731222629160970254
corner 13 10 14 1.1895276963998852784508722255921867899433
corner 13 14 15 1.1895285408393134757422704548701128220229
corner 13 15 12 1.1895276963998852784508722255921867899433
corner 13 12 10 2.7146013735405024442812718605045193664848
corner 14 10 11 2.7146028464089870688211391571447330071145
corner 14 11 13 2.3790547643707141296532753838220859713365
corner 14 13 10 1.1895276963998852784508722255921867899433
corner 15 9 12 1.5250751500091017903702669315525462171712
corner 15 12 13 1.1895276963998852784508722255921867899433
corner 15 13 11 2.3790547643707141296532753838220859713365
corner 15 11 9 1.1895276963998852784508722255921867899433
face 1 4 1 2 5 3
facecorners 1 1.1895339381406611312707075098600275662669 2.3790507477119903748157621938635306910234 1.1895339381406611312707075098600275662669 2.3790507477119903748157621938635306910234
face 2 3 1 3 6
facecorners 2 1.1895276963998852784508722255921867899433 1.1895276963998852784508722255921867899433 1.1895276963998852784508722255921867899433
face 3 3 1 6 7
facecorners 3 1.1895276963998852784508722255921867899433 1.1895276963998852784508722255921867899433 1.1895276963998852784508722255921867899433
face 4 4 1 7 10 4
facecorners 4 1.5250682798392695103019625799224178322975 2.1113398503167949885018253638083917662250 1.5250682798392695103019625799224178322975 2.1113398503167949885018253638083917662250
face 5 3 1 4 2
facecorners 5 1.1895276963998852784508722255921867899433 1.1895276963998852784508722255921867899433 1.1895276963998852784508722255921867899433
face 6 6 2 4 10 13 12 5
facecorners 6 2.7146068630677108236586523471032882874277 2.9823177604629062099725891771584272122260 2.1113374238928223568940220125403180983854 2.7146013735405024442812718605045193664848 2.9823236573202569357548414187039028814256 2.1113320807817072169942168359831786831949
face 7 5 3 5 9 11 6
facecorners 7 2.7146068630677108236586523471032882874277 1.4572441382481163382900954891632533017613 2.9823236573202569357548414187039028814256 1.7927959065583626822655773379316273439352 2.1113300439328050122166075457868727622436
face 8 4 5 12 15 9
facecorners 8 1.5250751500091017903702669315525462171712 2.1113339534594442627195731222629160970254 1.5250751500091017903702669315525462171712 2.1113339534594442627195731222629160970254
face 9 5 6 11 14 10 7
facecorners 9 1.7927998704470109078069347695877594262641 2.1113331633820250404665667481650788124929 2.7146028464089870688211391571447330071145 1.4572519070476093312784299485040830477681 2.9823177604629062099725891771584272122260
face 10 3 9 15 11
facecorners 10 1.1895276963998852784508722255921867899433 1.1895276963998852784508722255921867899433 1.1895276963998852784508722255921867899433
face 11 3 10 14 13
facecorners 11 1.1895276963998852784508722255921867899433 1.1895276963998852784508722255921867899433 1.1895276963998852784508722255921867899433
face 12 4 11 15 13 14
facecorners 12 1.1895285408393134757422704548701128220229 2.3790547643707141296532753838220859713365 1.1895285408393134757422704548701128220229 2.3790547643707141296532753838220859713365
face 13 3 12 13 15
facecorners 13 1.1895276963998852784508722255921867899433 1.1895276963998852784508722255921867899433 1.1895276963998852784508722255921867899433
rattlerface 8 6
end
begin config C1-rattler-28
info base C1
info removed 5-9 9-11 9-15
info rattlers 9
info delta 0.e-19 rad: d = psi* - delta
info newton residual 0.e-76, min non-edge gap 0.e-77
n 15
d 0.9365061543089923367175684691930560782513
point 1 0.8950239687385675817752053027300069363982 0.1714903098093749755411220556254286252362 0.4117319140228847855850930801629745052897
point 2 0.4117319140228847855850930801629745052897 0.8950239687385675817752053027300069363982 0.1714903098093749755411220556254286252362
point 3 0.1714903098093749755411220556254286252361 0.4117319140228847855850930801629745052897 0.8950239687385675817752053027300069363982
point 4 0.8009928994820256966989893094450395527570 0.3819643241495056538159414100761232449542 -0.4609920064994498908133393714792726773162
point 5 -0.4609920064994498908133393714792726773162 0.8009928994820256966989893094450395527570 0.3819643241495056538159414100761232449542
point 6 0.3819643241495056538159414100761232449542 -0.4609920064994498908133393714792726773162 0.8009928994820256966989893094450395527570
point 7 0.7788399620322553112220048616995050840131 -0.6271780756254064502195746100187979488791 0.0074816439642001671733910575444910472665
point 8 0.0074816439642001671733910575444910472665 0.7788399620322553112220048616995050840131 -0.6271780756254064502195746100187979488791
point 9 -0.6271780756254064502195746100187979488791 0.0074816439642001671733910575444910472665 0.7788399620322553112220048616995050840131
point 10 0.4609920064994498908133393714792726773162 -0.3819643241495056538159414100761232449542 -0.8009928994820256966989893094450395527570
point 11 -0.3819643241495056538159414100761232449542 -0.8009928994820256966989893094450395527570 0.4609920064994498908133393714792726773162
point 12 -0.8009928994820256966989893094450395527570 0.4609920064994498908133393714792726773162 -0.3819643241495056538159414100761232449542
point 13 -0.4117319140228847855850930801629745052897 -0.1714903098093749755411220556254286252362 -0.8950239687385675817752053027300069363982
point 14 -0.1714903098093749755411220556254286252361 -0.8950239687385675817752053027300069363982 -0.4117319140228847855850930801629745052897
point 15 -0.8950239687385675817752053027300069363982 -0.4117319140228847855850930801629745052897 -0.1714903098093749755411220556254286252362
edge 1 2
edge 1 3
edge 1 4
edge 1 6
edge 1 7
edge 2 3
edge 2 4
edge 2 5
edge 2 8
edge 3 5
edge 3 6
edge 4 8
edge 4 10
edge 5 12
edge 6 7
edge 6 11
edge 7 10
edge 8 12
edge 10 13
edge 10 14
edge 11 14
edge 11 15
edge 12 13
edge 12 15
edge 13 14
edge 13 15
edge 14 15
rattler 9
rot 1 5 2 3 6 7 4
rot 2 5 1 4 8 5 3
rot 3 4 1 2 5 6
rot 4 4 1 10 8 2
rot 5 3 2 12 3
rot 6 4 1 3 11 7
rot 7 3 1 6 10
rot 8 3 2 4 12
rot 10 4 4 7 14 13
rot 11 3 6 15 14
rot 12 4 5 8 13 15
rot 13 4 10 14 15 12
rot 14 4 10 11 15 13
rot 15 4 11 12 13 14
corner 1 2 3 1.1895277306140861987233456459639027998854
corner 1 3 6 1.1895277306140861987233456459639027998854
corner 1 6 7 1.1895277306140861987233456459639027998854
corner 1 7 4 1.5250743847232416820319041827033945688527
corner 1 4 2 1.1895277306140861987233456459639027998854
corner 2 1 4 1.1895277306140861987233456459639027998854
corner 2 4 8 1.1895277306140861987233456459639027998854
corner 2 8 5 1.5250743847232416820319041827033945688527
corner 2 5 3 1.1895277306140861987233456459639027998854
corner 2 3 1 1.1895277306140861987233456459639027998854
corner 3 1 2 1.1895277306140861987233456459639027998854
corner 3 2 5 1.1895277306140861987233456459639027998854
corner 3 5 6 2.7146021153373278807552498286672973687381
corner 3 6 1 1.1895277306140861987233456459639027998854
corner 4 1 10 2.1113347268718540913921864503684149221215
corner 4 10 8 1.7927951190795599880864090242627852465021
corner 4 8 2 1.1895277306140861987233456459639027998854
corner 4 2 1 1.1895277306140861987233456459639027998854
corner 5 2 12 2.1113347268718540913921864503684149221215
corner 5 12 3 2.9823228496936461868097546702266880463874
corner 5 3 2 1.1895277306140861987233456459639027998854
corner 6 1 3 1.1895277306140861987233456459639027998854
corner 6 3 11 2.1113347268718540913921864503684149221215
corner 6 11 7 1.7927951190795599880864090242627852465021
corner 6 7 1 1.1895277306140861987233456459639027998854
corner 7 1 6 1.1895277306140861987233456459639027998854
corner 7 6 10 2.9823228496936461868097546702266880463874
corner 7 10 1 2.1113347268718540913921864503684149221215
corner 8 2 4 1.1895277306140861987233456459639027998854
corner 8 4 12 2.9823228496936461868097546702266880463874
corner 8 12 2 2.1113347268718540913921864503684149221215
corner 10 4 7 1.5250743847232416820319041827033945688527
corner 10 7 14 1.4572484649704045047778504875232934775347
corner 10 14 13 1.1895277306140861987233456459639027998854
corner 10 13 4 2.1113347268718540913921864503684149221215
corner 11 6 15 2.9823228496936461868097546702266880463874
corner 11 15 14 1.1895277306140861987233456459639027998854
corner 11 14 6 2.1113347268718540913921864503684149221215
corner 12 5 8 1.5250743847232416820319041827033945688527
corner 12 8 13 1.4572484649704045047778504875232934775347
corner 12 13 15 1.1895277306140861987233456459639027998854
corner 12 15 5 2.1113347268718540913921864503684149221215
corner 13 10 14 1.1895277306140861987233456459639027998854
corner 13 14 15 1.1895277306140861987233456459639027998854
corner 13 15 12 1.1895277306140861987233456459639027998854
corner 13 12 10 2.7146021153373278807552498286672973687381
corner 14 10 11 2.7146021153373278807552498286672973687381
corner 14 11 15 1.1895277306140861987233456459639027998854
corner 14 15 13 1.1895277306140861987233456459639027998854
corner 14 13 10 1.1895277306140861987233456459639027998854
corner 15 11 12 2.7146021153373278807552498286672973687381
corner 15 12 13 1.1895277306140861987233456459639027998854
corner 15 13 14 1.1895277306140861987233456459639027998854
corner 15 14 11 1.1895277306140861987233456459639027998854
face 1 3 1 2 3
facecorners 1 1.1895277306140861987233456459639027998854 1.1895277306140861987233456459639027998854 1.1895277306140861987233456459639027998854
face 2 3 1 3 6
facecorners 2 1.1895277306140861987233456459639027998854 1.1895277306140861987233456459639027998854 1.1895277306140861987233456459639027998854
face 3 3 1 6 7
facecorners 3 1.1895277306140861987233456459639027998854 1.1895277306140861987233456459639027998854 1.1895277306140861987233456459639027998854
face 4 4 1 7 10 4
facecorners 4 1.5250743847232416820319041827033945688527 2.1113347268718540913921864503684149221215 1.5250743847232416820319041827033945688527 2.1113347268718540913921864503684149221215
face 5 3 1 4 2
facecorners 5 1.1895277306140861987233456459639027998854 1.1895277306140861987233456459639027998854 1.1895277306140861987233456459639027998854
face 6 3 2 4 8
facecorners 6 1.1895277306140861987233456459639027998854 1.1895277306140861987233456459639027998854 1.1895277306140861987233456459639027998854
face 7 4 2 8 12 5
facecorners 7 1.5250743847232416820319041827033945688527 2.1113347268718540913921864503684149221215 1.5250743847232416820319041827033945688527 2.1113347268718540913921864503684149221215
face 8 3 2 5 3
facecorners 8 1.1895277306140861987233456459639027998854 1.1895277306140861987233456459639027998854 1.1895277306140861987233456459639027998854
face 9 6 3 5 12 15 11 6
facecorners 9 2.7146021153373278807552498286672973687381 2.9823228496936461868097546702266880463874 2.1113347268718540913921864503684149221215 2.7146021153373278807552498286672973687381 2.9823228496936461868097546702266880463874 2.1113347268718540913921864503684149221215
face 10 5 4 10 13 12 8
facecorners 10 1.7927951190795599880864090242627852465021 2.1113347268718540913921864503684149221215 2.7146021153373278807552498286672973687381 1.4572484649704045047778504875232934775347 2.9823228496936461868097546702266880463874
face 11 5 6 11 14 10 7
facecorners 11 1.7927951190795599880864090242627852465021 2.1113347268718540913921864503684149221215 2.7146021153373278807552498286672973687381 1.4572484649704045047778504875232934775347 2.9823228496936461868097546702266880463874
face 12 3 10 14 13
facecorners 12 1.1895277306140861987233456459639027998854 1.1895277306140861987233456459639027998854 1.1895277306140861987233456459639027998854
face 13 3 11 15 14
facecorners 13 1.1895277306140861987233456459639027998854 1.1895277306140861987233456459639027998854 1.1895277306140861987233456459639027998854
face 14 3 12 13 15
facecorners 14 1.1895277306140861987233456459639027998854 1.1895277306140861987233456459639027998854 1.1895277306140861987233456459639027998854
face 15 3 13 14 15
facecorners 15 1.1895277306140861987233456459639027998854 1.1895277306140861987233456459639027998854 1.1895277306140861987233456459639027998854
rattlerface 9 9
end
begin config C1-rattler-29
info base C1
info removed 5-9 9-11 9-15 1-2 13-15
info rattlers 9
info delta 1.000 e-7 rad: d = psi* - delta
info newton residual 0.e-76, min non-edge gap 6.001943 e-7
n 15
d 0.9365060543089923367175684691930560782513
point 1 0.8950241497221491005509890263439433285054 0.1714899563071962705589325215700038949940 0.4117316678370755879907531523830356605382
point 2 0.4117311492738488492670667730861555604060 0.8950244719137808126013313780942233660769 0.1714895197762632302572348744923014104383
point 3 0.1714908326109345716301821317621378871745 0.4117325432644384125241299264899392808295 0.8950235791013585193283631573248579981211
point 4 0.8009928117904827903979697750676469333778 0.3819645159783311512317871364634825414931 -0.4609919999234427282652132908864808343279
point 5 -0.4609923647933184708763096517555683026143 0.8009926163462778952936195514819732271563 0.3819644854708464361710879420167339769158
point 6 0.3819641180149433335472164644654950344025 -0.4609915421256182409699749436401442975767 0.8009932650389207762749694163426648731868
point 7 0.7788395016210598711928905612259347620491 -0.6271786407442907353831160898305857316946 0.0074821994629236765596606042858554550707
point 8 0.0074814110931142132387931027076574061778 0.7788393259601400587803299247194450858008 -0.6271788682871980589568835866512281293584
point 9 -0.6271774532966366780815730068637486339802 0.0074808216226463505226210683718634408765 0.7788404710749148436833197326941053222157
point 10 0.4609925501586265192655769714240021080011 -0.3819644765499468955355793938067528469231 -0.8009925139176840527099773673531289457952
point 11 -0.3819634247229205029735270296166882921262 -0.8009936893926623167677919310126420379714 0.4609913792329191114868651125955693704614
point 12 -0.8009929852141144617401219262237660358959 0.4609919094365139183603639320587587273641 -0.3819642615112811323470868524639597266993
point 13 -0.4117307404391629176676227796098807888581 -0.1714887775707237885462353065346835132350 -0.8950248021952897118120154696397455732135
point 14 -0.1714912893120636153474274849417756683642 -0.8950232518225278145763285912025041790520 -0.4117330644812413612992572236819465462055
point 15 -0.8950243360109868843461420641473517120009 -0.4117316146332934340926014951975649380218 -0.1714891117813407836314377597375730814780
edge 1 3
edge 1 4
edge 1 6
edge 1 7
edge 2 3
edge 2 4
edge 2 5
edge 2 8
edge 3 5
edge 3 6
edge 4 8
edge 4 10
edge 5 12
edge 6 7
edge 6 11
edge 7 10
edge 8 12
edge 10 13
edge 10 14
edge 11 14
edge 11 15
edge 12 13
edge 12 15
edge 13 14
edge 14 15
rattler 9
rot 1 4 3 6 7 4
rot 2 4 3 4 8 5
rot 3 4 1 2 5 6
rot 4 4 1 10 8 2
rot 5 3 2 12 3
rot 6 4 1 3 11 7
rot 7 3 1 6 10
rot 8 3 2 4 12
rot 10 4 4 7 14 13
rot 11 3 6 15 14
rot 12 4 5 8 13 15
rot 13 3 10 14 12
rot 14 4 10 11 15 13
rot 15 3 11 12 14
corner 1 3 6 1.1895276963998852784508722255921867899433
corner 1 6 7 1.1895276963998852784508722255921867899433
corner 1 7 4 1.5250761133396980345524564048444242264771
corner 1 4 3 2.3790538010401178854710859105302079620306
corner 2 3 4 2.3790538010401178854710859105302079620306
corner 2 4 8 1.1895276963998852784508722255921867899433
corner 2 8 5 1.5250761133396980345524564048444242264771
corner 2 5 3 1.1895276963998852784508722255921867899433
corner 3 1 2 1.1895298352957052787470738392819619556297
corner 3 2 5 1.1895276963998852784508722255921867899433
corner 3 5 6 2.7146000790841106412764684760926702328780
corner 3 6 1 1.1895276963998852784508722255921867899433
corner 4 1 10 2.1113331266045498600504433187733304061004
corner 4 10 8 1.7927946488794460596768973829115266167209
corner 4 8 2 1.1895276963998852784508722255921867899433
corner 4 2 1 1.1895298352957052787470738392819619556297
corner 5 2 12 2.1113331266045498600504433187733304061004
corner 5 12 3 2.9823244841751513384239712221934885723506
corner 5 3 2 1.1895276963998852784508722255921867899433
corner 6 1 3 1.1895276963998852784508722255921867899433
corner 6 3 11 2.1113378911331251777687865174294585863674
corner 6 11 7 1.7927920232466907422547557979451736021403
corner 6 7 1 1.1895276963998852784508722255921867899433
corner 7 1 6 1.1895276963998852784508722255921867899433
corner 7 6 10 2.9823244841751513384239712221934885723506
corner 7 10 1 2.1113331266045498600504433187733304061004
corner 8 2 4 1.1895276963998852784508722255921867899433
corner 8 4 12 2.9823244841751513384239712221934885723506
corner 8 12 2 2.1113331266045498600504433187733304061004
corner 10 4 7 1.5250761133396980345524564048444242264771
corner 10 7 14 1.4572499382489406556357502969714408841326
corner 10 14 13 1.1895276963998852784508722255921867899433
corner 10 13 4 2.1113315591910625082862078391509538678414
corner 11 6 15 2.9823187468406840471582340278503690310367
corner 11 15 14 1.1895276963998852784508722255921867899433
corner 11 14 6 2.1113388639390171513161805131164499474144
corner 12 5 8 1.5250761133396980345524564048444242264771
corner 12 8 13 1.4572445020829774930343552857850592625071
corner 12 13 15 1.1895319991903299768604866971894732445718
corner 12 15 5 2.1113326925665809724779883787400490348383
corner 13 10 14 1.1895276963998852784508722255921867899433
corner 13 14 12 2.3790521906751220095059457718947185720810
corner 13 12 10 2.7146054201045791889684687690721004063700
corner 14 10 11 2.7145979151894859431630556181851589439359
corner 14 11 15 1.1895276963998852784508722255921867899433
corner 14 15 13 1.1895319991903299768604866971894732445718
corner 14 13 10 1.1895276963998852784508722255921867899433
corner 15 11 12 2.7146054201045791889684687690721004063700
corner 15 12 14 2.3790521906751220095059457718947185720810
corner 15 14 11 1.1895276963998852784508722255921867899433
face 1 3 1 3 6
facecorners 1 1.1895276963998852784508722255921867899433 1.1895276963998852784508722255921867899433 1.1895276963998852784508722255921867899433
face 2 3 1 6 7
facecorners 2 1.1895276963998852784508722255921867899433 1.1895276963998852784508722255921867899433 1.1895276963998852784508722255921867899433
face 3 4 1 7 10 4
facecorners 3 1.5250761133396980345524564048444242264771 2.1113331266045498600504433187733304061004 1.5250761133396980345524564048444242264771 2.1113331266045498600504433187733304061004
face 4 4 1 4 2 3
facecorners 4 2.3790538010401178854710859105302079620306 1.1895298352957052787470738392819619556297 2.3790538010401178854710859105302079620306 1.1895298352957052787470738392819619556297
face 5 3 2 4 8
facecorners 5 1.1895276963998852784508722255921867899433 1.1895276963998852784508722255921867899433 1.1895276963998852784508722255921867899433
face 6 4 2 8 12 5
facecorners 6 1.5250761133396980345524564048444242264771 2.1113331266045498600504433187733304061004 1.5250761133396980345524564048444242264771 2.1113331266045498600504433187733304061004
face 7 3 2 5 3
facecorners 7 1.1895276963998852784508722255921867899433 1.1895276963998852784508722255921867899433 1.1895276963998852784508722255921867899433
face 8 6 3 5 12 15 11 6
facecorners 8 2.7146000790841106412764684760926702328780 2.9823244841751513384239712221934885723506 2.1113326925665809724779883787400490348383 2.7146054201045791889684687690721004063700 2.9823187468406840471582340278503690310367 2.1113378911331251777687865174294585863674
face 9 5 4 10 13 12 8
facecorners 9 1.7927946488794460596768973829115266167209 2.1113315591910625082862078391509538678414 2.7146054201045791889684687690721004063700 1.4572445020829774930343552857850592625071 2.9823244841751513384239712221934885723506
face 10 5 6 11 14 10 7
facecorners 10 1.7927920232466907422547557979451736021403 2.1113388639390171513161805131164499474144 2.7145979151894859431630556181851589439359 1.4572499382489406556357502969714408841326 2.9823244841751513384239712221934885723506
face 11 3 10 14 13
facecorners 11 1.1895276963998852784508722255921867899433 1.1895276963998852784508722255921867899433 1.1895276963998852784508722255921867899433
face 12 3 11 15 14
facecorners 12 1.1895276963998852784508722255921867899433 1.1895276963998852784508722255921867899433 1.1895276963998852784508722255921867899433
face 13 4 12 13 14 15
facecorners 13 1.1895319991903299768604866971894732445718 2.3790521906751220095059457718947185720810 1.1895319991903299768604866971894732445718 2.3790521906751220095059457718947185720810
rattlerface 9 8
end
begin config C1-rattler-30
info base C1
info removed 5-9 9-11 9-15 1-3 14-15
info rattlers 9
info delta 1.000 e-5 rad: d = psi* - delta
info newton residual 0.e-76, min non-edge gap 1.980561 e-5
n 15
d 0.9364961543089923367175684691930560782513
point 1 0.8951099362941375839767824720612886022159 0.1713627166698854834878269524561404509816 0.4115981308060345259086159315406467717050
point 2 0.4118169949942713268871362591460157303962 0.8949644038838165931008625645118951877066 0.1715968484989544203376591568525762617416
point 3 0.1713091540706625032106932979302088680474 0.4117212336800812747459471269360766595456 0.8950635728642663990235664126352791432944
point 4 0.8009297317908891307213531305125590767986 0.3820189125937451455802442070285955917129 -0.4610565205634412319186459658992765947275
point 5 -0.4609693749306719890777900196959097874537 0.8010681943261295553011589223616057149689 0.3818337117320835657334750116344247693333
point 6 0.3819713169041541307977760113003610719607 -0.4609462689636740969396068503574322443804 0.8010158863536817986455373895153707448996
point 7 0.7787122673722151973712860194834674164577 -0.6273365136066271730497938723456191629437 0.0074902162789675383014823584921403186172
point 8 0.0074196868643326724713985190422259300529 0.7789719624063639015866678297741016546739 -0.6270148563085356701055284121299184792538
point 9 -0.7788141082497141893105978162301346527192 -0.0074303604600017097991291652863943476767 0.6272107895553431181514930944558497865368
point 10 0.4610068279162392135941228094883723727973 -0.3819669621037848164908604923415298479585 -0.8009831112300763228697544226004019971460
point 11 -0.3819200331018842996645119927702119709832 -0.8010031558134079718654215188580146311496 0.4610108813167178070520037563366206187317
point 12 -0.8010219390952282193436857068275321194650 0.4609166760925608987595131817340626415166 -0.3819943334499947704719761248710576912169
point 13 -0.4117251832858836240051684802197152307809 -0.1715642072014653925375362582765126711786 -0.8950129028430473897957276178994545654188
point 14 -0.1714267594774227448072709597419740949409 -0.8950520931331022749972456180065093213132 -0.4116972391371142805580843127878087057713
point 15 -0.8949991753678601273320503286743061924011 -0.4117926252459416106258166026905690834893 -0.1714739335406575607152348902455344274921
edge 1 2
edge 1 4
edge 1 6
edge 1 7
edge 2 3
edge 2 4
edge 2 5
edge 2 8
edge 3 5
edge 3 6
edge 4 8
edge 4 10
edge 5 12
edge 6 7
edge 6 11
edge 7 10
edge 8 12
edge 10 13
edge 10 14
edge 11 14
edge 11 15
edge 12 13
edge 12 15
edge 13 14
edge 13 15
rattler 9
rot 1 4 2 6 7 4
rot 2 5 1 4 8 5 3
rot 3 3 2 5 6
rot 4 4 1 10 8 2
rot 5 3 2 12 3
rot 6 4 1 3 11 7
rot 7 3 1 6 10
rot 8 3 2 4 12
rot 10 4 4 7 14 13
rot 11 3 6 15 14
rot 12 4 5 8 13 15
rot 13 4 10 14 15 12
rot 14 3 10 11 13
rot 15 3 11 12 13
corner 1 2 6 2.3786614927789080106335240222455781617691
corner 1 6 7 1.1895243092212625305147132453833991791148
corner 1 7 4 1.5254751959581534052623362535466292483956
corner 1 4 2 1.1895243092212625305147132453833991791148
corner 2 1 4 1.1895243092212625305147132453833991791148
corner 2 4 8 1.1895243092212625305147132453833991791148
corner 2 8 5 1.5245679331209008002343068368988414421339
corner 2 5 3 1.1895243092212625305147132453833991791148
corner 2 3 1 1.1900444463948980851468401935099667889159
corner 3 2 5 1.1895243092212625305147132453833991791148
corner 3 5 6 2.7149995051794159357770494989300284275104
corner 3 6 2 2.3786614927789080106335240222455781617691
corner 4 1 10 2.1109790098333368880449269792398684349268
corner 4 10 8 1.7931576789037245278509332965523389752379
corner 4 8 2 1.1895243092212625305147132453833991791148
corner 4 2 1 1.1895243092212625305147132453833991791148
corner 5 2 12 2.1117577257691070854880943655580283734404
corner 5 12 3 2.9819032721892168609224791556175782158391
corner 5 3 2 1.1895243092212625305147132453833991791148
corner 6 1 3 1.1900444463948980851468401935099667889159
corner 6 3 11 2.1111517336965818892392262388678292705660
corner 6 11 7 1.7924648178668439720245070887978105297976
corner 6 7 1 1.1895243092212625305147132453833991791148
corner 7 1 6 1.1895243092212625305147132453833991791148
corner 7 6 10 2.9826819881249870583656465419357381543527
corner 7 10 1 2.1109790098333368880449269792398684349268
corner 8 2 4 1.1895243092212625305147132453833991791148
corner 8 4 12 2.9819032721892168609224791556175782158391
corner 8 12 2 2.1117577257691070854880943655580283734404
corner 10 4 7 1.5254751959581534052623362535466292483956
corner 10 7 14 1.4569085735402915497952072945578472912054
corner 10 14 13 1.1895243092212625305147132453833991791148
corner 10 13 4 2.1112772284598789913530299730711300496785
corner 11 6 15 2.9822979001174934080359266868076269907609
corner 11 15 14 1.1895507998830299045912719054478440655721
corner 11 14 6 2.1113366071790631642980881743035347120613
corner 12 5 8 1.5245679331209008002343068368988414421339
corner 12 8 13 1.4575837357558370157342904095962404926178
corner 12 13 15 1.1895243092212625305147132453833991791148
corner 12 15 5 2.1115093290815861304419762746805246545278
corner 13 10 14 1.1895243092212625305147132453833991791148
corner 13 14 15 1.1895507998830299045912719054478440655721
corner 13 15 12 1.1895243092212625305147132453833991791148
corner 13 12 10 2.7145858888540315113045883703443633445925
corner 14 10 11 2.7146320940416774649699525509741128699662
corner 14 11 13 2.3790289039166464814406209702014937193133
corner 14 13 10 1.1895243092212625305147132453833991791148
corner 15 11 12 2.7146320940416774649699525509741128699662
corner 15 12 13 1.1895243092212625305147132453833991791148
corner 15 13 11 2.3790289039166464814406209702014937193133
face 1 4 1 2 3 6
facecorners 1 2.3786614927789080106335240222455781617691 1.1900444463948980851468401935099667889159 2.3786614927789080106335240222455781617691 1.1900444463948980851468401935099667889159
face 2 3 1 6 7
facecorners 2 1.1895243092212625305147132453833991791148 1.1895243092212625305147132453833991791148 1.1895243092212625305147132453833991791148
face 3 4 1 7 10 4
facecorners 3 1.5254751959581534052623362535466292483956 2.1109790098333368880449269792398684349268 1.5254751959581534052623362535466292483956 2.1109790098333368880449269792398684349268
face 4 3 1 4 2
facecorners 4 1.1895243092212625305147132453833991791148 1.1895243092212625305147132453833991791148 1.1895243092212625305147132453833991791148
face 5 3 2 4 8
facecorners 5 1.1895243092212625305147132453833991791148 1.1895243092212625305147132453833991791148 1.1895243092212625305147132453833991791148
face 6 4 2 8 12 5
facecorners 6 1.5245679331209008002343068368988414421339 2.1117577257691070854880943655580283734404 1.5245679331209008002343068368988414421339 2.1117577257691070854880943655580283734404
face 7 3 2 5 3
facecorners 7 1.1895243092212625305147132453833991791148 1.1895243092212625305147132453833991791148 1.1895243092212625305147132453833991791148
face 8 6 3 5 12 15 11 6
facecorners 8 2.7149995051794159357770494989300284275104 2.9819032721892168609224791556175782158391 2.1115093290815861304419762746805246545278 2.7146320940416774649699525509741128699662 2.9822979001174934080359266868076269907609 2.1111517336965818892392262388678292705660
face 9 5 4 10 13 12 8
facecorners 9 1.7931576789037245278509332965523389752379 2.1112772284598789913530299730711300496785 2.7145858888540315113045883703443633445925 1.4575837357558370157342904095962404926178 2.9819032721892168609224791556175782158391
face 10 5 6 11 14 10 7
facecorners 10 1.7924648178668439720245070887978105297976 2.1113366071790631642980881743035347120613 2.7146320940416774649699525509741128699662 1.4569085735402915497952072945578472912054 2.9826819881249870583656465419357381543527
face 11 3 10 14 13
facecorners 11 1.1895243092212625305147132453833991791148 1.1895243092212625305147132453833991791148 1.1895243092212625305147132453833991791148
face 12 4 11 15 13 14
facecorners 12 1.1895507998830299045912719054478440655721 2.3790289039166464814406209702014937193133 1.1895507998830299045912719054478440655721 2.3790289039166464814406209702014937193133
face 13 3 12 13 15
facecorners 13 1.1895243092212625305147132453833991791148 1.1895243092212625305147132453833991791148 1.1895243092212625305147132453833991791148
rattlerface 9 8
end
begin config C1-rattler-31
info base C1
info removed 5-9 9-11 9-15 1-6 13-15
info rattlers 9
info delta 1.000 e-3 rad: d = psi* - delta
info newton residual 1.24 e-73, min non-edge gap 5.071411 e-3
n 15
d 0.9355061543089923367175684691930560782513
point 1 0.8952444428132711187338695476218438879347 0.1758752534978560058827239819049610828063 0.4093962418232739790316305367259865804286
point 2 0.4101273150300853508379807075037389430490 0.8965159955835395683012025669163538541068 0.1674952391235881902542560925857833856067
point 3 0.1728516313729970711240570136818051510647 0.4160389929449503066819891987289014304671 0.8927675340653047759661887364166836265142
point 4 0.7994298971545700959108663006024036209363 0.3827113987128760914214155982104496489443 -0.4630807973028761464408578428312705894386
point 5 -0.4610235722433123633662416306364450065572 0.8017565688968362685731853079643554655978 0.3803204833647380395804109549663823530931
point 6 0.3803868281520802606226063134477530066520 -0.4570187853937528626343025218811919576039 0.8040147329282086141788284601885786419627
point 7 0.7797230994521058389378516506261956601951 -0.6259822816637065028899145399600119127937 0.0133443330257261094307017674839127910988
point 8 0.0056714288824625731532990538264137022443 0.7769331390444523480797336607788385583289 -0.6295575687329672980202814494388595145418
point 9 -0.6277569213899406882955038655436904248252 0.0025199327340644628558712706070863061712 0.7784053555738421418014022320777534725464
point 10 0.4652344600789668549298661167933680384026 -0.3854590649801870966683743115654016086210 -0.7968551978745147754821595499351994604022
point 11 -0.3738816908342026500762664799447883620258 -0.8077448259802022248051693700708066342080 0.4558078294206567608787680146988965533369
point 12 -0.8014927528679607194478932766576860708277 0.4603340769744168499000027365908800454560 -0.3817091886190974398583164861804801288817
point 13 -0.4006743533770267719668473693504547480721 -0.1570209553102532407092869250119004341901 -0.9026652104403697077395083307563217151094
point 14 -0.1827461964170062307856934631713753958430 -0.8880826654527993041087439747471698753701 -0.4217973530231885279821755363516677494714
point 15 -0.8991698376435345381457973683392888809054 -0.4078891392910622440559903637145311679838 -0.1584930696292306710318968982370658504226
edge 1 2
edge 1 3
edge 1 4
edge 1 7
edge 2 3
edge 2 4
edge 2 5
edge 2 8
edge 3 5
edge 3 6
edge 4 8
edge 4 10
edge 5 12
edge 6 7
edge 6 11
edge 7 10
edge 8 12
edge 10 13
edge 10 14
edge 11 14
edge 11 15
edge 12 13
edge 12 15
edge 13 14
edge 14 15
rattler 9
rot 1 4 2 3 7 4
rot 2 5 1 4 8 5 3
rot 3 4 1 2 5 6
rot 4 4 1 10 8 2
rot 5 3 2 12 3
rot 6 3 3 11 7
rot 7 3 1 6 10
rot 8 3 2 4 12
rot 10 4 4 7 14 13
rot 11 3 6 15 14
rot 12 4 5 8 13 15
rot 13 3 10 14 12
rot 14 4 10 11 15 13
rot 15 3 11 12 14
corner 1 2 3 1.1891858638899650821453808135861126411251
corner 1 3 7 2.3733059651436202082906269644549416063131
corner 1 7 4 1.5315076142560361043438981749318388798311
corner 1 4 2 1.1891858638899650821453808135861126411251
corner 2 1 4 1.1891858638899650821453808135861126411251
corner 2 4 8 1.1891858638899650821453808135861126411251
corner 2 8 5 1.5264418516197261483437635122145552038940
corner 2 5 3 1.1891858638899650821453808135861126411251
corner 2 3 1 1.1891858638899650821453808135861126411251
corner 3 1 2 1.1891858638899650821453808135861126411251
corner 3 2 5 1.1891858638899650821453808135861126411251
corner 3 5 6 2.7088352202224005130213539072416079592507
corner 3 6 1 1.1959783591772557996131712321451725268935
corner 4 1 10 2.1046360617005521036493911544174824132657
corner 4 10 8 1.8001775176991042089851339849692980728785
corner 4 8 2 1.1891858638899650821453808135861126411251
corner 4 2 1 1.1891858638899650821453808135861126411251
corner 5 2 12 2.1089951539466974070933140282786788660704
corner 5 12 3 2.9850042893429239876865919246942142611988
corner 5 3 2 1.1891858638899650821453808135861126411251
corner 6 3 11 2.1339871015167613077883913508265172444872
corner 6 11 7 1.7758922405192049608462684512775469175940
corner 6 7 3 2.3733059651436202082906269644549416063131
corner 7 1 6 1.1959783591772557996131712321451725268935
corner 7 6 10 2.9825708863017785736627243799963508282352
corner 7 10 1 2.1046360617005521036493911544174824132657
corner 8 2 4 1.1891858638899650821453808135861126411251
corner 8 4 12 2.9850042893429239876865919246942142611988
corner 8 12 2 2.1089951539466974070933140282786788660704
corner 10 4 7 1.5315076142560361043438981749318388798311
corner 10 7 14 1.4847658700027093826067286479791234005292
corner 10 14 13 1.1891858638899650821453808135861126411251
corner 10 13 4 2.0777259590308759078292791300619308469090
corner 11 6 15 2.9434481080463607203312746873850000500156
corner 11 15 14 1.1891858638899650821453808135861126411251
corner 11 14 6 2.1505513352432606744486312655878930772537
corner 12 5 8 1.5264418516197261483437635122145552038940
corner 12 8 13 1.4285030649886670473932759821721780740128
corner 12 13 15 1.2321109943436131863470448126389756392368
corner 12 15 5 2.0961293962275800948412024595332968512507
corner 13 10 14 1.1891858638899650821453808135861126411251
corner 13 14 12 2.3461365091182337560680616293088858899295
corner 13 12 10 2.7478629341713876387118443236640072373397
corner 14 10 11 2.6727025850560431262874803267478048469074
corner 14 11 15 1.1891858638899650821453808135861126411251
corner 14 15 13 1.2321109943436131863470448126389756392368
corner 14 13 10 1.1891858638899650821453808135861126411251
corner 15 11 12 2.7478629341713876387118443236640072373397
corner 15 12 14 2.3461365091182337560680616293088858899295
corner 15 14 11 1.1891858638899650821453808135861126411251
face 1 3 1 2 3
facecorners 1 1.1891858638899650821453808135861126411251 1.1891858638899650821453808135861126411251 1.1891858638899650821453808135861126411251
face 2 4 1 3 6 7
facecorners 2 2.3733059651436202082906269644549416063131 1.1959783591772557996131712321451725268935 2.3733059651436202082906269644549416063131 1.1959783591772557996131712321451725268935
face 3 4 1 7 10 4
facecorners 3 1.5315076142560361043438981749318388798311 2.1046360617005521036493911544174824132657 1.5315076142560361043438981749318388798311 2.1046360617005521036493911544174824132657
face 4 3 1 4 2
facecorners 4 1.1891858638899650821453808135861126411251 1.1891858638899650821453808135861126411251 1.1891858638899650821453808135861126411251
face 5 3 2 4 8
facecorners 5 1.1891858638899650821453808135861126411251 1.1891858638899650821453808135861126411251 1.1891858638899650821453808135861126411251
face 6 4 2 8 12 5
facecorners 6 1.5264418516197261483437635122145552038940 2.1089951539466974070933140282786788660704 1.5264418516197261483437635122145552038940 2.1089951539466974070933140282786788660704
face 7 3 2 5 3
facecorners 7 1.1891858638899650821453808135861126411251 1.1891858638899650821453808135861126411251 1.1891858638899650821453808135861126411251
face 8 6 3 5 12 15 11 6
facecorners 8 2.7088352202224005130213539072416079592507 2.9850042893429239876865919246942142611988 2.0961293962275800948412024595332968512507 2.7478629341713876387118443236640072373397 2.9434481080463607203312746873850000500156 2.1339871015167613077883913508265172444872
face 9 5 4 10 13 12 8
facecorners 9 1.8001775176991042089851339849692980728785 2.0777259590308759078292791300619308469090 2.7478629341713876387118443236640072373397 1.4285030649886670473932759821721780740128 2.9850042893429239876865919246942142611988
face 10 5 6 11 14 10 7
facecorners 10 1.7758922405192049608462684512775469175940 2.1505513352432606744486312655878930772537 2.6727025850560431262874803267478048469074 1.4847658700027093826067286479791234005292 2.9825708863017785736627243799963508282352
face 11 3 10 14 13
facecorners 11 1.1891858638899650821453808135861126411251 1.1891858638899650821453808135861126411251 1.1891858638899650821453808135861126411251
face 12 3 11 15 14
facecorners 12 1.1891858638899650821453808135861126411251 1.1891858638899650821453808135861126411251 1.1891858638899650821453808135861126411251
face 13 4 12 13 14 15
facecorners 13 1.2321109943436131863470448126389756392368 2.3461365091182337560680616293088858899295 1.2321109943436131863470448126389756392368 2.3461365091182337560680616293088858899295
rattlerface 9 8
end
