# The eight frame configurations of Section 2 of the paper and their mirror images (x -> -x).
# Built by optima.gp at realprecision 60; format in README.md.
begin config C3
info rows 1 2 3 4 5 6 7 8 9 13 14 15 16 17 18
info congruent to C3
info d = psi* = arccos u
n 15
d 0.9365061543089923367175684691930560782513
point 1 0.8950239687385675817752053027300069363982 0.1714903098093749755411220556254286252362 0.4117319140228847855850930801629745052897
point 2 0.4117319140228847855850930801629745052897 0.8950239687385675817752053027300069363982 0.1714903098093749755411220556254286252362
point 3 0.1714903098093749755411220556254286252362 0.4117319140228847855850930801629745052897 0.8950239687385675817752053027300069363982
point 4 0.8009928994820256966989893094450395527570 0.3819643241495056538159414100761232449542 -0.4609920064994498908133393714792726773162
point 5 -0.4609920064994498908133393714792726773162 0.8009928994820256966989893094450395527570 0.3819643241495056538159414100761232449542
point 6 0.3819643241495056538159414100761232449542 -0.4609920064994498908133393714792726773162 0.8009928994820256966989893094450395527570
point 7 0.7788399620322553112220048616995050840131 -0.6271780756254064502195746100187979488791 0.0074816439642001671733910575444910472665
point 8 0.0074816439642001671733910575444910472665 0.7788399620322553112220048616995050840131 -0.6271780756254064502195746100187979488791
point 9 -0.6271780756254064502195746100187979488791 0.0074816439642001671733910575444910472665 0.7788399620322553112220048616995050840131
point 10 0.4609920064994498908133393714792726773162 -0.3819643241495056538159414100761232449542 -0.8009928994820256966989893094450395527570
point 11 -0.3819643241495056538159414100761232449542 -0.8009928994820256966989893094450395527570 0.4609920064994498908133393714792726773162
point 12 -0.8009928994820256966989893094450395527570 0.4609920064994498908133393714792726773162 -0.3819643241495056538159414100761232449542
point 13 -0.4117319140228847855850930801629745052897 -0.1714903098093749755411220556254286252362 -0.8950239687385675817752053027300069363982
point 14 -0.1714903098093749755411220556254286252362 -0.8950239687385675817752053027300069363982 -0.4117319140228847855850930801629745052897
point 15 -0.8950239687385675817752053027300069363982 -0.4117319140228847855850930801629745052897 -0.1714903098093749755411220556254286252362
edge 1 2
edge 1 3
edge 1 4
edge 1 6
edge 1 7
edge 2 3
edge 2 4
edge 2 5
edge 2 8
edge 3 5
edge 3 6
edge 3 9
edge 4 8
edge 4 10
edge 5 9
edge 5 12
edge 6 7
edge 6 11
edge 7 10
edge 8 12
edge 9 11
edge 10 13
edge 10 14
edge 11 14
edge 11 15
edge 12 13
edge 12 15
edge 13 14
edge 13 15
edge 14 15
rot 1 5 2 3 6 7 4
rot 2 5 1 4 8 5 3
rot 3 5 1 2 5 9 6
rot 4 4 1 10 8 2
rot 5 4 2 12 9 3
rot 6 4 1 3 11 7
rot 7 3 1 6 10
rot 8 3 2 4 12
rot 9 3 3 5 11
rot 10 4 4 7 14 13
rot 11 4 6 9 15 14
rot 12 4 5 8 13 15
rot 13 4 10 14 15 12
rot 14 4 10 11 15 13
rot 15 4 11 12 13 14
corner 1 2 3 1.1895277306140861987233456459639027998854
corner 1 3 6 1.1895277306140861987233456459639027998854
corner 1 6 7 1.1895277306140861987233456459639027998854
corner 1 7 4 1.5250743847232416820319041827033945688527
corner 1 4 2 1.1895277306140861987233456459639027998854
corner 2 1 4 1.1895277306140861987233456459639027998854
corner 2 4 8 1.1895277306140861987233456459639027998854
corner 2 8 5 1.5250743847232416820319041827033945688527
corner 2 5 3 1.1895277306140861987233456459639027998854
corner 2 3 1 1.1895277306140861987233456459639027998854
corner 3 1 2 1.1895277306140861987233456459639027998854
corner 3 2 5 1.1895277306140861987233456459639027998854
corner 3 5 9 1.1895277306140861987233456459639027998854
corner 3 9 6 1.5250743847232416820319041827033945688527
corner 3 6 1 1.1895277306140861987233456459639027998854
corner 4 1 10 2.1113347268718540913921864503684149221215
corner 4 10 8 1.7927951190795599880864090242627852465021
corner 4 8 2 1.1895277306140861987233456459639027998854
corner 4 2 1 1.1895277306140861987233456459639027998854
corner 5 2 12 2.1113347268718540913921864503684149221215
corner 5 12 9 1.7927951190795599880864090242627852465021
corner 5 9 3 1.1895277306140861987233456459639027998854
corner 5 3 2 1.1895277306140861987233456459639027998854
corner 6 1 3 1.1895277306140861987233456459639027998854
corner 6 3 11 2.1113347268718540913921864503684149221215
corner 6 11 7 1.7927951190795599880864090242627852465021
corner 6 7 1 1.1895277306140861987233456459639027998854
corner 7 1 6 1.1895277306140861987233456459639027998854
corner 7 6 10 2.9823228496936461868097546702266880463874
corner 7 10 1 2.1113347268718540913921864503684149221215
corner 8 2 4 1.1895277306140861987233456459639027998854
corner 8 4 12 2.9823228496936461868097546702266880463874
corner 8 12 2 2.1113347268718540913921864503684149221215
corner 9 3 5 1.1895277306140861987233456459639027998854
corner 9 5 11 2.9823228496936461868097546702266880463874
corner 9 11 3 2.1113347268718540913921864503684149221215
corner 10 4 7 1.5250743847232416820319041827033945688527
corner 10 7 14 1.4572484649704045047778504875232934775347
corner 10 14 13 1.1895277306140861987233456459639027998854
corner 10 13 4 2.1113347268718540913921864503684149221215
corner 11 6 9 1.5250743847232416820319041827033945688527
corner 11 9 15 1.4572484649704045047778504875232934775347
corner 11 15 14 1.1895277306140861987233456459639027998854
corner 11 14 6 2.1113347268718540913921864503684149221215
corner 12 5 8 1.5250743847232416820319041827033945688527
corner 12 8 13 1.4572484649704045047778504875232934775347
corner 12 13 15 1.1895277306140861987233456459639027998854
corner 12 15 5 2.1113347268718540913921864503684149221215
corner 13 10 14 1.1895277306140861987233456459639027998854
corner 13 14 15 1.1895277306140861987233456459639027998854
corner 13 15 12 1.1895277306140861987233456459639027998854
corner 13 12 10 2.7146021153373278807552498286672973687381
corner 14 10 11 2.7146021153373278807552498286672973687381
corner 14 11 15 1.1895277306140861987233456459639027998854
corner 14 15 13 1.1895277306140861987233456459639027998854
corner 14 13 10 1.1895277306140861987233456459639027998854
corner 15 11 12 2.7146021153373278807552498286672973687381
corner 15 12 13 1.1895277306140861987233456459639027998854
corner 15 13 14 1.1895277306140861987233456459639027998854
corner 15 14 11 1.1895277306140861987233456459639027998854
face 1 3 1 2 3
facecorners 1 1.1895277306140861987233456459639027998854 1.1895277306140861987233456459639027998854 1.1895277306140861987233456459639027998854
face 2 3 1 3 6
facecorners 2 1.1895277306140861987233456459639027998854 1.1895277306140861987233456459639027998854 1.1895277306140861987233456459639027998854
face 3 3 1 6 7
facecorners 3 1.1895277306140861987233456459639027998854 1.1895277306140861987233456459639027998854 1.1895277306140861987233456459639027998854
face 4 4 1 7 10 4
facecorners 4 1.5250743847232416820319041827033945688527 2.1113347268718540913921864503684149221215 1.5250743847232416820319041827033945688527 2.1113347268718540913921864503684149221215
face 5 3 1 4 2
facecorners 5 1.1895277306140861987233456459639027998854 1.1895277306140861987233456459639027998854 1.1895277306140861987233456459639027998854
face 6 3 2 4 8
facecorners 6 1.1895277306140861987233456459639027998854 1.1895277306140861987233456459639027998854 1.1895277306140861987233456459639027998854
face 7 4 2 8 12 5
facecorners 7 1.5250743847232416820319041827033945688527 2.1113347268718540913921864503684149221215 1.5250743847232416820319041827033945688527 2.1113347268718540913921864503684149221215
face 8 3 2 5 3
facecorners 8 1.1895277306140861987233456459639027998854 1.1895277306140861987233456459639027998854 1.1895277306140861987233456459639027998854
face 9 3 3 5 9
facecorners 9 1.1895277306140861987233456459639027998854 1.1895277306140861987233456459639027998854 1.1895277306140861987233456459639027998854
face 10 4 3 9 11 6
facecorners 10 1.5250743847232416820319041827033945688527 2.1113347268718540913921864503684149221215 1.5250743847232416820319041827033945688527 2.1113347268718540913921864503684149221215
face 11 5 4 10 13 12 8
facecorners 11 1.7927951190795599880864090242627852465021 2.1113347268718540913921864503684149221215 2.7146021153373278807552498286672973687381 1.4572484649704045047778504875232934775347 2.9823228496936461868097546702266880463874
face 12 5 5 12 15 11 9
facecorners 12 1.7927951190795599880864090242627852465021 2.1113347268718540913921864503684149221215 2.7146021153373278807552498286672973687381 1.4572484649704045047778504875232934775347 2.9823228496936461868097546702266880463874
face 13 5 6 11 14 10 7
facecorners 13 1.7927951190795599880864090242627852465021 2.1113347268718540913921864503684149221215 2.7146021153373278807552498286672973687381 1.4572484649704045047778504875232934775347 2.9823228496936461868097546702266880463874
face 14 3 10 14 13
facecorners 14 1.1895277306140861987233456459639027998854 1.1895277306140861987233456459639027998854 1.1895277306140861987233456459639027998854
face 15 3 11 15 14
facecorners 15 1.1895277306140861987233456459639027998854 1.1895277306140861987233456459639027998854 1.1895277306140861987233456459639027998854
face 16 3 12 13 15
facecorners 16 1.1895277306140861987233456459639027998854 1.1895277306140861987233456459639027998854 1.1895277306140861987233456459639027998854
face 17 3 13 14 15
facecorners 17 1.1895277306140861987233456459639027998854 1.1895277306140861987233456459639027998854 1.1895277306140861987233456459639027998854
end
begin config C3-mirror
info rows 1 2 3 4 5 6 7 8 9 13 14 15 16 17 18
info congruent to C3 (mirror image, x -> -x)
info d = psi* = arccos u
n 15
d 0.9365061543089923367175684691930560782513
point 1 -0.8950239687385675817752053027300069363982 -0.1714903098093749755411220556254286252362 -0.4117319140228847855850930801629745052897
point 2 -0.4117319140228847855850930801629745052897 -0.8950239687385675817752053027300069363982 -0.1714903098093749755411220556254286252362
point 3 -0.1714903098093749755411220556254286252362 -0.4117319140228847855850930801629745052897 -0.8950239687385675817752053027300069363982
point 4 -0.8009928994820256966989893094450395527570 -0.3819643241495056538159414100761232449542 0.4609920064994498908133393714792726773162
point 5 0.4609920064994498908133393714792726773162 -0.8009928994820256966989893094450395527570 -0.3819643241495056538159414100761232449542
point 6 -0.3819643241495056538159414100761232449542 0.4609920064994498908133393714792726773162 -0.8009928994820256966989893094450395527570
point 7 -0.7788399620322553112220048616995050840131 0.6271780756254064502195746100187979488791 -0.0074816439642001671733910575444910472665
point 8 -0.0074816439642001671733910575444910472665 -0.7788399620322553112220048616995050840131 0.6271780756254064502195746100187979488791
point 9 0.6271780756254064502195746100187979488791 -0.0074816439642001671733910575444910472665 -0.7788399620322553112220048616995050840131
point 10 -0.4609920064994498908133393714792726773162 0.3819643241495056538159414100761232449542 0.8009928994820256966989893094450395527570
point 11 0.3819643241495056538159414100761232449542 0.8009928994820256966989893094450395527570 -0.4609920064994498908133393714792726773162
point 12 0.8009928994820256966989893094450395527570 -0.4609920064994498908133393714792726773162 0.3819643241495056538159414100761232449542
point 13 0.4117319140228847855850930801629745052897 0.1714903098093749755411220556254286252362 0.8950239687385675817752053027300069363982
point 14 0.1714903098093749755411220556254286252362 0.8950239687385675817752053027300069363982 0.4117319140228847855850930801629745052897
point 15 0.8950239687385675817752053027300069363982 0.4117319140228847855850930801629745052897 0.1714903098093749755411220556254286252362
edge 1 2
edge 1 3
edge 1 4
edge 1 6
edge 1 7
edge 2 3
edge 2 4
edge 2 5
edge 2 8
edge 3 5
edge 3 6
edge 3 9
edge 4 8
edge 4 10
edge 5 9
edge 5 12
edge 6 7
edge 6 11
edge 7 10
edge 8 12
edge 9 11
edge 10 13
edge 10 14
edge 11 14
edge 11 15
edge 12 13
edge 12 15
edge 13 14
edge 13 15
edge 14 15
rot 1 5 2 4 7 6 3
rot 2 5 1 3 5 8 4
rot 3 5 1 6 9 5 2
rot 4 4 1 2 8 10
rot 5 4 2 3 9 12
rot 6 4 1 7 11 3
rot 7 3 1 10 6
rot 8 3 2 12 4
rot 9 3 3 11 5
rot 10 4 4 13 14 7
rot 11 4 6 14 15 9
rot 12 4 5 15 13 8
rot 13 4 10 12 15 14
rot 14 4 10 13 15 11
rot 15 4 11 14 13 12
corner 1 2 4 1.1895277306140861987233456459639027998854
corner 1 4 7 1.5250743847232416820319041827033945688527
corner 1 7 6 1.1895277306140861987233456459639027998854
corner 1 6 3 1.1895277306140861987233456459639027998854
corner 1 3 2 1.1895277306140861987233456459639027998854
corner 2 1 3 1.1895277306140861987233456459639027998854
corner 2 3 5 1.1895277306140861987233456459639027998854
corner 2 5 8 1.5250743847232416820319041827033945688527
corner 2 8 4 1.1895277306140861987233456459639027998854
corner 2 4 1 1.1895277306140861987233456459639027998854
corner 3 1 6 1.1895277306140861987233456459639027998854
corner 3 6 9 1.5250743847232416820319041827033945688527
corner 3 9 5 1.1895277306140861987233456459639027998854
corner 3 5 2 1.1895277306140861987233456459639027998854
corner 3 2 1 1.1895277306140861987233456459639027998854
corner 4 1 2 1.1895277306140861987233456459639027998854
corner 4 2 8 1.1895277306140861987233456459639027998854
corner 4 8 10 1.7927951190795599880864090242627852465021
corner 4 10 1 2.1113347268718540913921864503684149221215
corner 5 2 3 1.1895277306140861987233456459639027998854
corner 5 3 9 1.1895277306140861987233456459639027998854
corner 5 9 12 1.7927951190795599880864090242627852465021
corner 5 12 2 2.1113347268718540913921864503684149221215
corner 6 1 7 1.1895277306140861987233456459639027998854
corner 6 7 11 1.7927951190795599880864090242627852465021
corner 6 11 3 2.1113347268718540913921864503684149221215
corner 6 3 1 1.1895277306140861987233456459639027998854
corner 7 1 10 2.1113347268718540913921864503684149221215
corner 7 10 6 2.9823228496936461868097546702266880463874
corner 7 6 1 1.1895277306140861987233456459639027998854
corner 8 2 12 2.1113347268718540913921864503684149221215
corner 8 12 4 2.9823228496936461868097546702266880463874
corner 8 4 2 1.1895277306140861987233456459639027998854
corner 9 3 11 2.1113347268718540913921864503684149221215
corner 9 11 5 2.9823228496936461868097546702266880463874
corner 9 5 3 1.1895277306140861987233456459639027998854
corner 10 4 13 2.1113347268718540913921864503684149221215
corner 10 13 14 1.1895277306140861987233456459639027998854
corner 10 14 7 1.4572484649704045047778504875232934775347
corner 10 7 4 1.5250743847232416820319041827033945688527
corner 11 6 14 2.1113347268718540913921864503684149221215
corner 11 14 15 1.1895277306140861987233456459639027998854
corner 11 15 9 1.4572484649704045047778504875232934775347
corner 11 9 6 1.5250743847232416820319041827033945688527
corner 12 5 15 2.1113347268718540913921864503684149221215
corner 12 15 13 1.1895277306140861987233456459639027998854
corner 12 13 8 1.4572484649704045047778504875232934775347
corner 12 8 5 1.5250743847232416820319041827033945688527
corner 13 10 12 2.7146021153373278807552498286672973687381
corner 13 12 15 1.1895277306140861987233456459639027998854
corner 13 15 14 1.1895277306140861987233456459639027998854
corner 13 14 10 1.1895277306140861987233456459639027998854
corner 14 10 13 1.1895277306140861987233456459639027998854
corner 14 13 15 1.1895277306140861987233456459639027998854
corner 14 15 11 1.1895277306140861987233456459639027998854
corner 14 11 10 2.7146021153373278807552498286672973687381
corner 15 11 14 1.1895277306140861987233456459639027998854
corner 15 14 13 1.1895277306140861987233456459639027998854
corner 15 13 12 1.1895277306140861987233456459639027998854
corner 15 12 11 2.7146021153373278807552498286672973687381
face 1 3 1 2 4
facecorners 1 1.1895277306140861987233456459639027998854 1.1895277306140861987233456459639027998854 1.1895277306140861987233456459639027998854
face 2 4 1 4 10 7
facecorners 2 1.5250743847232416820319041827033945688527 2.1113347268718540913921864503684149221215 1.5250743847232416820319041827033945688527 2.1113347268718540913921864503684149221215
face 3 3 1 7 6
facecorners 3 1.1895277306140861987233456459639027998854 1.1895277306140861987233456459639027998854 1.1895277306140861987233456459639027998854
face 4 3 1 6 3
facecorners 4 1.1895277306140861987233456459639027998854 1.1895277306140861987233456459639027998854 1.1895277306140861987233456459639027998854
face 5 3 1 3 2
facecorners 5 1.1895277306140861987233456459639027998854 1.1895277306140861987233456459639027998854 1.1895277306140861987233456459639027998854
face 6 3 2 3 5
facecorners 6 1.1895277306140861987233456459639027998854 1.1895277306140861987233456459639027998854 1.1895277306140861987233456459639027998854
face 7 4 2 5 12 8
facecorners 7 1.5250743847232416820319041827033945688527 2.1113347268718540913921864503684149221215 1.5250743847232416820319041827033945688527 2.1113347268718540913921864503684149221215
face 8 3 2 8 4
facecorners 8 1.1895277306140861987233456459639027998854 1.1895277306140861987233456459639027998854 1.1895277306140861987233456459639027998854
face 9 4 3 6 11 9
facecorners 9 1.5250743847232416820319041827033945688527 2.1113347268718540913921864503684149221215 1.5250743847232416820319041827033945688527 2.1113347268718540913921864503684149221215
face 10 3 3 9 5
facecorners 10 1.1895277306140861987233456459639027998854 1.1895277306140861987233456459639027998854 1.1895277306140861987233456459639027998854
face 11 5 4 8 12 13 10
facecorners 11 1.7927951190795599880864090242627852465021 2.9823228496936461868097546702266880463874 1.4572484649704045047778504875232934775347 2.7146021153373278807552498286672973687381 2.1113347268718540913921864503684149221215
face 12 5 5 9 11 15 12
facecorners 12 1.7927951190795599880864090242627852465021 2.9823228496936461868097546702266880463874 1.4572484649704045047778504875232934775347 2.7146021153373278807552498286672973687381 2.1113347268718540913921864503684149221215
face 13 5 6 7 10 14 11
facecorners 13 1.7927951190795599880864090242627852465021 2.9823228496936461868097546702266880463874 1.4572484649704045047778504875232934775347 2.7146021153373278807552498286672973687381 2.1113347268718540913921864503684149221215
face 14 3 10 13 14
facecorners 14 1.1895277306140861987233456459639027998854 1.1895277306140861987233456459639027998854 1.1895277306140861987233456459639027998854
face 15 3 11 14 15
facecorners 15 1.1895277306140861987233456459639027998854 1.1895277306140861987233456459639027998854 1.1895277306140861987233456459639027998854
face 16 3 12 15 13
facecorners 16 1.1895277306140861987233456459639027998854 1.1895277306140861987233456459639027998854 1.1895277306140861987233456459639027998854
face 17 3 13 15 14
facecorners 17 1.1895277306140861987233456459639027998854 1.1895277306140861987233456459639027998854 1.1895277306140861987233456459639027998854
end
begin config C1
info rows 1 2 3 4 5 6 7 8 11 13 14 15 16 17 18
info congruent to C1
info d = psi* = arccos u
n 15
d 0.9365061543089923367175684691930560782513
point 1 0.8950239687385675817752053027300069363982 0.1714903098093749755411220556254286252362 0.4117319140228847855850930801629745052897
point 2 0.4117319140228847855850930801629745052897 0.8950239687385675817752053027300069363982 0.1714903098093749755411220556254286252362
point 3 0.1714903098093749755411220556254286252362 0.4117319140228847855850930801629745052897 0.8950239687385675817752053027300069363982
point 4 0.8009928994820256966989893094450395527570 0.3819643241495056538159414100761232449542 -0.4609920064994498908133393714792726773162
point 5 -0.4609920064994498908133393714792726773162 0.8009928994820256966989893094450395527570 0.3819643241495056538159414100761232449542
point 6 0.3819643241495056538159414100761232449542 -0.4609920064994498908133393714792726773162 0.8009928994820256966989893094450395527570
point 7 0.7788399620322553112220048616995050840131 -0.6271780756254064502195746100187979488791 0.0074816439642001671733910575444910472665
point 8 0.0074816439642001671733910575444910472665 0.7788399620322553112220048616995050840131 -0.6271780756254064502195746100187979488791
point 9 -0.7788399620322553112220048616995050840131 -0.0074816439642001671733910575444910472665 0.6271780756254064502195746100187979488791
point 10 0.4609920064994498908133393714792726773162 -0.3819643241495056538159414100761232449542 -0.8009928994820256966989893094450395527570
point 11 -0.3819643241495056538159414100761232449542 -0.8009928994820256966989893094450395527570 0.4609920064994498908133393714792726773162
point 12 -0.8009928994820256966989893094450395527570 0.4609920064994498908133393714792726773162 -0.3819643241495056538159414100761232449542
point 13 -0.4117319140228847855850930801629745052897 -0.1714903098093749755411220556254286252362 -0.8950239687385675817752053027300069363982
point 14 -0.1714903098093749755411220556254286252362 -0.8950239687385675817752053027300069363982 -0.4117319140228847855850930801629745052897
point 15 -0.8950239687385675817752053027300069363982 -0.4117319140228847855850930801629745052897 -0.1714903098093749755411220556254286252362
edge 1 2
edge 1 3
edge 1 4
edge 1 6
edge 1 7
edge 2 3
edge 2 4
edge 2 5
edge 2 8
edge 3 5
edge 3 6
edge 4 8
edge 4 10
edge 5 9
edge 5 12
edge 6 7
edge 6 11
edge 7 10
edge 8 12
edge 9 11
edge 9 15
edge 10 13
edge 10 14
edge 11 14
edge 11 15
edge 12 13
edge 12 15
edge 13 14
edge 13 15
edge 14 15
rot 1 5 2 3 6 7 4
rot 2 5 1 4 8 5 3
rot 3 4 1 2 5 6
rot 4 4 1 10 8 2
rot 5 4 2 12 9 3
rot 6 4 1 3 11 7
rot 7 3 1 6 10
rot 8 3 2 4 12
rot 9 3 5 15 11
rot 10 4 4 7 14 13
rot 11 4 6 9 15 14
rot 12 4 5 8 13 15
rot 13 4 10 14 15 12
rot 14 4 10 11 15 13
rot 15 5 9 12 13 14 11
corner 1 2 3 1.1895277306140861987233456459639027998854
corner 1 3 6 1.1895277306140861987233456459639027998854
corner 1 6 7 1.1895277306140861987233456459639027998854
corner 1 7 4 1.5250743847232416820319041827033945688527
corner 1 4 2 1.1895277306140861987233456459639027998854
corner 2 1 4 1.1895277306140861987233456459639027998854
corner 2 4 8 1.1895277306140861987233456459639027998854
corner 2 8 5 1.5250743847232416820319041827033945688527
corner 2 5 3 1.1895277306140861987233456459639027998854
corner 2 3 1 1.1895277306140861987233456459639027998854
corner 3 1 2 1.1895277306140861987233456459639027998854
corner 3 2 5 1.1895277306140861987233456459639027998854
corner 3 5 6 2.7146021153373278807552498286672973687381
corner 3 6 1 1.1895277306140861987233456459639027998854
corner 4 1 10 2.1113347268718540913921864503684149221215
corner 4 10 8 1.7927951190795599880864090242627852465021
corner 4 8 2 1.1895277306140861987233456459639027998854
corner 4 2 1 1.1895277306140861987233456459639027998854
corner 5 2 12 2.1113347268718540913921864503684149221215
corner 5 12 9 1.5250743847232416820319041827033945688527
corner 5 9 3 1.4572484649704045047778504875232934775347
corner 5 3 2 1.1895277306140861987233456459639027998854
corner 6 1 3 1.1895277306140861987233456459639027998854
corner 6 3 11 2.1113347268718540913921864503684149221215
corner 6 11 7 1.7927951190795599880864090242627852465021
corner 6 7 1 1.1895277306140861987233456459639027998854
corner 7 1 6 1.1895277306140861987233456459639027998854
corner 7 6 10 2.9823228496936461868097546702266880463874
corner 7 10 1 2.1113347268718540913921864503684149221215
corner 8 2 4 1.1895277306140861987233456459639027998854
corner 8 4 12 2.9823228496936461868097546702266880463874
corner 8 12 2 2.1113347268718540913921864503684149221215
corner 9 5 15 2.1113347268718540913921864503684149221215
corner 9 15 11 1.1895277306140861987233456459639027998854
corner 9 11 5 2.9823228496936461868097546702266880463874
corner 10 4 7 1.5250743847232416820319041827033945688527
corner 10 7 14 1.4572484649704045047778504875232934775347
corner 10 14 13 1.1895277306140861987233456459639027998854
corner 10 13 4 2.1113347268718540913921864503684149221215
corner 11 6 9 1.7927951190795599880864090242627852465021
corner 11 9 15 1.1895277306140861987233456459639027998854
corner 11 15 14 1.1895277306140861987233456459639027998854
corner 11 14 6 2.1113347268718540913921864503684149221215
corner 12 5 8 1.5250743847232416820319041827033945688527
corner 12 8 13 1.4572484649704045047778504875232934775347
corner 12 13 15 1.1895277306140861987233456459639027998854
corner 12 15 5 2.1113347268718540913921864503684149221215
corner 13 10 14 1.1895277306140861987233456459639027998854
corner 13 14 15 1.1895277306140861987233456459639027998854
corner 13 15 12 1.1895277306140861987233456459639027998854
corner 13 12 10 2.7146021153373278807552498286672973687381
corner 14 10 11 2.7146021153373278807552498286672973687381
corner 14 11 15 1.1895277306140861987233456459639027998854
corner 14 15 13 1.1895277306140861987233456459639027998854
corner 14 13 10 1.1895277306140861987233456459639027998854
corner 15 9 12 1.5250743847232416820319041827033945688527
corner 15 12 13 1.1895277306140861987233456459639027998854
corner 15 13 14 1.1895277306140861987233456459639027998854
corner 15 14 11 1.1895277306140861987233456459639027998854
corner 15 11 9 1.1895277306140861987233456459639027998854
face 1 3 1 2 3
facecorners 1 1.1895277306140861987233456459639027998854 1.1895277306140861987233456459639027998854 1.1895277306140861987233456459639027998854
face 2 3 1 3 6
facecorners 2 1.1895277306140861987233456459639027998854 1.1895277306140861987233456459639027998854 1.1895277306140861987233456459639027998854
face 3 3 1 6 7
facecorners 3 1.1895277306140861987233456459639027998854 1.1895277306140861987233456459639027998854 1.1895277306140861987233456459639027998854
face 4 4 1 7 10 4
facecorners 4 1.5250743847232416820319041827033945688527 2.1113347268718540913921864503684149221215 1.5250743847232416820319041827033945688527 2.1113347268718540913921864503684149221215
face 5 3 1 4 2
facecorners 5 1.1895277306140861987233456459639027998854 1.1895277306140861987233456459639027998854 1.1895277306140861987233456459639027998854
face 6 3 2 4 8
facecorners 6 1.1895277306140861987233456459639027998854 1.1895277306140861987233456459639027998854 1.1895277306140861987233456459639027998854
face 7 4 2 8 12 5
facecorners 7 1.5250743847232416820319041827033945688527 2.1113347268718540913921864503684149221215 1.5250743847232416820319041827033945688527 2.1113347268718540913921864503684149221215
face 8 3 2 5 3
facecorners 8 1.1895277306140861987233456459639027998854 1.1895277306140861987233456459639027998854 1.1895277306140861987233456459639027998854
face 9 5 3 5 9 11 6
facecorners 9 2.7146021153373278807552498286672973687381 1.4572484649704045047778504875232934775347 2.9823228496936461868097546702266880463874 1.7927951190795599880864090242627852465021 2.1113347268718540913921864503684149221215
face 10 5 4 10 13 12 8
facecorners 10 1.7927951190795599880864090242627852465021 2.1113347268718540913921864503684149221215 2.7146021153373278807552498286672973687381 1.4572484649704045047778504875232934775347 2.9823228496936461868097546702266880463874
face 11 4 5 12 15 9
facecorners 11 1.5250743847232416820319041827033945688527 2.1113347268718540913921864503684149221215 1.5250743847232416820319041827033945688527 2.1113347268718540913921864503684149221215
face 12 5 6 11 14 10 7
facecorners 12 1.7927951190795599880864090242627852465021 2.1113347268718540913921864503684149221215 2.7146021153373278807552498286672973687381 1.4572484649704045047778504875232934775347 2.9823228496936461868097546702266880463874
face 13 3 9 15 11
facecorners 13 1.1895277306140861987233456459639027998854 1.1895277306140861987233456459639027998854 1.1895277306140861987233456459639027998854
face 14 3 10 14 13
facecorners 14 1.1895277306140861987233456459639027998854 1.1895277306140861987233456459639027998854 1.1895277306140861987233456459639027998854
face 15 3 11 15 14
facecorners 15 1.1895277306140861987233456459639027998854 1.1895277306140861987233456459639027998854 1.1895277306140861987233456459639027998854
face 16 3 12 13 15
facecorners 16 1.1895277306140861987233456459639027998854 1.1895277306140861987233456459639027998854 1.1895277306140861987233456459639027998854
face 17 3 13 14 15
facecorners 17 1.1895277306140861987233456459639027998854 1.1895277306140861987233456459639027998854 1.1895277306140861987233456459639027998854
end
begin config C1-mirror
info rows 1 2 3 4 5 6 7 8 11 13 14 15 16 17 18
info congruent to C1 (mirror image, x -> -x)
info d = psi* = arccos u
n 15
d 0.9365061543089923367175684691930560782513
point 1 -0.8950239687385675817752053027300069363982 -0.1714903098093749755411220556254286252362 -0.4117319140228847855850930801629745052897
point 2 -0.4117319140228847855850930801629745052897 -0.8950239687385675817752053027300069363982 -0.1714903098093749755411220556254286252362
point 3 -0.1714903098093749755411220556254286252362 -0.4117319140228847855850930801629745052897 -0.8950239687385675817752053027300069363982
point 4 -0.8009928994820256966989893094450395527570 -0.3819643241495056538159414100761232449542 0.4609920064994498908133393714792726773162
point 5 0.4609920064994498908133393714792726773162 -0.8009928994820256966989893094450395527570 -0.3819643241495056538159414100761232449542
point 6 -0.3819643241495056538159414100761232449542 0.4609920064994498908133393714792726773162 -0.8009928994820256966989893094450395527570
point 7 -0.7788399620322553112220048616995050840131 0.6271780756254064502195746100187979488791 -0.0074816439642001671733910575444910472665
point 8 -0.0074816439642001671733910575444910472665 -0.7788399620322553112220048616995050840131 0.6271780756254064502195746100187979488791
point 9 0.7788399620322553112220048616995050840131 0.0074816439642001671733910575444910472665 -0.6271780756254064502195746100187979488791
point 10 -0.4609920064994498908133393714792726773162 0.3819643241495056538159414100761232449542 0.8009928994820256966989893094450395527570
point 11 0.3819643241495056538159414100761232449542 0.8009928994820256966989893094450395527570 -0.4609920064994498908133393714792726773162
point 12 0.8009928994820256966989893094450395527570 -0.4609920064994498908133393714792726773162 0.3819643241495056538159414100761232449542
point 13 0.4117319140228847855850930801629745052897 0.1714903098093749755411220556254286252362 0.8950239687385675817752053027300069363982
point 14 0.1714903098093749755411220556254286252362 0.8950239687385675817752053027300069363982 0.4117319140228847855850930801629745052897
point 15 0.8950239687385675817752053027300069363982 0.4117319140228847855850930801629745052897 0.1714903098093749755411220556254286252362
edge 1 2
edge 1 3
edge 1 4
edge 1 6
edge 1 7
edge 2 3
edge 2 4
edge 2 5
edge 2 8
edge 3 5
edge 3 6
edge 4 8
edge 4 10
edge 5 9
edge 5 12
edge 6 7
edge 6 11
edge 7 10
edge 8 12
edge 9 11
edge 9 15
edge 10 13
edge 10 14
edge 11 14
edge 11 15
edge 12 13
edge 12 15
edge 13 14
edge 13 15
edge 14 15
rot 1 5 2 4 7 6 3
rot 2 5 1 3 5 8 4
rot 3 4 1 6 5 2
rot 4 4 1 2 8 10
rot 5 4 2 3 9 12
rot 6 4 1 7 11 3
rot 7 3 1 10 6
rot 8 3 2 12 4
rot 9 3 5 11 15
rot 10 4 4 13 14 7
rot 11 4 6 14 15 9
rot 12 4 5 15 13 8
rot 13 4 10 12 15 14
rot 14 4 10 13 15 11
rot 15 5 9 11 14 13 12
corner 1 2 4 1.1895277306140861987233456459639027998854
corner 1 4 7 1.5250743847232416820319041827033945688527
corner 1 7 6 1.1895277306140861987233456459639027998854
corner 1 6 3 1.1895277306140861987233456459639027998854
corner 1 3 2 1.1895277306140861987233456459639027998854
corner 2 1 3 1.1895277306140861987233456459639027998854
corner 2 3 5 1.1895277306140861987233456459639027998854
corner 2 5 8 1.5250743847232416820319041827033945688527
corner 2 8 4 1.1895277306140861987233456459639027998854
corner 2 4 1 1.1895277306140861987233456459639027998854
corner 3 1 6 1.1895277306140861987233456459639027998854
corner 3 6 5 2.7146021153373278807552498286672973687381
corner 3 5 2 1.1895277306140861987233456459639027998854
corner 3 2 1 1.1895277306140861987233456459639027998854
corner 4 1 2 1.1895277306140861987233456459639027998854
corner 4 2 8 1.1895277306140861987233456459639027998854
corner 4 8 10 1.7927951190795599880864090242627852465021
corner 4 10 1 2.1113347268718540913921864503684149221215
corner 5 2 3 1.1895277306140861987233456459639027998854
corner 5 3 9 1.4572484649704045047778504875232934775347
corner 5 9 12 1.5250743847232416820319041827033945688527
corner 5 12 2 2.1113347268718540913921864503684149221215
corner 6 1 7 1.1895277306140861987233456459639027998854
corner 6 7 11 1.7927951190795599880864090242627852465021
corner 6 11 3 2.1113347268718540913921864503684149221215
corner 6 3 1 1.1895277306140861987233456459639027998854
corner 7 1 10 2.1113347268718540913921864503684149221215
corner 7 10 6 2.9823228496936461868097546702266880463874
corner 7 6 1 1.1895277306140861987233456459639027998854
corner 8 2 12 2.1113347268718540913921864503684149221215
corner 8 12 4 2.9823228496936461868097546702266880463874
corner 8 4 2 1.1895277306140861987233456459639027998854
corner 9 5 11 2.9823228496936461868097546702266880463874
corner 9 11 15 1.1895277306140861987233456459639027998854
corner 9 15 5 2.1113347268718540913921864503684149221215
corner 10 4 13 2.1113347268718540913921864503684149221215
corner 10 13 14 1.1895277306140861987233456459639027998854
corner 10 14 7 1.4572484649704045047778504875232934775347
corner 10 7 4 1.5250743847232416820319041827033945688527
corner 11 6 14 2.1113347268718540913921864503684149221215
corner 11 14 15 1.1895277306140861987233456459639027998854
corner 11 15 9 1.1895277306140861987233456459639027998854
corner 11 9 6 1.7927951190795599880864090242627852465021
corner 12 5 15 2.1113347268718540913921864503684149221215
corner 12 15 13 1.1895277306140861987233456459639027998854
corner 12 13 8 1.4572484649704045047778504875232934775347
corner 12 8 5 1.5250743847232416820319041827033945688527
corner 13 10 12 2.7146021153373278807552498286672973687381
corner 13 12 15 1.1895277306140861987233456459639027998854
corner 13 15 14 1.1895277306140861987233456459639027998854
corner 13 14 10 1.1895277306140861987233456459639027998854
corner 14 10 13 1.1895277306140861987233456459639027998854
corner 14 13 15 1.1895277306140861987233456459639027998854
corner 14 15 11 1.1895277306140861987233456459639027998854
corner 14 11 10 2.7146021153373278807552498286672973687381
corner 15 9 11 1.1895277306140861987233456459639027998854
corner 15 11 14 1.1895277306140861987233456459639027998854
corner 15 14 13 1.1895277306140861987233456459639027998854
corner 15 13 12 1.1895277306140861987233456459639027998854
corner 15 12 9 1.5250743847232416820319041827033945688527
face 1 3 1 2 4
facecorners 1 1.1895277306140861987233456459639027998854 1.1895277306140861987233456459639027998854 1.1895277306140861987233456459639027998854
face 2 4 1 4 10 7
facecorners 2 1.5250743847232416820319041827033945688527 2.1113347268718540913921864503684149221215 1.5250743847232416820319041827033945688527 2.1113347268718540913921864503684149221215
face 3 3 1 7 6
facecorners 3 1.1895277306140861987233456459639027998854 1.1895277306140861987233456459639027998854 1.1895277306140861987233456459639027998854
face 4 3 1 6 3
facecorners 4 1.1895277306140861987233456459639027998854 1.1895277306140861987233456459639027998854 1.1895277306140861987233456459639027998854
face 5 3 1 3 2
facecorners 5 1.1895277306140861987233456459639027998854 1.1895277306140861987233456459639027998854 1.1895277306140861987233456459639027998854
face 6 3 2 3 5
facecorners 6 1.1895277306140861987233456459639027998854 1.1895277306140861987233456459639027998854 1.1895277306140861987233456459639027998854
face 7 4 2 5 12 8
facecorners 7 1.5250743847232416820319041827033945688527 2.1113347268718540913921864503684149221215 1.5250743847232416820319041827033945688527 2.1113347268718540913921864503684149221215
face 8 3 2 8 4
facecorners 8 1.1895277306140861987233456459639027998854 1.1895277306140861987233456459639027998854 1.1895277306140861987233456459639027998854
face 9 5 3 6 11 9 5
facecorners 9 2.7146021153373278807552498286672973687381 2.1113347268718540913921864503684149221215 1.7927951190795599880864090242627852465021 2.9823228496936461868097546702266880463874 1.4572484649704045047778504875232934775347
face 10 5 4 8 12 13 10
facecorners 10 1.7927951190795599880864090242627852465021 2.9823228496936461868097546702266880463874 1.4572484649704045047778504875232934775347 2.7146021153373278807552498286672973687381 2.1113347268718540913921864503684149221215
face 11 4 5 9 15 12
facecorners 11 1.5250743847232416820319041827033945688527 2.1113347268718540913921864503684149221215 1.5250743847232416820319041827033945688527 2.1113347268718540913921864503684149221215
face 12 5 6 7 10 14 11
facecorners 12 1.7927951190795599880864090242627852465021 2.9823228496936461868097546702266880463874 1.4572484649704045047778504875232934775347 2.7146021153373278807552498286672973687381 2.1113347268718540913921864503684149221215
face 13 3 9 11 15
facecorners 13 1.1895277306140861987233456459639027998854 1.1895277306140861987233456459639027998854 1.1895277306140861987233456459639027998854
face 14 3 10 13 14
facecorners 14 1.1895277306140861987233456459639027998854 1.1895277306140861987233456459639027998854 1.1895277306140861987233456459639027998854
face 15 3 11 14 15
facecorners 15 1.1895277306140861987233456459639027998854 1.1895277306140861987233456459639027998854 1.1895277306140861987233456459639027998854
face 16 3 12 15 13
facecorners 16 1.1895277306140861987233456459639027998854 1.1895277306140861987233456459639027998854 1.1895277306140861987233456459639027998854
face 17 3 13 15 14
facecorners 17 1.1895277306140861987233456459639027998854 1.1895277306140861987233456459639027998854 1.1895277306140861987233456459639027998854
end
begin config frame-7-10-9
info rows 1 2 3 4 5 6 7 9 10 13 14 15 16 17 18
info congruent to C1
info d = psi* = arccos u
n 15
d 0.9365061543089923367175684691930560782513
point 1 0.8950239687385675817752053027300069363982 0.1714903098093749755411220556254286252362 0.4117319140228847855850930801629745052897
point 2 0.4117319140228847855850930801629745052897 0.8950239687385675817752053027300069363982 0.1714903098093749755411220556254286252362
point 3 0.1714903098093749755411220556254286252362 0.4117319140228847855850930801629745052897 0.8950239687385675817752053027300069363982
point 4 0.8009928994820256966989893094450395527570 0.3819643241495056538159414100761232449542 -0.4609920064994498908133393714792726773162
point 5 -0.4609920064994498908133393714792726773162 0.8009928994820256966989893094450395527570 0.3819643241495056538159414100761232449542
point 6 0.3819643241495056538159414100761232449542 -0.4609920064994498908133393714792726773162 0.8009928994820256966989893094450395527570
point 7 0.7788399620322553112220048616995050840131 -0.6271780756254064502195746100187979488791 0.0074816439642001671733910575444910472665
point 8 -0.6271780756254064502195746100187979488791 0.0074816439642001671733910575444910472665 0.7788399620322553112220048616995050840131
point 9 -0.0074816439642001671733910575444910472665 0.6271780756254064502195746100187979488791 -0.7788399620322553112220048616995050840131
point 10 0.4609920064994498908133393714792726773162 -0.3819643241495056538159414100761232449542 -0.8009928994820256966989893094450395527570
point 11 -0.3819643241495056538159414100761232449542 -0.8009928994820256966989893094450395527570 0.4609920064994498908133393714792726773162
point 12 -0.8009928994820256966989893094450395527570 0.4609920064994498908133393714792726773162 -0.3819643241495056538159414100761232449542
point 13 -0.4117319140228847855850930801629745052897 -0.1714903098093749755411220556254286252362 -0.8950239687385675817752053027300069363982
point 14 -0.1714903098093749755411220556254286252362 -0.8950239687385675817752053027300069363982 -0.4117319140228847855850930801629745052897
point 15 -0.8950239687385675817752053027300069363982 -0.4117319140228847855850930801629745052897 -0.1714903098093749755411220556254286252362
edge 1 2
edge 1 3
edge 1 4
edge 1 6
edge 1 7
edge 2 3
edge 2 4
edge 2 5
edge 3 5
edge 3 6
edge 3 8
edge 4 9
edge 4 10
edge 5 8
edge 5 12
edge 6 7
edge 6 11
edge 7 10
edge 8 11
edge 9 12
edge 9 13
edge 10 13
edge 10 14
edge 11 14
edge 11 15
edge 12 13
edge 12 15
edge 13 14
edge 13 15
edge 14 15
rot 1 5 2 3 6 7 4
rot 2 4 1 4 5 3
rot 3 5 1 2 5 8 6
rot 4 4 1 10 9 2
rot 5 4 2 12 8 3
rot 6 4 1 3 11 7
rot 7 3 1 6 10
rot 8 3 3 5 11
rot 9 3 4 13 12
rot 10 4 4 7 14 13
rot 11 4 6 8 15 14
rot 12 4 5 9 13 15
rot 13 5 9 10 14 15 12
rot 14 4 10 11 15 13
rot 15 4 11 12 13 14
corner 1 2 3 1.1895277306140861987233456459639027998854
corner 1 3 6 1.1895277306140861987233456459639027998854
corner 1 6 7 1.1895277306140861987233456459639027998854
corner 1 7 4 1.5250743847232416820319041827033945688527
corner 1 4 2 1.1895277306140861987233456459639027998854
corner 2 1 4 1.1895277306140861987233456459639027998854
corner 2 4 5 2.7146021153373278807552498286672973687381
corner 2 5 3 1.1895277306140861987233456459639027998854
corner 2 3 1 1.1895277306140861987233456459639027998854
corner 3 1 2 1.1895277306140861987233456459639027998854
corner 3 2 5 1.1895277306140861987233456459639027998854
corner 3 5 8 1.1895277306140861987233456459639027998854
corner 3 8 6 1.5250743847232416820319041827033945688527
corner 3 6 1 1.1895277306140861987233456459639027998854
corner 4 1 10 2.1113347268718540913921864503684149221215
corner 4 10 9 1.5250743847232416820319041827033945688527
corner 4 9 2 1.4572484649704045047778504875232934775347
corner 4 2 1 1.1895277306140861987233456459639027998854
corner 5 2 12 2.1113347268718540913921864503684149221215
corner 5 12 8 1.7927951190795599880864090242627852465021
corner 5 8 3 1.1895277306140861987233456459639027998854
corner 5 3 2 1.1895277306140861987233456459639027998854
corner 6 1 3 1.1895277306140861987233456459639027998854
corner 6 3 11 2.1113347268718540913921864503684149221215
corner 6 11 7 1.7927951190795599880864090242627852465021
corner 6 7 1 1.1895277306140861987233456459639027998854
corner 7 1 6 1.1895277306140861987233456459639027998854
corner 7 6 10 2.9823228496936461868097546702266880463874
corner 7 10 1 2.1113347268718540913921864503684149221215
corner 8 3 5 1.1895277306140861987233456459639027998854
corner 8 5 11 2.9823228496936461868097546702266880463874
corner 8 11 3 2.1113347268718540913921864503684149221215
corner 9 4 13 2.1113347268718540913921864503684149221215
corner 9 13 12 1.1895277306140861987233456459639027998854
corner 9 12 4 2.9823228496936461868097546702266880463874
corner 10 4 7 1.5250743847232416820319041827033945688527
corner 10 7 14 1.4572484649704045047778504875232934775347
corner 10 14 13 1.1895277306140861987233456459639027998854
corner 10 13 4 2.1113347268718540913921864503684149221215
corner 11 6 8 1.5250743847232416820319041827033945688527
corner 11 8 15 1.4572484649704045047778504875232934775347
corner 11 15 14 1.1895277306140861987233456459639027998854
corner 11 14 6 2.1113347268718540913921864503684149221215
corner 12 5 9 1.7927951190795599880864090242627852465021
corner 12 9 13 1.1895277306140861987233456459639027998854
corner 12 13 15 1.1895277306140861987233456459639027998854
corner 12 15 5 2.1113347268718540913921864503684149221215
corner 13 9 10 1.5250743847232416820319041827033945688527
corner 13 10 14 1.1895277306140861987233456459639027998854
corner 13 14 15 1.1895277306140861987233456459639027998854
corner 13 15 12 1.1895277306140861987233456459639027998854
corner 13 12 9 1.1895277306140861987233456459639027998854
corner 14 10 11 2.7146021153373278807552498286672973687381
corner 14 11 15 1.1895277306140861987233456459639027998854
corner 14 15 13 1.1895277306140861987233456459639027998854
corner 14 13 10 1.1895277306140861987233456459639027998854
corner 15 11 12 2.7146021153373278807552498286672973687381
corner 15 12 13 1.1895277306140861987233456459639027998854
corner 15 13 14 1.1895277306140861987233456459639027998854
corner 15 14 11 1.1895277306140861987233456459639027998854
face 1 3 1 2 3
facecorners 1 1.1895277306140861987233456459639027998854 1.1895277306140861987233456459639027998854 1.1895277306140861987233456459639027998854
face 2 3 1 3 6
facecorners 2 1.1895277306140861987233456459639027998854 1.1895277306140861987233456459639027998854 1.1895277306140861987233456459639027998854
face 3 3 1 6 7
facecorners 3 1.1895277306140861987233456459639027998854 1.1895277306140861987233456459639027998854 1.1895277306140861987233456459639027998854
face 4 4 1 7 10 4
facecorners 4 1.5250743847232416820319041827033945688527 2.1113347268718540913921864503684149221215 1.5250743847232416820319041827033945688527 2.1113347268718540913921864503684149221215
face 5 3 1 4 2
facecorners 5 1.1895277306140861987233456459639027998854 1.1895277306140861987233456459639027998854 1.1895277306140861987233456459639027998854
face 6 5 2 4 9 12 5
facecorners 6 2.7146021153373278807552498286672973687381 1.4572484649704045047778504875232934775347 2.9823228496936461868097546702266880463874 1.7927951190795599880864090242627852465021 2.1113347268718540913921864503684149221215
face 7 3 2 5 3
facecorners 7 1.1895277306140861987233456459639027998854 1.1895277306140861987233456459639027998854 1.1895277306140861987233456459639027998854
face 8 3 3 5 8
facecorners 8 1.1895277306140861987233456459639027998854 1.1895277306140861987233456459639027998854 1.1895277306140861987233456459639027998854
face 9 4 3 8 11 6
facecorners 9 1.5250743847232416820319041827033945688527 2.1113347268718540913921864503684149221215 1.5250743847232416820319041827033945688527 2.1113347268718540913921864503684149221215
face 10 4 4 10 13 9
facecorners 10 1.5250743847232416820319041827033945688527 2.1113347268718540913921864503684149221215 1.5250743847232416820319041827033945688527 2.1113347268718540913921864503684149221215
face 11 5 5 12 15 11 8
facecorners 11 1.7927951190795599880864090242627852465021 2.1113347268718540913921864503684149221215 2.7146021153373278807552498286672973687381 1.4572484649704045047778504875232934775347 2.9823228496936461868097546702266880463874
face 12 5 6 11 14 10 7
facecorners 12 1.7927951190795599880864090242627852465021 2.1113347268718540913921864503684149221215 2.7146021153373278807552498286672973687381 1.4572484649704045047778504875232934775347 2.9823228496936461868097546702266880463874
face 13 3 9 13 12
facecorners 13 1.1895277306140861987233456459639027998854 1.1895277306140861987233456459639027998854 1.1895277306140861987233456459639027998854
face 14 3 10 14 13
facecorners 14 1.1895277306140861987233456459639027998854 1.1895277306140861987233456459639027998854 1.1895277306140861987233456459639027998854
face 15 3 11 15 14
facecorners 15 1.1895277306140861987233456459639027998854 1.1895277306140861987233456459639027998854 1.1895277306140861987233456459639027998854
face 16 3 12 13 15
facecorners 16 1.1895277306140861987233456459639027998854 1.1895277306140861987233456459639027998854 1.1895277306140861987233456459639027998854
face 17 3 13 14 15
facecorners 17 1.1895277306140861987233456459639027998854 1.1895277306140861987233456459639027998854 1.1895277306140861987233456459639027998854
end
begin config frame-7-10-9-mirror
info rows 1 2 3 4 5 6 7 9 10 13 14 15 16 17 18
info congruent to C1 (mirror image, x -> -x)
info d = psi* = arccos u
n 15
d 0.9365061543089923367175684691930560782513
point 1 -0.8950239687385675817752053027300069363982 -0.1714903098093749755411220556254286252362 -0.4117319140228847855850930801629745052897
point 2 -0.4117319140228847855850930801629745052897 -0.8950239687385675817752053027300069363982 -0.1714903098093749755411220556254286252362
point 3 -0.1714903098093749755411220556254286252362 -0.4117319140228847855850930801629745052897 -0.8950239687385675817752053027300069363982
point 4 -0.8009928994820256966989893094450395527570 -0.3819643241495056538159414100761232449542 0.4609920064994498908133393714792726773162
point 5 0.4609920064994498908133393714792726773162 -0.8009928994820256966989893094450395527570 -0.3819643241495056538159414100761232449542
point 6 -0.3819643241495056538159414100761232449542 0.4609920064994498908133393714792726773162 -0.8009928994820256966989893094450395527570
point 7 -0.7788399620322553112220048616995050840131 0.6271780756254064502195746100187979488791 -0.0074816439642001671733910575444910472665
point 8 0.6271780756254064502195746100187979488791 -0.0074816439642001671733910575444910472665 -0.7788399620322553112220048616995050840131
point 9 0.0074816439642001671733910575444910472665 -0.6271780756254064502195746100187979488791 0.7788399620322553112220048616995050840131
point 10 -0.4609920064994498908133393714792726773162 0.3819643241495056538159414100761232449542 0.8009928994820256966989893094450395527570
point 11 0.3819643241495056538159414100761232449542 0.8009928994820256966989893094450395527570 -0.4609920064994498908133393714792726773162
point 12 0.8009928994820256966989893094450395527570 -0.4609920064994498908133393714792726773162 0.3819643241495056538159414100761232449542
point 13 0.4117319140228847855850930801629745052897 0.1714903098093749755411220556254286252362 0.8950239687385675817752053027300069363982
point 14 0.1714903098093749755411220556254286252362 0.8950239687385675817752053027300069363982 0.4117319140228847855850930801629745052897
point 15 0.8950239687385675817752053027300069363982 0.4117319140228847855850930801629745052897 0.1714903098093749755411220556254286252362
edge 1 2
edge 1 3
edge 1 4
edge 1 6
edge 1 7
edge 2 3
edge 2 4
edge 2 5
edge 3 5
edge 3 6
edge 3 8
edge 4 9
edge 4 10
edge 5 8
edge 5 12
edge 6 7
edge 6 11
edge 7 10
edge 8 11
edge 9 12
edge 9 13
edge 10 13
edge 10 14
edge 11 14
edge 11 15
edge 12 13
edge 12 15
edge 13 14
edge 13 15
edge 14 15
rot 1 5 2 4 7 6 3
rot 2 4 1 3 5 4
rot 3 5 1 6 8 5 2
rot 4 4 1 2 9 10
rot 5 4 2 3 8 12
rot 6 4 1 7 11 3
rot 7 3 1 10 6
rot 8 3 3 11 5
rot 9 3 4 12 13
rot 10 4 4 13 14 7
rot 11 4 6 14 15 8
rot 12 4 5 15 13 9
rot 13 5 9 12 15 14 10
rot 14 4 10 13 15 11
rot 15 4 11 14 13 12
corner 1 2 4 1.1895277306140861987233456459639027998854
corner 1 4 7 1.5250743847232416820319041827033945688527
corner 1 7 6 1.1895277306140861987233456459639027998854
corner 1 6 3 1.1895277306140861987233456459639027998854
corner 1 3 2 1.1895277306140861987233456459639027998854
corner 2 1 3 1.1895277306140861987233456459639027998854
corner 2 3 5 1.1895277306140861987233456459639027998854
corner 2 5 4 2.7146021153373278807552498286672973687381
corner 2 4 1 1.1895277306140861987233456459639027998854
corner 3 1 6 1.1895277306140861987233456459639027998854
corner 3 6 8 1.5250743847232416820319041827033945688527
corner 3 8 5 1.1895277306140861987233456459639027998854
corner 3 5 2 1.1895277306140861987233456459639027998854
corner 3 2 1 1.1895277306140861987233456459639027998854
corner 4 1 2 1.1895277306140861987233456459639027998854
corner 4 2 9 1.4572484649704045047778504875232934775347
corner 4 9 10 1.5250743847232416820319041827033945688527
corner 4 10 1 2.1113347268718540913921864503684149221215
corner 5 2 3 1.1895277306140861987233456459639027998854
corner 5 3 8 1.1895277306140861987233456459639027998854
corner 5 8 12 1.7927951190795599880864090242627852465021
corner 5 12 2 2.1113347268718540913921864503684149221215
corner 6 1 7 1.1895277306140861987233456459639027998854
corner 6 7 11 1.7927951190795599880864090242627852465021
corner 6 11 3 2.1113347268718540913921864503684149221215
corner 6 3 1 1.1895277306140861987233456459639027998854
corner 7 1 10 2.1113347268718540913921864503684149221215
corner 7 10 6 2.9823228496936461868097546702266880463874
corner 7 6 1 1.1895277306140861987233456459639027998854
corner 8 3 11 2.1113347268718540913921864503684149221215
corner 8 11 5 2.9823228496936461868097546702266880463874
corner 8 5 3 1.1895277306140861987233456459639027998854
corner 9 4 12 2.9823228496936461868097546702266880463874
corner 9 12 13 1.1895277306140861987233456459639027998854
corner 9 13 4 2.1113347268718540913921864503684149221215
corner 10 4 13 2.1113347268718540913921864503684149221215
corner 10 13 14 1.1895277306140861987233456459639027998854
corner 10 14 7 1.4572484649704045047778504875232934775347
corner 10 7 4 1.5250743847232416820319041827033945688527
corner 11 6 14 2.1113347268718540913921864503684149221215
corner 11 14 15 1.1895277306140861987233456459639027998854
corner 11 15 8 1.4572484649704045047778504875232934775347
corner 11 8 6 1.5250743847232416820319041827033945688527
corner 12 5 15 2.1113347268718540913921864503684149221215
corner 12 15 13 1.1895277306140861987233456459639027998854
corner 12 13 9 1.1895277306140861987233456459639027998854
corner 12 9 5 1.7927951190795599880864090242627852465021
corner 13 9 12 1.1895277306140861987233456459639027998854
corner 13 12 15 1.1895277306140861987233456459639027998854
corner 13 15 14 1.1895277306140861987233456459639027998854
corner 13 14 10 1.1895277306140861987233456459639027998854
corner 13 10 9 1.5250743847232416820319041827033945688527
corner 14 10 13 1.1895277306140861987233456459639027998854
corner 14 13 15 1.1895277306140861987233456459639027998854
corner 14 15 11 1.1895277306140861987233456459639027998854
corner 14 11 10 2.7146021153373278807552498286672973687381
corner 15 11 14 1.1895277306140861987233456459639027998854
corner 15 14 13 1.1895277306140861987233456459639027998854
corner 15 13 12 1.1895277306140861987233456459639027998854
corner 15 12 11 2.7146021153373278807552498286672973687381
face 1 3 1 2 4
facecorners 1 1.1895277306140861987233456459639027998854 1.1895277306140861987233456459639027998854 1.1895277306140861987233456459639027998854
face 2 4 1 4 10 7
facecorners 2 1.5250743847232416820319041827033945688527 2.1113347268718540913921864503684149221215 1.5250743847232416820319041827033945688527 2.1113347268718540913921864503684149221215
face 3 3 1 7 6
facecorners 3 1.1895277306140861987233456459639027998854 1.1895277306140861987233456459639027998854 1.1895277306140861987233456459639027998854
face 4 3 1 6 3
facecorners 4 1.1895277306140861987233456459639027998854 1.1895277306140861987233456459639027998854 1.1895277306140861987233456459639027998854
face 5 3 1 3 2
facecorners 5 1.1895277306140861987233456459639027998854 1.1895277306140861987233456459639027998854 1.1895277306140861987233456459639027998854
face 6 3 2 3 5
facecorners 6 1.1895277306140861987233456459639027998854 1.1895277306140861987233456459639027998854 1.1895277306140861987233456459639027998854
face 7 5 2 5 12 9 4
facecorners 7 2.7146021153373278807552498286672973687381 2.1113347268718540913921864503684149221215 1.7927951190795599880864090242627852465021 2.9823228496936461868097546702266880463874 1.4572484649704045047778504875232934775347
face 8 4 3 6 11 8
facecorners 8 1.5250743847232416820319041827033945688527 2.1113347268718540913921864503684149221215 1.5250743847232416820319041827033945688527 2.1113347268718540913921864503684149221215
face 9 3 3 8 5
facecorners 9 1.1895277306140861987233456459639027998854 1.1895277306140861987233456459639027998854 1.1895277306140861987233456459639027998854
face 10 4 4 9 13 10
facecorners 10 1.5250743847232416820319041827033945688527 2.1113347268718540913921864503684149221215 1.5250743847232416820319041827033945688527 2.1113347268718540913921864503684149221215
face 11 5 5 8 11 15 12
facecorners 11 1.7927951190795599880864090242627852465021 2.9823228496936461868097546702266880463874 1.4572484649704045047778504875232934775347 2.7146021153373278807552498286672973687381 2.1113347268718540913921864503684149221215
face 12 5 6 7 10 14 11
facecorners 12 1.7927951190795599880864090242627852465021 2.9823228496936461868097546702266880463874 1.4572484649704045047778504875232934775347 2.7146021153373278807552498286672973687381 2.1113347268718540913921864503684149221215
face 13 3 9 12 13
facecorners 13 1.1895277306140861987233456459639027998854 1.1895277306140861987233456459639027998854 1.1895277306140861987233456459639027998854
face 14 3 10 13 14
facecorners 14 1.1895277306140861987233456459639027998854 1.1895277306140861987233456459639027998854 1.1895277306140861987233456459639027998854
face 15 3 11 14 15
facecorners 15 1.1895277306140861987233456459639027998854 1.1895277306140861987233456459639027998854 1.1895277306140861987233456459639027998854
face 16 3 12 15 13
facecorners 16 1.1895277306140861987233456459639027998854 1.1895277306140861987233456459639027998854 1.1895277306140861987233456459639027998854
face 17 3 13 15 14
facecorners 17 1.1895277306140861987233456459639027998854 1.1895277306140861987233456459639027998854 1.1895277306140861987233456459639027998854
end
begin config frame-7-10-11
info rows 1 2 3 4 5 6 7 10 11 13 14 15 16 17 18
info congruent to C1
info d = psi* = arccos u
n 15
d 0.9365061543089923367175684691930560782513
point 1 0.8950239687385675817752053027300069363982 0.1714903098093749755411220556254286252362 0.4117319140228847855850930801629745052897
point 2 0.4117319140228847855850930801629745052897 0.8950239687385675817752053027300069363982 0.1714903098093749755411220556254286252362
point 3 0.1714903098093749755411220556254286252362 0.4117319140228847855850930801629745052897 0.8950239687385675817752053027300069363982
point 4 0.8009928994820256966989893094450395527570 0.3819643241495056538159414100761232449542 -0.4609920064994498908133393714792726773162
point 5 -0.4609920064994498908133393714792726773162 0.8009928994820256966989893094450395527570 0.3819643241495056538159414100761232449542
point 6 0.3819643241495056538159414100761232449542 -0.4609920064994498908133393714792726773162 0.8009928994820256966989893094450395527570
point 7 0.7788399620322553112220048616995050840131 -0.6271780756254064502195746100187979488791 0.0074816439642001671733910575444910472665
point 8 -0.0074816439642001671733910575444910472665 0.6271780756254064502195746100187979488791 -0.7788399620322553112220048616995050840131
point 9 -0.7788399620322553112220048616995050840131 -0.0074816439642001671733910575444910472665 0.6271780756254064502195746100187979488791
point 10 0.4609920064994498908133393714792726773162 -0.3819643241495056538159414100761232449542 -0.8009928994820256966989893094450395527570
point 11 -0.3819643241495056538159414100761232449542 -0.8009928994820256966989893094450395527570 0.4609920064994498908133393714792726773162
point 12 -0.8009928994820256966989893094450395527570 0.4609920064994498908133393714792726773162 -0.3819643241495056538159414100761232449542
point 13 -0.4117319140228847855850930801629745052897 -0.1714903098093749755411220556254286252362 -0.8950239687385675817752053027300069363982
point 14 -0.1714903098093749755411220556254286252362 -0.8950239687385675817752053027300069363982 -0.4117319140228847855850930801629745052897
point 15 -0.8950239687385675817752053027300069363982 -0.4117319140228847855850930801629745052897 -0.1714903098093749755411220556254286252362
edge 1 2
edge 1 3
edge 1 4
edge 1 6
edge 1 7
edge 2 3
edge 2 4
edge 2 5
edge 3 5
edge 3 6
edge 4 8
edge 4 10
edge 5 9
edge 5 12
edge 6 7
edge 6 11
edge 7 10
edge 8 12
edge 8 13
edge 9 11
edge 9 15
edge 10 13
edge 10 14
edge 11 14
edge 11 15
edge 12 13
edge 12 15
edge 13 14
edge 13 15
edge 14 15
rot 1 5 2 3 6 7 4
rot 2 4 1 4 5 3
rot 3 4 1 2 5 6
rot 4 4 1 10 8 2
rot 5 4 2 12 9 3
rot 6 4 1 3 11 7
rot 7 3 1 6 10
rot 8 3 4 13 12
rot 9 3 5 15 11
rot 10 4 4 7 14 13
rot 11 4 6 9 15 14
rot 12 4 5 8 13 15
rot 13 5 8 10 14 15 12
rot 14 4 10 11 15 13
rot 15 5 9 12 13 14 11
corner 1 2 3 1.1895277306140861987233456459639027998854
corner 1 3 6 1.1895277306140861987233456459639027998854
corner 1 6 7 1.1895277306140861987233456459639027998854
corner 1 7 4 1.5250743847232416820319041827033945688527
corner 1 4 2 1.1895277306140861987233456459639027998854
corner 2 1 4 1.1895277306140861987233456459639027998854
corner 2 4 5 2.7146021153373278807552498286672973687381
corner 2 5 3 1.1895277306140861987233456459639027998854
corner 2 3 1 1.1895277306140861987233456459639027998854
corner 3 1 2 1.1895277306140861987233456459639027998854
corner 3 2 5 1.1895277306140861987233456459639027998854
corner 3 5 6 2.7146021153373278807552498286672973687381
corner 3 6 1 1.1895277306140861987233456459639027998854
corner 4 1 10 2.1113347268718540913921864503684149221215
corner 4 10 8 1.5250743847232416820319041827033945688527
corner 4 8 2 1.4572484649704045047778504875232934775347
corner 4 2 1 1.1895277306140861987233456459639027998854
corner 5 2 12 2.1113347268718540913921864503684149221215
corner 5 12 9 1.5250743847232416820319041827033945688527
corner 5 9 3 1.4572484649704045047778504875232934775347
corner 5 3 2 1.1895277306140861987233456459639027998854
corner 6 1 3 1.1895277306140861987233456459639027998854
corner 6 3 11 2.1113347268718540913921864503684149221215
corner 6 11 7 1.7927951190795599880864090242627852465021
corner 6 7 1 1.1895277306140861987233456459639027998854
corner 7 1 6 1.1895277306140861987233456459639027998854
corner 7 6 10 2.9823228496936461868097546702266880463874
corner 7 10 1 2.1113347268718540913921864503684149221215
corner 8 4 13 2.1113347268718540913921864503684149221215
corner 8 13 12 1.1895277306140861987233456459639027998854
corner 8 12 4 2.9823228496936461868097546702266880463874
corner 9 5 15 2.1113347268718540913921864503684149221215
corner 9 15 11 1.1895277306140861987233456459639027998854
corner 9 11 5 2.9823228496936461868097546702266880463874
corner 10 4 7 1.5250743847232416820319041827033945688527
corner 10 7 14 1.4572484649704045047778504875232934775347
corner 10 14 13 1.1895277306140861987233456459639027998854
corner 10 13 4 2.1113347268718540913921864503684149221215
corner 11 6 9 1.7927951190795599880864090242627852465021
corner 11 9 15 1.1895277306140861987233456459639027998854
corner 11 15 14 1.1895277306140861987233456459639027998854
corner 11 14 6 2.1113347268718540913921864503684149221215
corner 12 5 8 1.7927951190795599880864090242627852465021
corner 12 8 13 1.1895277306140861987233456459639027998854
corner 12 13 15 1.1895277306140861987233456459639027998854
corner 12 15 5 2.1113347268718540913921864503684149221215
corner 13 8 10 1.5250743847232416820319041827033945688527
corner 13 10 14 1.1895277306140861987233456459639027998854
corner 13 14 15 1.1895277306140861987233456459639027998854
corner 13 15 12 1.1895277306140861987233456459639027998854
corner 13 12 8 1.1895277306140861987233456459639027998854
corner 14 10 11 2.7146021153373278807552498286672973687381
corner 14 11 15 1.1895277306140861987233456459639027998854
corner 14 15 13 1.1895277306140861987233456459639027998854
corner 14 13 10 1.1895277306140861987233456459639027998854
corner 15 9 12 1.5250743847232416820319041827033945688527
corner 15 12 13 1.1895277306140861987233456459639027998854
corner 15 13 14 1.1895277306140861987233456459639027998854
corner 15 14 11 1.1895277306140861987233456459639027998854
corner 15 11 9 1.1895277306140861987233456459639027998854
face 1 3 1 2 3
facecorners 1 1.1895277306140861987233456459639027998854 1.1895277306140861987233456459639027998854 1.1895277306140861987233456459639027998854
face 2 3 1 3 6
facecorners 2 1.1895277306140861987233456459639027998854 1.1895277306140861987233456459639027998854 1.1895277306140861987233456459639027998854
face 3 3 1 6 7
facecorners 3 1.1895277306140861987233456459639027998854 1.1895277306140861987233456459639027998854 1.1895277306140861987233456459639027998854
face 4 4 1 7 10 4
facecorners 4 1.5250743847232416820319041827033945688527 2.1113347268718540913921864503684149221215 1.5250743847232416820319041827033945688527 2.1113347268718540913921864503684149221215
face 5 3 1 4 2
facecorners 5 1.1895277306140861987233456459639027998854 1.1895277306140861987233456459639027998854 1.1895277306140861987233456459639027998854
face 6 5 2 4 8 12 5
facecorners 6 2.7146021153373278807552498286672973687381 1.4572484649704045047778504875232934775347 2.9823228496936461868097546702266880463874 1.7927951190795599880864090242627852465021 2.1113347268718540913921864503684149221215
face 7 3 2 5 3
facecorners 7 1.1895277306140861987233456459639027998854 1.1895277306140861987233456459639027998854 1.1895277306140861987233456459639027998854
face 8 5 3 5 9 11 6
facecorners 8 2.7146021153373278807552498286672973687381 1.4572484649704045047778504875232934775347 2.9823228496936461868097546702266880463874 1.7927951190795599880864090242627852465021 2.1113347268718540913921864503684149221215
face 9 4 4 10 13 8
facecorners 9 1.5250743847232416820319041827033945688527 2.1113347268718540913921864503684149221215 1.5250743847232416820319041827033945688527 2.1113347268718540913921864503684149221215
face 10 4 5 12 15 9
facecorners 10 1.5250743847232416820319041827033945688527 2.1113347268718540913921864503684149221215 1.5250743847232416820319041827033945688527 2.1113347268718540913921864503684149221215
face 11 5 6 11 14 10 7
facecorners 11 1.7927951190795599880864090242627852465021 2.1113347268718540913921864503684149221215 2.7146021153373278807552498286672973687381 1.4572484649704045047778504875232934775347 2.9823228496936461868097546702266880463874
face 12 3 8 13 12
facecorners 12 1.1895277306140861987233456459639027998854 1.1895277306140861987233456459639027998854 1.1895277306140861987233456459639027998854
face 13 3 9 15 11
facecorners 13 1.1895277306140861987233456459639027998854 1.1895277306140861987233456459639027998854 1.1895277306140861987233456459639027998854
face 14 3 10 14 13
facecorners 14 1.1895277306140861987233456459639027998854 1.1895277306140861987233456459639027998854 1.1895277306140861987233456459639027998854
face 15 3 11 15 14
facecorners 15 1.1895277306140861987233456459639027998854 1.1895277306140861987233456459639027998854 1.1895277306140861987233456459639027998854
face 16 3 12 13 15
facecorners 16 1.1895277306140861987233456459639027998854 1.1895277306140861987233456459639027998854 1.1895277306140861987233456459639027998854
face 17 3 13 14 15
facecorners 17 1.1895277306140861987233456459639027998854 1.1895277306140861987233456459639027998854 1.1895277306140861987233456459639027998854
end
begin config frame-7-10-11-mirror
info rows 1 2 3 4 5 6 7 10 11 13 14 15 16 17 18
info congruent to C1 (mirror image, x -> -x)
info d = psi* = arccos u
n 15
d 0.9365061543089923367175684691930560782513
point 1 -0.8950239687385675817752053027300069363982 -0.1714903098093749755411220556254286252362 -0.4117319140228847855850930801629745052897
point 2 -0.4117319140228847855850930801629745052897 -0.8950239687385675817752053027300069363982 -0.1714903098093749755411220556254286252362
point 3 -0.1714903098093749755411220556254286252362 -0.4117319140228847855850930801629745052897 -0.8950239687385675817752053027300069363982
point 4 -0.8009928994820256966989893094450395527570 -0.3819643241495056538159414100761232449542 0.4609920064994498908133393714792726773162
point 5 0.4609920064994498908133393714792726773162 -0.8009928994820256966989893094450395527570 -0.3819643241495056538159414100761232449542
point 6 -0.3819643241495056538159414100761232449542 0.4609920064994498908133393714792726773162 -0.8009928994820256966989893094450395527570
point 7 -0.7788399620322553112220048616995050840131 0.6271780756254064502195746100187979488791 -0.0074816439642001671733910575444910472665
point 8 0.0074816439642001671733910575444910472665 -0.6271780756254064502195746100187979488791 0.7788399620322553112220048616995050840131
point 9 0.7788399620322553112220048616995050840131 0.0074816439642001671733910575444910472665 -0.6271780756254064502195746100187979488791
point 10 -0.4609920064994498908133393714792726773162 0.3819643241495056538159414100761232449542 0.8009928994820256966989893094450395527570
point 11 0.3819643241495056538159414100761232449542 0.8009928994820256966989893094450395527570 -0.4609920064994498908133393714792726773162
point 12 0.8009928994820256966989893094450395527570 -0.4609920064994498908133393714792726773162 0.3819643241495056538159414100761232449542
point 13 0.4117319140228847855850930801629745052897 0.1714903098093749755411220556254286252362 0.8950239687385675817752053027300069363982
point 14 0.1714903098093749755411220556254286252362 0.8950239687385675817752053027300069363982 0.4117319140228847855850930801629745052897
point 15 0.8950239687385675817752053027300069363982 0.4117319140228847855850930801629745052897 0.1714903098093749755411220556254286252362
edge 1 2
edge 1 3
edge 1 4
edge 1 6
edge 1 7
edge 2 3
edge 2 4
edge 2 5
edge 3 5
edge 3 6
edge 4 8
edge 4 10
edge 5 9
edge 5 12
edge 6 7
edge 6 11
edge 7 10
edge 8 12
edge 8 13
edge 9 11
edge 9 15
edge 10 13
edge 10 14
edge 11 14
edge 11 15
edge 12 13
edge 12 15
edge 13 14
edge 13 15
edge 14 15
rot 1 5 2 4 7 6 3
rot 2 4 1 3 5 4
rot 3 4 1 6 5 2
rot 4 4 1 2 8 10
rot 5 4 2 3 9 12
rot 6 4 1 7 11 3
rot 7 3 1 10 6
rot 8 3 4 12 13
rot 9 3 5 11 15
rot 10 4 4 13 14 7
rot 11 4 6 14 15 9
rot 12 4 5 15 13 8
rot 13 5 8 12 15 14 10
rot 14 4 10 13 15 11
rot 15 5 9 11 14 13 12
corner 1 2 4 1.1895277306140861987233456459639027998854
corner 1 4 7 1.5250743847232416820319041827033945688527
corner 1 7 6 1.1895277306140861987233456459639027998854
corner 1 6 3 1.1895277306140861987233456459639027998854
corner 1 3 2 1.1895277306140861987233456459639027998854
corner 2 1 3 1.1895277306140861987233456459639027998854
corner 2 3 5 1.1895277306140861987233456459639027998854
corner 2 5 4 2.7146021153373278807552498286672973687381
corner 2 4 1 1.1895277306140861987233456459639027998854
corner 3 1 6 1.1895277306140861987233456459639027998854
corner 3 6 5 2.7146021153373278807552498286672973687381
corner 3 5 2 1.1895277306140861987233456459639027998854
corner 3 2 1 1.1895277306140861987233456459639027998854
corner 4 1 2 1.1895277306140861987233456459639027998854
corner 4 2 8 1.4572484649704045047778504875232934775347
corner 4 8 10 1.5250743847232416820319041827033945688527
corner 4 10 1 2.1113347268718540913921864503684149221215
corner 5 2 3 1.1895277306140861987233456459639027998854
corner 5 3 9 1.4572484649704045047778504875232934775347
corner 5 9 12 1.5250743847232416820319041827033945688527
corner 5 12 2 2.1113347268718540913921864503684149221215
corner 6 1 7 1.1895277306140861987233456459639027998854
corner 6 7 11 1.7927951190795599880864090242627852465021
corner 6 11 3 2.1113347268718540913921864503684149221215
corner 6 3 1 1.1895277306140861987233456459639027998854
corner 7 1 10 2.1113347268718540913921864503684149221215
corner 7 10 6 2.9823228496936461868097546702266880463874
corner 7 6 1 1.1895277306140861987233456459639027998854
corner 8 4 12 2.9823228496936461868097546702266880463874
corner 8 12 13 1.1895277306140861987233456459639027998854
corner 8 13 4 2.1113347268718540913921864503684149221215
corner 9 5 11 2.9823228496936461868097546702266880463874
corner 9 11 15 1.1895277306140861987233456459639027998854
corner 9 15 5 2.1113347268718540913921864503684149221215
corner 10 4 13 2.1113347268718540913921864503684149221215
corner 10 13 14 1.1895277306140861987233456459639027998854
corner 10 14 7 1.4572484649704045047778504875232934775347
corner 10 7 4 1.5250743847232416820319041827033945688527
corner 11 6 14 2.1113347268718540913921864503684149221215
corner 11 14 15 1.1895277306140861987233456459639027998854
corner 11 15 9 1.1895277306140861987233456459639027998854
corner 11 9 6 1.7927951190795599880864090242627852465021
corner 12 5 15 2.1113347268718540913921864503684149221215
corner 12 15 13 1.1895277306140861987233456459639027998854
corner 12 13 8 1.1895277306140861987233456459639027998854
corner 12 8 5 1.7927951190795599880864090242627852465021
corner 13 8 12 1.1895277306140861987233456459639027998854
corner 13 12 15 1.1895277306140861987233456459639027998854
corner 13 15 14 1.1895277306140861987233456459639027998854
corner 13 14 10 1.1895277306140861987233456459639027998854
corner 13 10 8 1.5250743847232416820319041827033945688527
corner 14 10 13 1.1895277306140861987233456459639027998854
corner 14 13 15 1.1895277306140861987233456459639027998854
corner 14 15 11 1.1895277306140861987233456459639027998854
corner 14 11 10 2.7146021153373278807552498286672973687381
corner 15 9 11 1.1895277306140861987233456459639027998854
corner 15 11 14 1.1895277306140861987233456459639027998854
corner 15 14 13 1.1895277306140861987233456459639027998854
corner 15 13 12 1.1895277306140861987233456459639027998854
corner 15 12 9 1.5250743847232416820319041827033945688527
face 1 3 1 2 4
facecorners 1 1.1895277306140861987233456459639027998854 1.1895277306140861987233456459639027998854 1.1895277306140861987233456459639027998854
face 2 4 1 4 10 7
facecorners 2 1.5250743847232416820319041827033945688527 2.1113347268718540913921864503684149221215 1.5250743847232416820319041827033945688527 2.1113347268718540913921864503684149221215
face 3 3 1 7 6
facecorners 3 1.1895277306140861987233456459639027998854 1.1895277306140861987233456459639027998854 1.1895277306140861987233456459639027998854
face 4 3 1 6 3
facecorners 4 1.1895277306140861987233456459639027998854 1.1895277306140861987233456459639027998854 1.1895277306140861987233456459639027998854
face 5 3 1 3 2
facecorners 5 1.1895277306140861987233456459639027998854 1.1895277306140861987233456459639027998854 1.1895277306140861987233456459639027998854
face 6 3 2 3 5
facecorners 6 1.1895277306140861987233456459639027998854 1.1895277306140861987233456459639027998854 1.1895277306140861987233456459639027998854
face 7 5 2 5 12 8 4
facecorners 7 2.7146021153373278807552498286672973687381 2.1113347268718540913921864503684149221215 1.7927951190795599880864090242627852465021 2.9823228496936461868097546702266880463874 1.4572484649704045047778504875232934775347
face 8 5 3 6 11 9 5
facecorners 8 2.7146021153373278807552498286672973687381 2.1113347268718540913921864503684149221215 1.7927951190795599880864090242627852465021 2.9823228496936461868097546702266880463874 1.4572484649704045047778504875232934775347
face 9 4 4 8 13 10
facecorners 9 1.5250743847232416820319041827033945688527 2.1113347268718540913921864503684149221215 1.5250743847232416820319041827033945688527 2.1113347268718540913921864503684149221215
face 10 4 5 9 15 12
facecorners 10 1.5250743847232416820319041827033945688527 2.1113347268718540913921864503684149221215 1.5250743847232416820319041827033945688527 2.1113347268718540913921864503684149221215
face 11 5 6 7 10 14 11
facecorners 11 1.7927951190795599880864090242627852465021 2.9823228496936461868097546702266880463874 1.4572484649704045047778504875232934775347 2.7146021153373278807552498286672973687381 2.1113347268718540913921864503684149221215
face 12 3 8 12 13
facecorners 12 1.1895277306140861987233456459639027998854 1.1895277306140861987233456459639027998854 1.1895277306140861987233456459639027998854
face 13 3 9 11 15
facecorners 13 1.1895277306140861987233456459639027998854 1.1895277306140861987233456459639027998854 1.1895277306140861987233456459639027998854
face 14 3 10 13 14
facecorners 14 1.1895277306140861987233456459639027998854 1.1895277306140861987233456459639027998854 1.1895277306140861987233456459639027998854
face 15 3 11 14 15
facecorners 15 1.1895277306140861987233456459639027998854 1.1895277306140861987233456459639027998854 1.1895277306140861987233456459639027998854
face 16 3 12 15 13
facecorners 16 1.1895277306140861987233456459639027998854 1.1895277306140861987233456459639027998854 1.1895277306140861987233456459639027998854
face 17 3 13 15 14
facecorners 17 1.1895277306140861987233456459639027998854 1.1895277306140861987233456459639027998854 1.1895277306140861987233456459639027998854
end
begin config frame-12-8-9
info rows 1 2 3 4 5 6 8 9 12 13 14 15 16 17 18
info congruent to C1
info d = psi* = arccos u
n 15
d 0.9365061543089923367175684691930560782513
point 1 0.8950239687385675817752053027300069363982 0.1714903098093749755411220556254286252362 0.4117319140228847855850930801629745052897
point 2 0.4117319140228847855850930801629745052897 0.8950239687385675817752053027300069363982 0.1714903098093749755411220556254286252362
point 3 0.1714903098093749755411220556254286252362 0.4117319140228847855850930801629745052897 0.8950239687385675817752053027300069363982
point 4 0.8009928994820256966989893094450395527570 0.3819643241495056538159414100761232449542 -0.4609920064994498908133393714792726773162
point 5 -0.4609920064994498908133393714792726773162 0.8009928994820256966989893094450395527570 0.3819643241495056538159414100761232449542
point 6 0.3819643241495056538159414100761232449542 -0.4609920064994498908133393714792726773162 0.8009928994820256966989893094450395527570
point 7 0.0074816439642001671733910575444910472665 0.7788399620322553112220048616995050840131 -0.6271780756254064502195746100187979488791
point 8 -0.6271780756254064502195746100187979488791 0.0074816439642001671733910575444910472665 0.7788399620322553112220048616995050840131
point 9 0.6271780756254064502195746100187979488791 -0.7788399620322553112220048616995050840131 -0.0074816439642001671733910575444910472665
point 10 0.4609920064994498908133393714792726773162 -0.3819643241495056538159414100761232449542 -0.8009928994820256966989893094450395527570
point 11 -0.3819643241495056538159414100761232449542 -0.8009928994820256966989893094450395527570 0.4609920064994498908133393714792726773162
point 12 -0.8009928994820256966989893094450395527570 0.4609920064994498908133393714792726773162 -0.3819643241495056538159414100761232449542
point 13 -0.4117319140228847855850930801629745052897 -0.1714903098093749755411220556254286252362 -0.8950239687385675817752053027300069363982
point 14 -0.1714903098093749755411220556254286252362 -0.8950239687385675817752053027300069363982 -0.4117319140228847855850930801629745052897
point 15 -0.8950239687385675817752053027300069363982 -0.4117319140228847855850930801629745052897 -0.1714903098093749755411220556254286252362
edge 1 2
edge 1 3
edge 1 4
edge 1 6
edge 2 3
edge 2 4
edge 2 5
edge 2 7
edge 3 5
edge 3 6
edge 3 8
edge 4 7
edge 4 10
edge 5 8
edge 5 12
edge 6 9
edge 6 11
edge 7 12
edge 8 11
edge 9 10
edge 9 14
edge 10 13
edge 10 14
edge 11 14
edge 11 15
edge 12 13
edge 12 15
edge 13 14
edge 13 15
edge 14 15
rot 1 4 2 3 6 4
rot 2 5 1 4 7 5 3
rot 3 5 1 2 5 8 6
rot 4 4 1 10 7 2
rot 5 4 2 12 8 3
rot 6 4 1 3 11 9
rot 7 3 2 4 12
rot 8 3 3 5 11
rot 9 3 6 14 10
rot 10 4 4 9 14 13
rot 11 4 6 8 15 14
rot 12 4 5 7 13 15
rot 13 4 10 14 15 12
rot 14 5 9 11 15 13 10
rot 15 4 11 12 13 14
corner 1 2 3 1.1895277306140861987233456459639027998854
corner 1 3 6 1.1895277306140861987233456459639027998854
corner 1 6 4 2.7146021153373278807552498286672973687381
corner 1 4 2 1.1895277306140861987233456459639027998854
corner 2 1 4 1.1895277306140861987233456459639027998854
corner 2 4 7 1.1895277306140861987233456459639027998854
corner 2 7 5 1.5250743847232416820319041827033945688527
corner 2 5 3 1.1895277306140861987233456459639027998854
corner 2 3 1 1.1895277306140861987233456459639027998854
corner 3 1 2 1.1895277306140861987233456459639027998854
corner 3 2 5 1.1895277306140861987233456459639027998854
corner 3 5 8 1.1895277306140861987233456459639027998854
corner 3 8 6 1.5250743847232416820319041827033945688527
corner 3 6 1 1.1895277306140861987233456459639027998854
corner 4 1 10 2.1113347268718540913921864503684149221215
corner 4 10 7 1.7927951190795599880864090242627852465021
corner 4 7 2 1.1895277306140861987233456459639027998854
corner 4 2 1 1.1895277306140861987233456459639027998854
corner 5 2 12 2.1113347268718540913921864503684149221215
corner 5 12 8 1.7927951190795599880864090242627852465021
corner 5 8 3 1.1895277306140861987233456459639027998854
corner 5 3 2 1.1895277306140861987233456459639027998854
corner 6 1 3 1.1895277306140861987233456459639027998854
corner 6 3 11 2.1113347268718540913921864503684149221215
corner 6 11 9 1.5250743847232416820319041827033945688527
corner 6 9 1 1.4572484649704045047778504875232934775347
corner 7 2 4 1.1895277306140861987233456459639027998854
corner 7 4 12 2.9823228496936461868097546702266880463874
corner 7 12 2 2.1113347268718540913921864503684149221215
corner 8 3 5 1.1895277306140861987233456459639027998854
corner 8 5 11 2.9823228496936461868097546702266880463874
corner 8 11 3 2.1113347268718540913921864503684149221215
corner 9 6 14 2.1113347268718540913921864503684149221215
corner 9 14 10 1.1895277306140861987233456459639027998854
corner 9 10 6 2.9823228496936461868097546702266880463874
corner 10 4 9 1.7927951190795599880864090242627852465021
corner 10 9 14 1.1895277306140861987233456459639027998854
corner 10 14 13 1.1895277306140861987233456459639027998854
corner 10 13 4 2.1113347268718540913921864503684149221215
corner 11 6 8 1.5250743847232416820319041827033945688527
corner 11 8 15 1.4572484649704045047778504875232934775347
corner 11 15 14 1.1895277306140861987233456459639027998854
corner 11 14 6 2.1113347268718540913921864503684149221215
corner 12 5 7 1.5250743847232416820319041827033945688527
corner 12 7 13 1.4572484649704045047778504875232934775347
corner 12 13 15 1.1895277306140861987233456459639027998854
corner 12 15 5 2.1113347268718540913921864503684149221215
corner 13 10 14 1.1895277306140861987233456459639027998854
corner 13 14 15 1.1895277306140861987233456459639027998854
corner 13 15 12 1.1895277306140861987233456459639027998854
corner 13 12 10 2.7146021153373278807552498286672973687381
corner 14 9 11 1.5250743847232416820319041827033945688527
corner 14 11 15 1.1895277306140861987233456459639027998854
corner 14 15 13 1.1895277306140861987233456459639027998854
corner 14 13 10 1.1895277306140861987233456459639027998854
corner 14 10 9 1.1895277306140861987233456459639027998854
corner 15 11 12 2.7146021153373278807552498286672973687381
corner 15 12 13 1.1895277306140861987233456459639027998854
corner 15 13 14 1.1895277306140861987233456459639027998854
corner 15 14 11 1.1895277306140861987233456459639027998854
face 1 3 1 2 3
facecorners 1 1.1895277306140861987233456459639027998854 1.1895277306140861987233456459639027998854 1.1895277306140861987233456459639027998854
face 2 3 1 3 6
facecorners 2 1.1895277306140861987233456459639027998854 1.1895277306140861987233456459639027998854 1.1895277306140861987233456459639027998854
face 3 5 1 6 9 10 4
facecorners 3 2.7146021153373278807552498286672973687381 1.4572484649704045047778504875232934775347 2.9823228496936461868097546702266880463874 1.7927951190795599880864090242627852465021 2.1113347268718540913921864503684149221215
face 4 3 1 4 2
facecorners 4 1.1895277306140861987233456459639027998854 1.1895277306140861987233456459639027998854 1.1895277306140861987233456459639027998854
face 5 3 2 4 7
facecorners 5 1.1895277306140861987233456459639027998854 1.1895277306140861987233456459639027998854 1.1895277306140861987233456459639027998854
face 6 4 2 7 12 5
facecorners 6 1.5250743847232416820319041827033945688527 2.1113347268718540913921864503684149221215 1.5250743847232416820319041827033945688527 2.1113347268718540913921864503684149221215
face 7 3 2 5 3
facecorners 7 1.1895277306140861987233456459639027998854 1.1895277306140861987233456459639027998854 1.1895277306140861987233456459639027998854
face 8 3 3 5 8
facecorners 8 1.1895277306140861987233456459639027998854 1.1895277306140861987233456459639027998854 1.1895277306140861987233456459639027998854
face 9 4 3 8 11 6
facecorners 9 1.5250743847232416820319041827033945688527 2.1113347268718540913921864503684149221215 1.5250743847232416820319041827033945688527 2.1113347268718540913921864503684149221215
face 10 5 4 10 13 12 7
facecorners 10 1.7927951190795599880864090242627852465021 2.1113347268718540913921864503684149221215 2.7146021153373278807552498286672973687381 1.4572484649704045047778504875232934775347 2.9823228496936461868097546702266880463874
face 11 5 5 12 15 11 8
facecorners 11 1.7927951190795599880864090242627852465021 2.1113347268718540913921864503684149221215 2.7146021153373278807552498286672973687381 1.4572484649704045047778504875232934775347 2.9823228496936461868097546702266880463874
face 12 4 6 11 14 9
facecorners 12 1.5250743847232416820319041827033945688527 2.1113347268718540913921864503684149221215 1.5250743847232416820319041827033945688527 2.1113347268718540913921864503684149221215
face 13 3 9 14 10
facecorners 13 1.1895277306140861987233456459639027998854 1.1895277306140861987233456459639027998854 1.1895277306140861987233456459639027998854
face 14 3 10 14 13
facecorners 14 1.1895277306140861987233456459639027998854 1.1895277306140861987233456459639027998854 1.1895277306140861987233456459639027998854
face 15 3 11 15 14
facecorners 15 1.1895277306140861987233456459639027998854 1.1895277306140861987233456459639027998854 1.1895277306140861987233456459639027998854
face 16 3 12 13 15
facecorners 16 1.1895277306140861987233456459639027998854 1.1895277306140861987233456459639027998854 1.1895277306140861987233456459639027998854
face 17 3 13 14 15
facecorners 17 1.1895277306140861987233456459639027998854 1.1895277306140861987233456459639027998854 1.1895277306140861987233456459639027998854
end
begin config frame-12-8-9-mirror
info rows 1 2 3 4 5 6 8 9 12 13 14 15 16 17 18
info congruent to C1 (mirror image, x -> -x)
info d = psi* = arccos u
n 15
d 0.9365061543089923367175684691930560782513
point 1 -0.8950239687385675817752053027300069363982 -0.1714903098093749755411220556254286252362 -0.4117319140228847855850930801629745052897
point 2 -0.4117319140228847855850930801629745052897 -0.8950239687385675817752053027300069363982 -0.1714903098093749755411220556254286252362
point 3 -0.1714903098093749755411220556254286252362 -0.4117319140228847855850930801629745052897 -0.8950239687385675817752053027300069363982
point 4 -0.8009928994820256966989893094450395527570 -0.3819643241495056538159414100761232449542 0.4609920064994498908133393714792726773162
point 5 0.4609920064994498908133393714792726773162 -0.8009928994820256966989893094450395527570 -0.3819643241495056538159414100761232449542
point 6 -0.3819643241495056538159414100761232449542 0.4609920064994498908133393714792726773162 -0.8009928994820256966989893094450395527570
point 7 -0.0074816439642001671733910575444910472665 -0.7788399620322553112220048616995050840131 0.6271780756254064502195746100187979488791
point 8 0.6271780756254064502195746100187979488791 -0.0074816439642001671733910575444910472665 -0.7788399620322553112220048616995050840131
point 9 -0.6271780756254064502195746100187979488791 0.7788399620322553112220048616995050840131 0.0074816439642001671733910575444910472665
point 10 -0.4609920064994498908133393714792726773162 0.3819643241495056538159414100761232449542 0.8009928994820256966989893094450395527570
point 11 0.3819643241495056538159414100761232449542 0.8009928994820256966989893094450395527570 -0.4609920064994498908133393714792726773162
point 12 0.8009928994820256966989893094450395527570 -0.4609920064994498908133393714792726773162 0.3819643241495056538159414100761232449542
point 13 0.4117319140228847855850930801629745052897 0.1714903098093749755411220556254286252362 0.8950239687385675817752053027300069363982
point 14 0.1714903098093749755411220556254286252362 0.8950239687385675817752053027300069363982 0.4117319140228847855850930801629745052897
point 15 0.8950239687385675817752053027300069363982 0.4117319140228847855850930801629745052897 0.1714903098093749755411220556254286252362
edge 1 2
edge 1 3
edge 1 4
edge 1 6
edge 2 3
edge 2 4
edge 2 5
edge 2 7
edge 3 5
edge 3 6
edge 3 8
edge 4 7
edge 4 10
edge 5 8
edge 5 12
edge 6 9
edge 6 11
edge 7 12
edge 8 11
edge 9 10
edge 9 14
edge 10 13
edge 10 14
edge 11 14
edge 11 15
edge 12 13
edge 12 15
edge 13 14
edge 13 15
edge 14 15
rot 1 4 2 4 6 3
rot 2 5 1 3 5 7 4
rot 3 5 1 6 8 5 2
rot 4 4 1 2 7 10
rot 5 4 2 3 8 12
rot 6 4 1 9 11 3
rot 7 3 2 12 4
rot 8 3 3 11 5
rot 9 3 6 10 14
rot 10 4 4 13 14 9
rot 11 4 6 14 15 8
rot 12 4 5 15 13 7
rot 13 4 10 12 15 14
rot 14 5 9 10 13 15 11
rot 15 4 11 14 13 12
corner 1 2 4 1.1895277306140861987233456459639027998854
corner 1 4 6 2.7146021153373278807552498286672973687381
corner 1 6 3 1.1895277306140861987233456459639027998854
corner 1 3 2 1.1895277306140861987233456459639027998854
corner 2 1 3 1.1895277306140861987233456459639027998854
corner 2 3 5 1.1895277306140861987233456459639027998854
corner 2 5 7 1.5250743847232416820319041827033945688527
corner 2 7 4 1.1895277306140861987233456459639027998854
corner 2 4 1 1.1895277306140861987233456459639027998854
corner 3 1 6 1.1895277306140861987233456459639027998854
corner 3 6 8 1.5250743847232416820319041827033945688527
corner 3 8 5 1.1895277306140861987233456459639027998854
corner 3 5 2 1.1895277306140861987233456459639027998854
corner 3 2 1 1.1895277306140861987233456459639027998854
corner 4 1 2 1.1895277306140861987233456459639027998854
corner 4 2 7 1.1895277306140861987233456459639027998854
corner 4 7 10 1.7927951190795599880864090242627852465021
corner 4 10 1 2.1113347268718540913921864503684149221215
corner 5 2 3 1.1895277306140861987233456459639027998854
corner 5 3 8 1.1895277306140861987233456459639027998854
corner 5 8 12 1.7927951190795599880864090242627852465021
corner 5 12 2 2.1113347268718540913921864503684149221215
corner 6 1 9 1.4572484649704045047778504875232934775347
corner 6 9 11 1.5250743847232416820319041827033945688527
corner 6 11 3 2.1113347268718540913921864503684149221215
corner 6 3 1 1.1895277306140861987233456459639027998854
corner 7 2 12 2.1113347268718540913921864503684149221215
corner 7 12 4 2.9823228496936461868097546702266880463874
corner 7 4 2 1.1895277306140861987233456459639027998854
corner 8 3 11 2.1113347268718540913921864503684149221215
corner 8 11 5 2.9823228496936461868097546702266880463874
corner 8 5 3 1.1895277306140861987233456459639027998854
corner 9 6 10 2.9823228496936461868097546702266880463874
corner 9 10 14 1.1895277306140861987233456459639027998854
corner 9 14 6 2.1113347268718540913921864503684149221215
corner 10 4 13 2.1113347268718540913921864503684149221215
corner 10 13 14 1.1895277306140861987233456459639027998854
corner 10 14 9 1.1895277306140861987233456459639027998854
corner 10 9 4 1.7927951190795599880864090242627852465021
corner 11 6 14 2.1113347268718540913921864503684149221215
corner 11 14 15 1.1895277306140861987233456459639027998854
corner 11 15 8 1.4572484649704045047778504875232934775347
corner 11 8 6 1.5250743847232416820319041827033945688527
corner 12 5 15 2.1113347268718540913921864503684149221215
corner 12 15 13 1.1895277306140861987233456459639027998854
corner 12 13 7 1.4572484649704045047778504875232934775347
corner 12 7 5 1.5250743847232416820319041827033945688527
corner 13 10 12 2.7146021153373278807552498286672973687381
corner 13 12 15 1.1895277306140861987233456459639027998854
corner 13 15 14 1.1895277306140861987233456459639027998854
corner 13 14 10 1.1895277306140861987233456459639027998854
corner 14 9 10 1.1895277306140861987233456459639027998854
corner 14 10 13 1.1895277306140861987233456459639027998854
corner 14 13 15 1.1895277306140861987233456459639027998854
corner 14 15 11 1.1895277306140861987233456459639027998854
corner 14 11 9 1.5250743847232416820319041827033945688527
corner 15 11 14 1.1895277306140861987233456459639027998854
corner 15 14 13 1.1895277306140861987233456459639027998854
corner 15 13 12 1.1895277306140861987233456459639027998854
corner 15 12 11 2.7146021153373278807552498286672973687381
face 1 3 1 2 4
facecorners 1 1.1895277306140861987233456459639027998854 1.1895277306140861987233456459639027998854 1.1895277306140861987233456459639027998854
face 2 5 1 4 10 9 6
facecorners 2 2.7146021153373278807552498286672973687381 2.1113347268718540913921864503684149221215 1.7927951190795599880864090242627852465021 2.9823228496936461868097546702266880463874 1.4572484649704045047778504875232934775347
face 3 3 1 6 3
facecorners 3 1.1895277306140861987233456459639027998854 1.1895277306140861987233456459639027998854 1.1895277306140861987233456459639027998854
face 4 3 1 3 2
facecorners 4 1.1895277306140861987233456459639027998854 1.1895277306140861987233456459639027998854 1.1895277306140861987233456459639027998854
face 5 3 2 3 5
facecorners 5 1.1895277306140861987233456459639027998854 1.1895277306140861987233456459639027998854 1.1895277306140861987233456459639027998854
face 6 4 2 5 12 7
facecorners 6 1.5250743847232416820319041827033945688527 2.1113347268718540913921864503684149221215 1.5250743847232416820319041827033945688527 2.1113347268718540913921864503684149221215
face 7 3 2 7 4
facecorners 7 1.1895277306140861987233456459639027998854 1.1895277306140861987233456459639027998854 1.1895277306140861987233456459639027998854
face 8 4 3 6 11 8
facecorners 8 1.5250743847232416820319041827033945688527 2.1113347268718540913921864503684149221215 1.5250743847232416820319041827033945688527 2.1113347268718540913921864503684149221215
face 9 3 3 8 5
facecorners 9 1.1895277306140861987233456459639027998854 1.1895277306140861987233456459639027998854 1.1895277306140861987233456459639027998854
face 10 5 4 7 12 13 10
facecorners 10 1.7927951190795599880864090242627852465021 2.9823228496936461868097546702266880463874 1.4572484649704045047778504875232934775347 2.7146021153373278807552498286672973687381 2.1113347268718540913921864503684149221215
face 11 5 5 8 11 15 12
facecorners 11 1.7927951190795599880864090242627852465021 2.9823228496936461868097546702266880463874 1.4572484649704045047778504875232934775347 2.7146021153373278807552498286672973687381 2.1113347268718540913921864503684149221215
face 12 4 6 9 14 11
facecorners 12 1.5250743847232416820319041827033945688527 2.1113347268718540913921864503684149221215 1.5250743847232416820319041827033945688527 2.1113347268718540913921864503684149221215
face 13 3 9 10 14
facecorners 13 1.1895277306140861987233456459639027998854 1.1895277306140861987233456459639027998854 1.1895277306140861987233456459639027998854
face 14 3 10 13 14
facecorners 14 1.1895277306140861987233456459639027998854 1.1895277306140861987233456459639027998854 1.1895277306140861987233456459639027998854
face 15 3 11 14 15
facecorners 15 1.1895277306140861987233456459639027998854 1.1895277306140861987233456459639027998854 1.1895277306140861987233456459639027998854
face 16 3 12 15 13
facecorners 16 1.1895277306140861987233456459639027998854 1.1895277306140861987233456459639027998854 1.1895277306140861987233456459639027998854
face 17 3 13 15 14
facecorners 17 1.1895277306140861987233456459639027998854 1.1895277306140861987233456459639027998854 1.1895277306140861987233456459639027998854
end
begin config frame-12-8-11
info rows 1 2 3 4 5 6 8 11 12 13 14 15 16 17 18
info congruent to C1
info d = psi* = arccos u
n 15
d 0.9365061543089923367175684691930560782513
point 1 0.8950239687385675817752053027300069363982 0.1714903098093749755411220556254286252362 0.4117319140228847855850930801629745052897
point 2 0.4117319140228847855850930801629745052897 0.8950239687385675817752053027300069363982 0.1714903098093749755411220556254286252362
point 3 0.1714903098093749755411220556254286252362 0.4117319140228847855850930801629745052897 0.8950239687385675817752053027300069363982
point 4 0.8009928994820256966989893094450395527570 0.3819643241495056538159414100761232449542 -0.4609920064994498908133393714792726773162
point 5 -0.4609920064994498908133393714792726773162 0.8009928994820256966989893094450395527570 0.3819643241495056538159414100761232449542
point 6 0.3819643241495056538159414100761232449542 -0.4609920064994498908133393714792726773162 0.8009928994820256966989893094450395527570
point 7 0.0074816439642001671733910575444910472665 0.7788399620322553112220048616995050840131 -0.6271780756254064502195746100187979488791
point 8 -0.7788399620322553112220048616995050840131 -0.0074816439642001671733910575444910472665 0.6271780756254064502195746100187979488791
point 9 0.6271780756254064502195746100187979488791 -0.7788399620322553112220048616995050840131 -0.0074816439642001671733910575444910472665
point 10 0.4609920064994498908133393714792726773162 -0.3819643241495056538159414100761232449542 -0.8009928994820256966989893094450395527570
point 11 -0.3819643241495056538159414100761232449542 -0.8009928994820256966989893094450395527570 0.4609920064994498908133393714792726773162
point 12 -0.8009928994820256966989893094450395527570 0.4609920064994498908133393714792726773162 -0.3819643241495056538159414100761232449542
point 13 -0.4117319140228847855850930801629745052897 -0.1714903098093749755411220556254286252362 -0.8950239687385675817752053027300069363982
point 14 -0.1714903098093749755411220556254286252362 -0.8950239687385675817752053027300069363982 -0.4117319140228847855850930801629745052897
point 15 -0.8950239687385675817752053027300069363982 -0.4117319140228847855850930801629745052897 -0.1714903098093749755411220556254286252362
edge 1 2
edge 1 3
edge 1 4
edge 1 6
edge 2 3
edge 2 4
edge 2 5
edge 2 7
edge 3 5
edge 3 6
edge 4 7
edge 4 10
edge 5 8
edge 5 12
edge 6 9
edge 6 11
edge 7 12
edge 8 11
edge 8 15
edge 9 10
edge 9 14
edge 10 13
edge 10 14
edge 11 14
edge 11 15
edge 12 13
edge 12 15
edge 13 14
edge 13 15
edge 14 15
rot 1 4 2 3 6 4
rot 2 5 1 4 7 5 3
rot 3 4 1 2 5 6
rot 4 4 1 10 7 2
rot 5 4 2 12 8 3
rot 6 4 1 3 11 9
rot 7 3 2 4 12
rot 8 3 5 15 11
rot 9 3 6 14 10
rot 10 4 4 9 14 13
rot 11 4 6 8 15 14
rot 12 4 5 7 13 15
rot 13 4 10 14 15 12
rot 14 5 9 11 15 13 10
rot 15 5 8 12 13 14 11
corner 1 2 3 1.1895277306140861987233456459639027998854
corner 1 3 6 1.1895277306140861987233456459639027998854
corner 1 6 4 2.7146021153373278807552498286672973687381
corner 1 4 2 1.1895277306140861987233456459639027998854
corner 2 1 4 1.1895277306140861987233456459639027998854
corner 2 4 7 1.1895277306140861987233456459639027998854
corner 2 7 5 1.5250743847232416820319041827033945688527
corner 2 5 3 1.1895277306140861987233456459639027998854
corner 2 3 1 1.1895277306140861987233456459639027998854
corner 3 1 2 1.1895277306140861987233456459639027998854
corner 3 2 5 1.1895277306140861987233456459639027998854
corner 3 5 6 2.7146021153373278807552498286672973687381
corner 3 6 1 1.1895277306140861987233456459639027998854
corner 4 1 10 2.1113347268718540913921864503684149221215
corner 4 10 7 1.7927951190795599880864090242627852465021
corner 4 7 2 1.1895277306140861987233456459639027998854
corner 4 2 1 1.1895277306140861987233456459639027998854
corner 5 2 12 2.1113347268718540913921864503684149221215
corner 5 12 8 1.5250743847232416820319041827033945688527
corner 5 8 3 1.4572484649704045047778504875232934775347
corner 5 3 2 1.1895277306140861987233456459639027998854
corner 6 1 3 1.1895277306140861987233456459639027998854
corner 6 3 11 2.1113347268718540913921864503684149221215
corner 6 11 9 1.5250743847232416820319041827033945688527
corner 6 9 1 1.4572484649704045047778504875232934775347
corner 7 2 4 1.1895277306140861987233456459639027998854
corner 7 4 12 2.9823228496936461868097546702266880463874
corner 7 12 2 2.1113347268718540913921864503684149221215
corner 8 5 15 2.1113347268718540913921864503684149221215
corner 8 15 11 1.1895277306140861987233456459639027998854
corner 8 11 5 2.9823228496936461868097546702266880463874
corner 9 6 14 2.1113347268718540913921864503684149221215
corner 9 14 10 1.1895277306140861987233456459639027998854
corner 9 10 6 2.9823228496936461868097546702266880463874
corner 10 4 9 1.7927951190795599880864090242627852465021
corner 10 9 14 1.1895277306140861987233456459639027998854
corner 10 14 13 1.1895277306140861987233456459639027998854
corner 10 13 4 2.1113347268718540913921864503684149221215
corner 11 6 8 1.7927951190795599880864090242627852465021
corner 11 8 15 1.1895277306140861987233456459639027998854
corner 11 15 14 1.1895277306140861987233456459639027998854
corner 11 14 6 2.1113347268718540913921864503684149221215
corner 12 5 7 1.5250743847232416820319041827033945688527
corner 12 7 13 1.4572484649704045047778504875232934775347
corner 12 13 15 1.1895277306140861987233456459639027998854
corner 12 15 5 2.1113347268718540913921864503684149221215
corner 13 10 14 1.1895277306140861987233456459639027998854
corner 13 14 15 1.1895277306140861987233456459639027998854
corner 13 15 12 1.1895277306140861987233456459639027998854
corner 13 12 10 2.7146021153373278807552498286672973687381
corner 14 9 11 1.5250743847232416820319041827033945688527
corner 14 11 15 1.1895277306140861987233456459639027998854
corner 14 15 13 1.1895277306140861987233456459639027998854
corner 14 13 10 1.1895277306140861987233456459639027998854
corner 14 10 9 1.1895277306140861987233456459639027998854
corner 15 8 12 1.5250743847232416820319041827033945688527
corner 15 12 13 1.1895277306140861987233456459639027998854
corner 15 13 14 1.1895277306140861987233456459639027998854
corner 15 14 11 1.1895277306140861987233456459639027998854
corner 15 11 8 1.1895277306140861987233456459639027998854
face 1 3 1 2 3
facecorners 1 1.1895277306140861987233456459639027998854 1.1895277306140861987233456459639027998854 1.1895277306140861987233456459639027998854
face 2 3 1 3 6
facecorners 2 1.1895277306140861987233456459639027998854 1.1895277306140861987233456459639027998854 1.1895277306140861987233456459639027998854
face 3 5 1 6 9 10 4
facecorners 3 2.7146021153373278807552498286672973687381 1.4572484649704045047778504875232934775347 2.9823228496936461868097546702266880463874 1.7927951190795599880864090242627852465021 2.1113347268718540913921864503684149221215
face 4 3 1 4 2
facecorners 4 1.1895277306140861987233456459639027998854 1.1895277306140861987233456459639027998854 1.1895277306140861987233456459639027998854
face 5 3 2 4 7
facecorners 5 1.1895277306140861987233456459639027998854 1.1895277306140861987233456459639027998854 1.1895277306140861987233456459639027998854
face 6 4 2 7 12 5
facecorners 6 1.5250743847232416820319041827033945688527 2.1113347268718540913921864503684149221215 1.5250743847232416820319041827033945688527 2.1113347268718540913921864503684149221215
face 7 3 2 5 3
facecorners 7 1.1895277306140861987233456459639027998854 1.1895277306140861987233456459639027998854 1.1895277306140861987233456459639027998854
face 8 5 3 5 8 11 6
facecorners 8 2.7146021153373278807552498286672973687381 1.4572484649704045047778504875232934775347 2.9823228496936461868097546702266880463874 1.7927951190795599880864090242627852465021 2.1113347268718540913921864503684149221215
face 9 5 4 10 13 12 7
facecorners 9 1.7927951190795599880864090242627852465021 2.1113347268718540913921864503684149221215 2.7146021153373278807552498286672973687381 1.4572484649704045047778504875232934775347 2.9823228496936461868097546702266880463874
face 10 4 5 12 15 8
facecorners 10 1.5250743847232416820319041827033945688527 2.1113347268718540913921864503684149221215 1.5250743847232416820319041827033945688527 2.1113347268718540913921864503684149221215
face 11 4 6 11 14 9
facecorners 11 1.5250743847232416820319041827033945688527 2.1113347268718540913921864503684149221215 1.5250743847232416820319041827033945688527 2.1113347268718540913921864503684149221215
face 12 3 8 15 11
facecorners 12 1.1895277306140861987233456459639027998854 1.1895277306140861987233456459639027998854 1.1895277306140861987233456459639027998854
face 13 3 9 14 10
facecorners 13 1.1895277306140861987233456459639027998854 1.1895277306140861987233456459639027998854 1.1895277306140861987233456459639027998854
face 14 3 10 14 13
facecorners 14 1.1895277306140861987233456459639027998854 1.1895277306140861987233456459639027998854 1.1895277306140861987233456459639027998854
face 15 3 11 15 14
facecorners 15 1.1895277306140861987233456459639027998854 1.1895277306140861987233456459639027998854 1.1895277306140861987233456459639027998854
face 16 3 12 13 15
facecorners 16 1.1895277306140861987233456459639027998854 1.1895277306140861987233456459639027998854 1.1895277306140861987233456459639027998854
face 17 3 13 14 15
facecorners 17 1.1895277306140861987233456459639027998854 1.1895277306140861987233456459639027998854 1.1895277306140861987233456459639027998854
end
begin config frame-12-8-11-mirror
info rows 1 2 3 4 5 6 8 11 12 13 14 15 16 17 18
info congruent to C1 (mirror image, x -> -x)
info d = psi* = arccos u
n 15
d 0.9365061543089923367175684691930560782513
point 1 -0.8950239687385675817752053027300069363982 -0.1714903098093749755411220556254286252362 -0.4117319140228847855850930801629745052897
point 2 -0.4117319140228847855850930801629745052897 -0.8950239687385675817752053027300069363982 -0.1714903098093749755411220556254286252362
point 3 -0.1714903098093749755411220556254286252362 -0.4117319140228847855850930801629745052897 -0.8950239687385675817752053027300069363982
point 4 -0.8009928994820256966989893094450395527570 -0.3819643241495056538159414100761232449542 0.4609920064994498908133393714792726773162
point 5 0.4609920064994498908133393714792726773162 -0.8009928994820256966989893094450395527570 -0.3819643241495056538159414100761232449542
point 6 -0.3819643241495056538159414100761232449542 0.4609920064994498908133393714792726773162 -0.8009928994820256966989893094450395527570
point 7 -0.0074816439642001671733910575444910472665 -0.7788399620322553112220048616995050840131 0.6271780756254064502195746100187979488791
point 8 0.7788399620322553112220048616995050840131 0.0074816439642001671733910575444910472665 -0.6271780756254064502195746100187979488791
point 9 -0.6271780756254064502195746100187979488791 0.7788399620322553112220048616995050840131 0.0074816439642001671733910575444910472665
point 10 -0.4609920064994498908133393714792726773162 0.3819643241495056538159414100761232449542 0.8009928994820256966989893094450395527570
point 11 0.3819643241495056538159414100761232449542 0.8009928994820256966989893094450395527570 -0.4609920064994498908133393714792726773162
point 12 0.8009928994820256966989893094450395527570 -0.4609920064994498908133393714792726773162 0.3819643241495056538159414100761232449542
point 13 0.4117319140228847855850930801629745052897 0.1714903098093749755411220556254286252362 0.8950239687385675817752053027300069363982
point 14 0.1714903098093749755411220556254286252362 0.8950239687385675817752053027300069363982 0.4117319140228847855850930801629745052897
point 15 0.8950239687385675817752053027300069363982 0.4117319140228847855850930801629745052897 0.1714903098093749755411220556254286252362
edge 1 2
edge 1 3
edge 1 4
edge 1 6
edge 2 3
edge 2 4
edge 2 5
edge 2 7
edge 3 5
edge 3 6
edge 4 7
edge 4 10
edge 5 8
edge 5 12
edge 6 9
edge 6 11
edge 7 12
edge 8 11
edge 8 15
edge 9 10
edge 9 14
edge 10 13
edge 10 14
edge 11 14
edge 11 15
edge 12 13
edge 12 15
edge 13 14
edge 13 15
edge 14 15
rot 1 4 2 4 6 3
rot 2 5 1 3 5 7 4
rot 3 4 1 6 5 2
rot 4 4 1 2 7 10
rot 5 4 2 3 8 12
rot 6 4 1 9 11 3
rot 7 3 2 12 4
rot 8 3 5 11 15
rot 9 3 6 10 14
rot 10 4 4 13 14 9
rot 11 4 6 14 15 8
rot 12 4 5 15 13 7
rot 13 4 10 12 15 14
rot 14 5 9 10 13 15 11
rot 15 5 8 11 14 13 12
corner 1 2 4 1.1895277306140861987233456459639027998854
corner 1 4 6 2.7146021153373278807552498286672973687381
corner 1 6 3 1.1895277306140861987233456459639027998854
corner 1 3 2 1.1895277306140861987233456459639027998854
corner 2 1 3 1.1895277306140861987233456459639027998854
corner 2 3 5 1.1895277306140861987233456459639027998854
corner 2 5 7 1.5250743847232416820319041827033945688527
corner 2 7 4 1.1895277306140861987233456459639027998854
corner 2 4 1 1.1895277306140861987233456459639027998854
corner 3 1 6 1.1895277306140861987233456459639027998854
corner 3 6 5 2.7146021153373278807552498286672973687381
corner 3 5 2 1.1895277306140861987233456459639027998854
corner 3 2 1 1.1895277306140861987233456459639027998854
corner 4 1 2 1.1895277306140861987233456459639027998854
corner 4 2 7 1.1895277306140861987233456459639027998854
corner 4 7 10 1.7927951190795599880864090242627852465021
corner 4 10 1 2.1113347268718540913921864503684149221215
corner 5 2 3 1.1895277306140861987233456459639027998854
corner 5 3 8 1.4572484649704045047778504875232934775347
corner 5 8 12 1.5250743847232416820319041827033945688527
corner 5 12 2 2.1113347268718540913921864503684149221215
corner 6 1 9 1.4572484649704045047778504875232934775347
corner 6 9 11 1.5250743847232416820319041827033945688527
corner 6 11 3 2.1113347268718540913921864503684149221215
corner 6 3 1 1.1895277306140861987233456459639027998854
corner 7 2 12 2.1113347268718540913921864503684149221215
corner 7 12 4 2.9823228496936461868097546702266880463874
corner 7 4 2 1.1895277306140861987233456459639027998854
corner 8 5 11 2.9823228496936461868097546702266880463874
corner 8 11 15 1.1895277306140861987233456459639027998854
corner 8 15 5 2.1113347268718540913921864503684149221215
corner 9 6 10 2.9823228496936461868097546702266880463874
corner 9 10 14 1.1895277306140861987233456459639027998854
corner 9 14 6 2.1113347268718540913921864503684149221215
corner 10 4 13 2.1113347268718540913921864503684149221215
corner 10 13 14 1.1895277306140861987233456459639027998854
corner 10 14 9 1.1895277306140861987233456459639027998854
corner 10 9 4 1.7927951190795599880864090242627852465021
corner 11 6 14 2.1113347268718540913921864503684149221215
corner 11 14 15 1.1895277306140861987233456459639027998854
corner 11 15 8 1.1895277306140861987233456459639027998854
corner 11 8 6 1.7927951190795599880864090242627852465021
corner 12 5 15 2.1113347268718540913921864503684149221215
corner 12 15 13 1.1895277306140861987233456459639027998854
corner 12 13 7 1.4572484649704045047778504875232934775347
corner 12 7 5 1.5250743847232416820319041827033945688527
corner 13 10 12 2.7146021153373278807552498286672973687381
corner 13 12 15 1.1895277306140861987233456459639027998854
corner 13 15 14 1.1895277306140861987233456459639027998854
corner 13 14 10 1.1895277306140861987233456459639027998854
corner 14 9 10 1.1895277306140861987233456459639027998854
corner 14 10 13 1.1895277306140861987233456459639027998854
corner 14 13 15 1.1895277306140861987233456459639027998854
corner 14 15 11 1.1895277306140861987233456459639027998854
corner 14 11 9 1.5250743847232416820319041827033945688527
corner 15 8 11 1.1895277306140861987233456459639027998854
corner 15 11 14 1.1895277306140861987233456459639027998854
corner 15 14 13 1.1895277306140861987233456459639027998854
corner 15 13 12 1.1895277306140861987233456459639027998854
corner 15 12 8 1.5250743847232416820319041827033945688527
face 1 3 1 2 4
facecorners 1 1.1895277306140861987233456459639027998854 1.1895277306140861987233456459639027998854 1.1895277306140861987233456459639027998854
face 2 5 1 4 10 9 6
facecorners 2 2.7146021153373278807552498286672973687381 2.1113347268718540913921864503684149221215 1.7927951190795599880864090242627852465021 2.9823228496936461868097546702266880463874 1.4572484649704045047778504875232934775347
face 3 3 1 6 3
facecorners 3 1.1895277306140861987233456459639027998854 1.1895277306140861987233456459639027998854 1.1895277306140861987233456459639027998854
face 4 3 1 3 2
facecorners 4 1.1895277306140861987233456459639027998854 1.1895277306140861987233456459639027998854 1.1895277306140861987233456459639027998854
face 5 3 2 3 5
facecorners 5 1.1895277306140861987233456459639027998854 1.1895277306140861987233456459639027998854 1.1895277306140861987233456459639027998854
face 6 4 2 5 12 7
facecorners 6 1.5250743847232416820319041827033945688527 2.1113347268718540913921864503684149221215 1.5250743847232416820319041827033945688527 2.1113347268718540913921864503684149221215
face 7 3 2 7 4
facecorners 7 1.1895277306140861987233456459639027998854 1.1895277306140861987233456459639027998854 1.1895277306140861987233456459639027998854
face 8 5 3 6 11 8 5
facecorners 8 2.7146021153373278807552498286672973687381 2.1113347268718540913921864503684149221215 1.7927951190795599880864090242627852465021 2.9823228496936461868097546702266880463874 1.4572484649704045047778504875232934775347
face 9 5 4 7 12 13 10
facecorners 9 1.7927951190795599880864090242627852465021 2.9823228496936461868097546702266880463874 1.4572484649704045047778504875232934775347 2.7146021153373278807552498286672973687381 2.1113347268718540913921864503684149221215
face 10 4 5 8 15 12
facecorners 10 1.5250743847232416820319041827033945688527 2.1113347268718540913921864503684149221215 1.5250743847232416820319041827033945688527 2.1113347268718540913921864503684149221215
face 11 4 6 9 14 11
facecorners 11 1.5250743847232416820319041827033945688527 2.1113347268718540913921864503684149221215 1.5250743847232416820319041827033945688527 2.1113347268718540913921864503684149221215
face 12 3 8 11 15
facecorners 12 1.1895277306140861987233456459639027998854 1.1895277306140861987233456459639027998854 1.1895277306140861987233456459639027998854
face 13 3 9 10 14
facecorners 13 1.1895277306140861987233456459639027998854 1.1895277306140861987233456459639027998854 1.1895277306140861987233456459639027998854
face 14 3 10 13 14
facecorners 14 1.1895277306140861987233456459639027998854 1.1895277306140861987233456459639027998854 1.1895277306140861987233456459639027998854
face 15 3 11 14 15
facecorners 15 1.1895277306140861987233456459639027998854 1.1895277306140861987233456459639027998854 1.1895277306140861987233456459639027998854
face 16 3 12 15 13
facecorners 16 1.1895277306140861987233456459639027998854 1.1895277306140861987233456459639027998854 1.1895277306140861987233456459639027998854
face 17 3 13 15 14
facecorners 17 1.1895277306140861987233456459639027998854 1.1895277306140861987233456459639027998854 1.1895277306140861987233456459639027998854
end
begin config frame-12-10-9
info rows 1 2 3 4 5 6 9 10 12 13 14 15 16 17 18
info congruent to C1
info d = psi* = arccos u
n 15
d 0.9365061543089923367175684691930560782513
point 1 0.8950239687385675817752053027300069363982 0.1714903098093749755411220556254286252362 0.4117319140228847855850930801629745052897
point 2 0.4117319140228847855850930801629745052897 0.8950239687385675817752053027300069363982 0.1714903098093749755411220556254286252362
point 3 0.1714903098093749755411220556254286252362 0.4117319140228847855850930801629745052897 0.8950239687385675817752053027300069363982
point 4 0.8009928994820256966989893094450395527570 0.3819643241495056538159414100761232449542 -0.4609920064994498908133393714792726773162
point 5 -0.4609920064994498908133393714792726773162 0.8009928994820256966989893094450395527570 0.3819643241495056538159414100761232449542
point 6 0.3819643241495056538159414100761232449542 -0.4609920064994498908133393714792726773162 0.8009928994820256966989893094450395527570
point 7 -0.6271780756254064502195746100187979488791 0.0074816439642001671733910575444910472665 0.7788399620322553112220048616995050840131
point 8 -0.0074816439642001671733910575444910472665 0.6271780756254064502195746100187979488791 -0.7788399620322553112220048616995050840131
point 9 0.6271780756254064502195746100187979488791 -0.7788399620322553112220048616995050840131 -0.0074816439642001671733910575444910472665
point 10 0.4609920064994498908133393714792726773162 -0.3819643241495056538159414100761232449542 -0.8009928994820256966989893094450395527570
point 11 -0.3819643241495056538159414100761232449542 -0.8009928994820256966989893094450395527570 0.4609920064994498908133393714792726773162
point 12 -0.8009928994820256966989893094450395527570 0.4609920064994498908133393714792726773162 -0.3819643241495056538159414100761232449542
point 13 -0.4117319140228847855850930801629745052897 -0.1714903098093749755411220556254286252362 -0.8950239687385675817752053027300069363982
point 14 -0.1714903098093749755411220556254286252362 -0.8950239687385675817752053027300069363982 -0.4117319140228847855850930801629745052897
point 15 -0.8950239687385675817752053027300069363982 -0.4117319140228847855850930801629745052897 -0.1714903098093749755411220556254286252362
edge 1 2
edge 1 3
edge 1 4
edge 1 6
edge 2 3
edge 2 4
edge 2 5
edge 3 5
edge 3 6
edge 3 7
edge 4 8
edge 4 10
edge 5 7
edge 5 12
edge 6 9
edge 6 11
edge 7 11
edge 8 12
edge 8 13
edge 9 10
edge 9 14
edge 10 13
edge 10 14
edge 11 14
edge 11 15
edge 12 13
edge 12 15
edge 13 14
edge 13 15
edge 14 15
rot 1 4 2 3 6 4
rot 2 4 1 4 5 3
rot 3 5 1 2 5 7 6
rot 4 4 1 10 8 2
rot 5 4 2 12 7 3
rot 6 4 1 3 11 9
rot 7 3 3 5 11
rot 8 3 4 13 12
rot 9 3 6 14 10
rot 10 4 4 9 14 13
rot 11 4 6 7 15 14
rot 12 4 5 8 13 15
rot 13 5 8 10 14 15 12
rot 14 5 9 11 15 13 10
rot 15 4 11 12 13 14
corner 1 2 3 1.1895277306140861987233456459639027998854
corner 1 3 6 1.1895277306140861987233456459639027998854
corner 1 6 4 2.7146021153373278807552498286672973687381
corner 1 4 2 1.1895277306140861987233456459639027998854
corner 2 1 4 1.1895277306140861987233456459639027998854
corner 2 4 5 2.7146021153373278807552498286672973687381
corner 2 5 3 1.1895277306140861987233456459639027998854
corner 2 3 1 1.1895277306140861987233456459639027998854
corner 3 1 2 1.1895277306140861987233456459639027998854
corner 3 2 5 1.1895277306140861987233456459639027998854
corner 3 5 7 1.1895277306140861987233456459639027998854
corner 3 7 6 1.5250743847232416820319041827033945688527
corner 3 6 1 1.1895277306140861987233456459639027998854
corner 4 1 10 2.1113347268718540913921864503684149221215
corner 4 10 8 1.5250743847232416820319041827033945688527
corner 4 8 2 1.4572484649704045047778504875232934775347
corner 4 2 1 1.1895277306140861987233456459639027998854
corner 5 2 12 2.1113347268718540913921864503684149221215
corner 5 12 7 1.7927951190795599880864090242627852465021
corner 5 7 3 1.1895277306140861987233456459639027998854
corner 5 3 2 1.1895277306140861987233456459639027998854
corner 6 1 3 1.1895277306140861987233456459639027998854
corner 6 3 11 2.1113347268718540913921864503684149221215
corner 6 11 9 1.5250743847232416820319041827033945688527
corner 6 9 1 1.4572484649704045047778504875232934775347
corner 7 3 5 1.1895277306140861987233456459639027998854
corner 7 5 11 2.9823228496936461868097546702266880463874
corner 7 11 3 2.1113347268718540913921864503684149221215
corner 8 4 13 2.1113347268718540913921864503684149221215
corner 8 13 12 1.1895277306140861987233456459639027998854
corner 8 12 4 2.9823228496936461868097546702266880463874
corner 9 6 14 2.1113347268718540913921864503684149221215
corner 9 14 10 1.1895277306140861987233456459639027998854
corner 9 10 6 2.9823228496936461868097546702266880463874
corner 10 4 9 1.7927951190795599880864090242627852465021
corner 10 9 14 1.1895277306140861987233456459639027998854
corner 10 14 13 1.1895277306140861987233456459639027998854
corner 10 13 4 2.1113347268718540913921864503684149221215
corner 11 6 7 1.5250743847232416820319041827033945688527
corner 11 7 15 1.4572484649704045047778504875232934775347
corner 11 15 14 1.1895277306140861987233456459639027998854
corner 11 14 6 2.1113347268718540913921864503684149221215
corner 12 5 8 1.7927951190795599880864090242627852465021
corner 12 8 13 1.1895277306140861987233456459639027998854
corner 12 13 15 1.1895277306140861987233456459639027998854
corner 12 15 5 2.1113347268718540913921864503684149221215
corner 13 8 10 1.5250743847232416820319041827033945688527
corner 13 10 14 1.1895277306140861987233456459639027998854
corner 13 14 15 1.1895277306140861987233456459639027998854
corner 13 15 12 1.1895277306140861987233456459639027998854
corner 13 12 8 1.1895277306140861987233456459639027998854
corner 14 9 11 1.5250743847232416820319041827033945688527
corner 14 11 15 1.1895277306140861987233456459639027998854
corner 14 15 13 1.1895277306140861987233456459639027998854
corner 14 13 10 1.1895277306140861987233456459639027998854
corner 14 10 9 1.1895277306140861987233456459639027998854
corner 15 11 12 2.7146021153373278807552498286672973687381
corner 15 12 13 1.1895277306140861987233456459639027998854
corner 15 13 14 1.1895277306140861987233456459639027998854
corner 15 14 11 1.1895277306140861987233456459639027998854
face 1 3 1 2 3
facecorners 1 1.1895277306140861987233456459639027998854 1.1895277306140861987233456459639027998854 1.1895277306140861987233456459639027998854
face 2 3 1 3 6
facecorners 2 1.1895277306140861987233456459639027998854 1.1895277306140861987233456459639027998854 1.1895277306140861987233456459639027998854
face 3 5 1 6 9 10 4
facecorners 3 2.7146021153373278807552498286672973687381 1.4572484649704045047778504875232934775347 2.9823228496936461868097546702266880463874 1.7927951190795599880864090242627852465021 2.1113347268718540913921864503684149221215
face 4 3 1 4 2
facecorners 4 1.1895277306140861987233456459639027998854 1.1895277306140861987233456459639027998854 1.1895277306140861987233456459639027998854
face 5 5 2 4 8 12 5
facecorners 5 2.7146021153373278807552498286672973687381 1.4572484649704045047778504875232934775347 2.9823228496936461868097546702266880463874 1.7927951190795599880864090242627852465021 2.1113347268718540913921864503684149221215
face 6 3 2 5 3
facecorners 6 1.1895277306140861987233456459639027998854 1.1895277306140861987233456459639027998854 1.1895277306140861987233456459639027998854
face 7 3 3 5 7
facecorners 7 1.1895277306140861987233456459639027998854 1.1895277306140861987233456459639027998854 1.1895277306140861987233456459639027998854
face 8 4 3 7 11 6
facecorners 8 1.5250743847232416820319041827033945688527 2.1113347268718540913921864503684149221215 1.5250743847232416820319041827033945688527 2.1113347268718540913921864503684149221215
face 9 4 4 10 13 8
facecorners 9 1.5250743847232416820319041827033945688527 2.1113347268718540913921864503684149221215 1.5250743847232416820319041827033945688527 2.1113347268718540913921864503684149221215
face 10 5 5 12 15 11 7
facecorners 10 1.7927951190795599880864090242627852465021 2.1113347268718540913921864503684149221215 2.7146021153373278807552498286672973687381 1.4572484649704045047778504875232934775347 2.9823228496936461868097546702266880463874
face 11 4 6 11 14 9
facecorners 11 1.5250743847232416820319041827033945688527 2.1113347268718540913921864503684149221215 1.5250743847232416820319041827033945688527 2.1113347268718540913921864503684149221215
face 12 3 8 13 12
facecorners 12 1.1895277306140861987233456459639027998854 1.1895277306140861987233456459639027998854 1.1895277306140861987233456459639027998854
face 13 3 9 14 10
facecorners 13 1.1895277306140861987233456459639027998854 1.1895277306140861987233456459639027998854 1.1895277306140861987233456459639027998854
face 14 3 10 14 13
facecorners 14 1.1895277306140861987233456459639027998854 1.1895277306140861987233456459639027998854 1.1895277306140861987233456459639027998854
face 15 3 11 15 14
facecorners 15 1.1895277306140861987233456459639027998854 1.1895277306140861987233456459639027998854 1.1895277306140861987233456459639027998854
face 16 3 12 13 15
facecorners 16 1.1895277306140861987233456459639027998854 1.1895277306140861987233456459639027998854 1.1895277306140861987233456459639027998854
face 17 3 13 14 15
facecorners 17 1.1895277306140861987233456459639027998854 1.1895277306140861987233456459639027998854 1.1895277306140861987233456459639027998854
end
begin config frame-12-10-9-mirror
info rows 1 2 3 4 5 6 9 10 12 13 14 15 16 17 18
info congruent to C1 (mirror image, x -> -x)
info d = psi* = arccos u
n 15
d 0.9365061543089923367175684691930560782513
point 1 -0.8950239687385675817752053027300069363982 -0.1714903098093749755411220556254286252362 -0.4117319140228847855850930801629745052897
point 2 -0.4117319140228847855850930801629745052897 -0.8950239687385675817752053027300069363982 -0.1714903098093749755411220556254286252362
point 3 -0.1714903098093749755411220556254286252362 -0.4117319140228847855850930801629745052897 -0.8950239687385675817752053027300069363982
point 4 -0.8009928994820256966989893094450395527570 -0.3819643241495056538159414100761232449542 0.4609920064994498908133393714792726773162
point 5 0.4609920064994498908133393714792726773162 -0.8009928994820256966989893094450395527570 -0.3819643241495056538159414100761232449542
point 6 -0.3819643241495056538159414100761232449542 0.4609920064994498908133393714792726773162 -0.8009928994820256966989893094450395527570
point 7 0.6271780756254064502195746100187979488791 -0.0074816439642001671733910575444910472665 -0.7788399620322553112220048616995050840131
point 8 0.0074816439642001671733910575444910472665 -0.6271780756254064502195746100187979488791 0.7788399620322553112220048616995050840131
point 9 -0.6271780756254064502195746100187979488791 0.7788399620322553112220048616995050840131 0.0074816439642001671733910575444910472665
point 10 -0.4609920064994498908133393714792726773162 0.3819643241495056538159414100761232449542 0.8009928994820256966989893094450395527570
point 11 0.3819643241495056538159414100761232449542 0.8009928994820256966989893094450395527570 -0.4609920064994498908133393714792726773162
point 12 0.8009928994820256966989893094450395527570 -0.4609920064994498908133393714792726773162 0.3819643241495056538159414100761232449542
point 13 0.4117319140228847855850930801629745052897 0.1714903098093749755411220556254286252362 0.8950239687385675817752053027300069363982
point 14 0.1714903098093749755411220556254286252362 0.8950239687385675817752053027300069363982 0.4117319140228847855850930801629745052897
point 15 0.8950239687385675817752053027300069363982 0.4117319140228847855850930801629745052897 0.1714903098093749755411220556254286252362
edge 1 2
edge 1 3
edge 1 4
edge 1 6
edge 2 3
edge 2 4
edge 2 5
edge 3 5
edge 3 6
edge 3 7
edge 4 8
edge 4 10
edge 5 7
edge 5 12
edge 6 9
edge 6 11
edge 7 11
edge 8 12
edge 8 13
edge 9 10
edge 9 14
edge 10 13
edge 10 14
edge 11 14
edge 11 15
edge 12 13
edge 12 15
edge 13 14
edge 13 15
edge 14 15
rot 1 4 2 4 6 3
rot 2 4 1 3 5 4
rot 3 5 1 6 7 5 2
rot 4 4 1 2 8 10
rot 5 4 2 3 7 12
rot 6 4 1 9 11 3
rot 7 3 3 11 5
rot 8 3 4 12 13
rot 9 3 6 10 14
rot 10 4 4 13 14 9
rot 11 4 6 14 15 7
rot 12 4 5 15 13 8
rot 13 5 8 12 15 14 10
rot 14 5 9 10 13 15 11
rot 15 4 11 14 13 12
corner 1 2 4 1.1895277306140861987233456459639027998854
corner 1 4 6 2.7146021153373278807552498286672973687381
corner 1 6 3 1.1895277306140861987233456459639027998854
corner 1 3 2 1.1895277306140861987233456459639027998854
corner 2 1 3 1.1895277306140861987233456459639027998854
corner 2 3 5 1.1895277306140861987233456459639027998854
corner 2 5 4 2.7146021153373278807552498286672973687381
corner 2 4 1 1.1895277306140861987233456459639027998854
corner 3 1 6 1.1895277306140861987233456459639027998854
corner 3 6 7 1.5250743847232416820319041827033945688527
corner 3 7 5 1.1895277306140861987233456459639027998854
corner 3 5 2 1.1895277306140861987233456459639027998854
corner 3 2 1 1.1895277306140861987233456459639027998854
corner 4 1 2 1.1895277306140861987233456459639027998854
corner 4 2 8 1.4572484649704045047778504875232934775347
corner 4 8 10 1.5250743847232416820319041827033945688527
corner 4 10 1 2.1113347268718540913921864503684149221215
corner 5 2 3 1.1895277306140861987233456459639027998854
corner 5 3 7 1.1895277306140861987233456459639027998854
corner 5 7 12 1.7927951190795599880864090242627852465021
corner 5 12 2 2.1113347268718540913921864503684149221215
corner 6 1 9 1.4572484649704045047778504875232934775347
corner 6 9 11 1.5250743847232416820319041827033945688527
corner 6 11 3 2.1113347268718540913921864503684149221215
corner 6 3 1 1.1895277306140861987233456459639027998854
corner 7 3 11 2.1113347268718540913921864503684149221215
corner 7 11 5 2.9823228496936461868097546702266880463874
corner 7 5 3 1.1895277306140861987233456459639027998854
corner 8 4 12 2.9823228496936461868097546702266880463874
corner 8 12 13 1.1895277306140861987233456459639027998854
corner 8 13 4 2.1113347268718540913921864503684149221215
corner 9 6 10 2.9823228496936461868097546702266880463874
corner 9 10 14 1.1895277306140861987233456459639027998854
corner 9 14 6 2.1113347268718540913921864503684149221215
corner 10 4 13 2.1113347268718540913921864503684149221215
corner 10 13 14 1.1895277306140861987233456459639027998854
corner 10 14 9 1.1895277306140861987233456459639027998854
corner 10 9 4 1.7927951190795599880864090242627852465021
corner 11 6 14 2.1113347268718540913921864503684149221215
corner 11 14 15 1.1895277306140861987233456459639027998854
corner 11 15 7 1.4572484649704045047778504875232934775347
corner 11 7 6 1.5250743847232416820319041827033945688527
corner 12 5 15 2.1113347268718540913921864503684149221215
corner 12 15 13 1.1895277306140861987233456459639027998854
corner 12 13 8 1.1895277306140861987233456459639027998854
corner 12 8 5 1.7927951190795599880864090242627852465021
corner 13 8 12 1.1895277306140861987233456459639027998854
corner 13 12 15 1.1895277306140861987233456459639027998854
corner 13 15 14 1.1895277306140861987233456459639027998854
corner 13 14 10 1.1895277306140861987233456459639027998854
corner 13 10 8 1.5250743847232416820319041827033945688527
corner 14 9 10 1.1895277306140861987233456459639027998854
corner 14 10 13 1.1895277306140861987233456459639027998854
corner 14 13 15 1.1895277306140861987233456459639027998854
corner 14 15 11 1.1895277306140861987233456459639027998854
corner 14 11 9 1.5250743847232416820319041827033945688527
corner 15 11 14 1.1895277306140861987233456459639027998854
corner 15 14 13 1.1895277306140861987233456459639027998854
corner 15 13 12 1.1895277306140861987233456459639027998854
corner 15 12 11 2.7146021153373278807552498286672973687381
face 1 3 1 2 4
facecorners 1 1.1895277306140861987233456459639027998854 1.1895277306140861987233456459639027998854 1.1895277306140861987233456459639027998854
face 2 5 1 4 10 9 6
facecorners 2 2.7146021153373278807552498286672973687381 2.1113347268718540913921864503684149221215 1.7927951190795599880864090242627852465021 2.9823228496936461868097546702266880463874 1.4572484649704045047778504875232934775347
face 3 3 1 6 3
facecorners 3 1.1895277306140861987233456459639027998854 1.1895277306140861987233456459639027998854 1.1895277306140861987233456459639027998854
face 4 3 1 3 2
facecorners 4 1.1895277306140861987233456459639027998854 1.1895277306140861987233456459639027998854 1.1895277306140861987233456459639027998854
face 5 3 2 3 5
facecorners 5 1.1895277306140861987233456459639027998854 1.1895277306140861987233456459639027998854 1.1895277306140861987233456459639027998854
face 6 5 2 5 12 8 4
facecorners 6 2.7146021153373278807552498286672973687381 2.1113347268718540913921864503684149221215 1.7927951190795599880864090242627852465021 2.9823228496936461868097546702266880463874 1.4572484649704045047778504875232934775347
face 7 4 3 6 11 7
facecorners 7 1.5250743847232416820319041827033945688527 2.1113347268718540913921864503684149221215 1.5250743847232416820319041827033945688527 2.1113347268718540913921864503684149221215
face 8 3 3 7 5
facecorners 8 1.1895277306140861987233456459639027998854 1.1895277306140861987233456459639027998854 1.1895277306140861987233456459639027998854
face 9 4 4 8 13 10
facecorners 9 1.5250743847232416820319041827033945688527 2.1113347268718540913921864503684149221215 1.5250743847232416820319041827033945688527 2.1113347268718540913921864503684149221215
face 10 5 5 7 11 15 12
facecorners 10 1.7927951190795599880864090242627852465021 2.9823228496936461868097546702266880463874 1.4572484649704045047778504875232934775347 2.7146021153373278807552498286672973687381 2.1113347268718540913921864503684149221215
face 11 4 6 9 14 11
facecorners 11 1.5250743847232416820319041827033945688527 2.1113347268718540913921864503684149221215 1.5250743847232416820319041827033945688527 2.1113347268718540913921864503684149221215
face 12 3 8 12 13
facecorners 12 1.1895277306140861987233456459639027998854 1.1895277306140861987233456459639027998854 1.1895277306140861987233456459639027998854
face 13 3 9 10 14
facecorners 13 1.1895277306140861987233456459639027998854 1.1895277306140861987233456459639027998854 1.1895277306140861987233456459639027998854
face 14 3 10 13 14
facecorners 14 1.1895277306140861987233456459639027998854 1.1895277306140861987233456459639027998854 1.1895277306140861987233456459639027998854
face 15 3 11 14 15
facecorners 15 1.1895277306140861987233456459639027998854 1.1895277306140861987233456459639027998854 1.1895277306140861987233456459639027998854
face 16 3 12 15 13
facecorners 16 1.1895277306140861987233456459639027998854 1.1895277306140861987233456459639027998854 1.1895277306140861987233456459639027998854
face 17 3 13 15 14
facecorners 17 1.1895277306140861987233456459639027998854 1.1895277306140861987233456459639027998854 1.1895277306140861987233456459639027998854
end
begin config frame-12-10-11
info rows 1 2 3 4 5 6 10 11 12 13 14 15 16 17 18
info congruent to C3
info d = psi* = arccos u
n 15
d 0.9365061543089923367175684691930560782513
point 1 0.8950239687385675817752053027300069363982 0.1714903098093749755411220556254286252362 0.4117319140228847855850930801629745052897
point 2 0.4117319140228847855850930801629745052897 0.8950239687385675817752053027300069363982 0.1714903098093749755411220556254286252362
point 3 0.1714903098093749755411220556254286252362 0.4117319140228847855850930801629745052897 0.8950239687385675817752053027300069363982
point 4 0.8009928994820256966989893094450395527570 0.3819643241495056538159414100761232449542 -0.4609920064994498908133393714792726773162
point 5 -0.4609920064994498908133393714792726773162 0.8009928994820256966989893094450395527570 0.3819643241495056538159414100761232449542
point 6 0.3819643241495056538159414100761232449542 -0.4609920064994498908133393714792726773162 0.8009928994820256966989893094450395527570
point 7 -0.0074816439642001671733910575444910472665 0.6271780756254064502195746100187979488791 -0.7788399620322553112220048616995050840131
point 8 -0.7788399620322553112220048616995050840131 -0.0074816439642001671733910575444910472665 0.6271780756254064502195746100187979488791
point 9 0.6271780756254064502195746100187979488791 -0.7788399620322553112220048616995050840131 -0.0074816439642001671733910575444910472665
point 10 0.4609920064994498908133393714792726773162 -0.3819643241495056538159414100761232449542 -0.8009928994820256966989893094450395527570
point 11 -0.3819643241495056538159414100761232449542 -0.8009928994820256966989893094450395527570 0.4609920064994498908133393714792726773162
point 12 -0.8009928994820256966989893094450395527570 0.4609920064994498908133393714792726773162 -0.3819643241495056538159414100761232449542
point 13 -0.4117319140228847855850930801629745052897 -0.1714903098093749755411220556254286252362 -0.8950239687385675817752053027300069363982
point 14 -0.1714903098093749755411220556254286252362 -0.8950239687385675817752053027300069363982 -0.4117319140228847855850930801629745052897
point 15 -0.8950239687385675817752053027300069363982 -0.4117319140228847855850930801629745052897 -0.1714903098093749755411220556254286252362
edge 1 2
edge 1 3
edge 1 4
edge 1 6
edge 2 3
edge 2 4
edge 2 5
edge 3 5
edge 3 6
edge 4 7
edge 4 10
edge 5 8
edge 5 12
edge 6 9
edge 6 11
edge 7 12
edge 7 13
edge 8 11
edge 8 15
edge 9 10
edge 9 14
edge 10 13
edge 10 14
edge 11 14
edge 11 15
edge 12 13
edge 12 15
edge 13 14
edge 13 15
edge 14 15
rot 1 4 2 3 6 4
rot 2 4 1 4 5 3
rot 3 4 1 2 5 6
rot 4 4 1 10 7 2
rot 5 4 2 12 8 3
rot 6 4 1 3 11 9
rot 7 3 4 13 12
rot 8 3 5 15 11
rot 9 3 6 14 10
rot 10 4 4 9 14 13
rot 11 4 6 8 15 14
rot 12 4 5 7 13 15
rot 13 5 7 10 14 15 12
rot 14 5 9 11 15 13 10
rot 15 5 8 12 13 14 11
corner 1 2 3 1.1895277306140861987233456459639027998854
corner 1 3 6 1.1895277306140861987233456459639027998854
corner 1 6 4 2.7146021153373278807552498286672973687381
corner 1 4 2 1.1895277306140861987233456459639027998854
corner 2 1 4 1.1895277306140861987233456459639027998854
corner 2 4 5 2.7146021153373278807552498286672973687381
corner 2 5 3 1.1895277306140861987233456459639027998854
corner 2 3 1 1.1895277306140861987233456459639027998854
corner 3 1 2 1.1895277306140861987233456459639027998854
corner 3 2 5 1.1895277306140861987233456459639027998854
corner 3 5 6 2.7146021153373278807552498286672973687381
corner 3 6 1 1.1895277306140861987233456459639027998854
corner 4 1 10 2.1113347268718540913921864503684149221215
corner 4 10 7 1.5250743847232416820319041827033945688527
corner 4 7 2 1.4572484649704045047778504875232934775347
corner 4 2 1 1.1895277306140861987233456459639027998854
corner 5 2 12 2.1113347268718540913921864503684149221215
corner 5 12 8 1.5250743847232416820319041827033945688527
corner 5 8 3 1.4572484649704045047778504875232934775347
corner 5 3 2 1.1895277306140861987233456459639027998854
corner 6 1 3 1.1895277306140861987233456459639027998854
corner 6 3 11 2.1113347268718540913921864503684149221215
corner 6 11 9 1.5250743847232416820319041827033945688527
corner 6 9 1 1.4572484649704045047778504875232934775347
corner 7 4 13 2.1113347268718540913921864503684149221215
corner 7 13 12 1.1895277306140861987233456459639027998854
corner 7 12 4 2.9823228496936461868097546702266880463874
corner 8 5 15 2.1113347268718540913921864503684149221215
corner 8 15 11 1.1895277306140861987233456459639027998854
corner 8 11 5 2.9823228496936461868097546702266880463874
corner 9 6 14 2.1113347268718540913921864503684149221215
corner 9 14 10 1.1895277306140861987233456459639027998854
corner 9 10 6 2.9823228496936461868097546702266880463874
corner 10 4 9 1.7927951190795599880864090242627852465021
corner 10 9 14 1.1895277306140861987233456459639027998854
corner 10 14 13 1.1895277306140861987233456459639027998854
corner 10 13 4 2.1113347268718540913921864503684149221215
corner 11 6 8 1.7927951190795599880864090242627852465021
corner 11 8 15 1.1895277306140861987233456459639027998854
corner 11 15 14 1.1895277306140861987233456459639027998854
corner 11 14 6 2.1113347268718540913921864503684149221215
corner 12 5 7 1.7927951190795599880864090242627852465021
corner 12 7 13 1.1895277306140861987233456459639027998854
corner 12 13 15 1.1895277306140861987233456459639027998854
corner 12 15 5 2.1113347268718540913921864503684149221215
corner 13 7 10 1.5250743847232416820319041827033945688527
corner 13 10 14 1.1895277306140861987233456459639027998854
corner 13 14 15 1.1895277306140861987233456459639027998854
corner 13 15 12 1.1895277306140861987233456459639027998854
corner 13 12 7 1.1895277306140861987233456459639027998854
corner 14 9 11 1.5250743847232416820319041827033945688527
corner 14 11 15 1.1895277306140861987233456459639027998854
corner 14 15 13 1.1895277306140861987233456459639027998854
corner 14 13 10 1.1895277306140861987233456459639027998854
corner 14 10 9 1.1895277306140861987233456459639027998854
corner 15 8 12 1.5250743847232416820319041827033945688527
corner 15 12 13 1.1895277306140861987233456459639027998854
corner 15 13 14 1.1895277306140861987233456459639027998854
corner 15 14 11 1.1895277306140861987233456459639027998854
corner 15 11 8 1.1895277306140861987233456459639027998854
face 1 3 1 2 3
facecorners 1 1.1895277306140861987233456459639027998854 1.1895277306140861987233456459639027998854 1.1895277306140861987233456459639027998854
face 2 3 1 3 6
facecorners 2 1.1895277306140861987233456459639027998854 1.1895277306140861987233456459639027998854 1.1895277306140861987233456459639027998854
face 3 5 1 6 9 10 4
facecorners 3 2.7146021153373278807552498286672973687381 1.4572484649704045047778504875232934775347 2.9823228496936461868097546702266880463874 1.7927951190795599880864090242627852465021 2.1113347268718540913921864503684149221215
face 4 3 1 4 2
facecorners 4 1.1895277306140861987233456459639027998854 1.1895277306140861987233456459639027998854 1.1895277306140861987233456459639027998854
face 5 5 2 4 7 12 5
facecorners 5 2.7146021153373278807552498286672973687381 1.4572484649704045047778504875232934775347 2.9823228496936461868097546702266880463874 1.7927951190795599880864090242627852465021 2.1113347268718540913921864503684149221215
face 6 3 2 5 3
facecorners 6 1.1895277306140861987233456459639027998854 1.1895277306140861987233456459639027998854 1.1895277306140861987233456459639027998854
face 7 5 3 5 8 11 6
facecorners 7 2.7146021153373278807552498286672973687381 1.4572484649704045047778504875232934775347 2.9823228496936461868097546702266880463874 1.7927951190795599880864090242627852465021 2.1113347268718540913921864503684149221215
face 8 4 4 10 13 7
facecorners 8 1.5250743847232416820319041827033945688527 2.1113347268718540913921864503684149221215 1.5250743847232416820319041827033945688527 2.1113347268718540913921864503684149221215
face 9 4 5 12 15 8
facecorners 9 1.5250743847232416820319041827033945688527 2.1113347268718540913921864503684149221215 1.5250743847232416820319041827033945688527 2.1113347268718540913921864503684149221215
face 10 4 6 11 14 9
facecorners 10 1.5250743847232416820319041827033945688527 2.1113347268718540913921864503684149221215 1.5250743847232416820319041827033945688527 2.1113347268718540913921864503684149221215
face 11 3 7 13 12
facecorners 11 1.1895277306140861987233456459639027998854 1.1895277306140861987233456459639027998854 1.1895277306140861987233456459639027998854
face 12 3 8 15 11
facecorners 12 1.1895277306140861987233456459639027998854 1.1895277306140861987233456459639027998854 1.1895277306140861987233456459639027998854
face 13 3 9 14 10
facecorners 13 1.1895277306140861987233456459639027998854 1.1895277306140861987233456459639027998854 1.1895277306140861987233456459639027998854
face 14 3 10 14 13
facecorners 14 1.1895277306140861987233456459639027998854 1.1895277306140861987233456459639027998854 1.1895277306140861987233456459639027998854
face 15 3 11 15 14
facecorners 15 1.1895277306140861987233456459639027998854 1.1895277306140861987233456459639027998854 1.1895277306140861987233456459639027998854
face 16 3 12 13 15
facecorners 16 1.1895277306140861987233456459639027998854 1.1895277306140861987233456459639027998854 1.1895277306140861987233456459639027998854
face 17 3 13 14 15
facecorners 17 1.1895277306140861987233456459639027998854 1.1895277306140861987233456459639027998854 1.1895277306140861987233456459639027998854
end
begin config frame-12-10-11-mirror
info rows 1 2 3 4 5 6 10 11 12 13 14 15 16 17 18
info congruent to C3 (mirror image, x -> -x)
info d = psi* = arccos u
n 15
d 0.9365061543089923367175684691930560782513
point 1 -0.8950239687385675817752053027300069363982 -0.1714903098093749755411220556254286252362 -0.4117319140228847855850930801629745052897
point 2 -0.4117319140228847855850930801629745052897 -0.8950239687385675817752053027300069363982 -0.1714903098093749755411220556254286252362
point 3 -0.1714903098093749755411220556254286252362 -0.4117319140228847855850930801629745052897 -0.8950239687385675817752053027300069363982
point 4 -0.8009928994820256966989893094450395527570 -0.3819643241495056538159414100761232449542 0.4609920064994498908133393714792726773162
point 5 0.4609920064994498908133393714792726773162 -0.8009928994820256966989893094450395527570 -0.3819643241495056538159414100761232449542
point 6 -0.3819643241495056538159414100761232449542 0.4609920064994498908133393714792726773162 -0.8009928994820256966989893094450395527570
point 7 0.0074816439642001671733910575444910472665 -0.6271780756254064502195746100187979488791 0.7788399620322553112220048616995050840131
point 8 0.7788399620322553112220048616995050840131 0.0074816439642001671733910575444910472665 -0.6271780756254064502195746100187979488791
point 9 -0.6271780756254064502195746100187979488791 0.7788399620322553112220048616995050840131 0.0074816439642001671733910575444910472665
point 10 -0.4609920064994498908133393714792726773162 0.3819643241495056538159414100761232449542 0.8009928994820256966989893094450395527570
point 11 0.3819643241495056538159414100761232449542 0.8009928994820256966989893094450395527570 -0.4609920064994498908133393714792726773162
point 12 0.8009928994820256966989893094450395527570 -0.4609920064994498908133393714792726773162 0.3819643241495056538159414100761232449542
point 13 0.4117319140228847855850930801629745052897 0.1714903098093749755411220556254286252362 0.8950239687385675817752053027300069363982
point 14 0.1714903098093749755411220556254286252362 0.8950239687385675817752053027300069363982 0.4117319140228847855850930801629745052897
point 15 0.8950239687385675817752053027300069363982 0.4117319140228847855850930801629745052897 0.1714903098093749755411220556254286252362
edge 1 2
edge 1 3
edge 1 4
edge 1 6
edge 2 3
edge 2 4
edge 2 5
edge 3 5
edge 3 6
edge 4 7
edge 4 10
edge 5 8
edge 5 12
edge 6 9
edge 6 11
edge 7 12
edge 7 13
edge 8 11
edge 8 15
edge 9 10
edge 9 14
edge 10 13
edge 10 14
edge 11 14
edge 11 15
edge 12 13
edge 12 15
edge 13 14
edge 13 15
edge 14 15
rot 1 4 2 4 6 3
rot 2 4 1 3 5 4
rot 3 4 1 6 5 2
rot 4 4 1 2 7 10
rot 5 4 2 3 8 12
rot 6 4 1 9 11 3
rot 7 3 4 12 13
rot 8 3 5 11 15
rot 9 3 6 10 14
rot 10 4 4 13 14 9
rot 11 4 6 14 15 8
rot 12 4 5 15 13 7
rot 13 5 7 12 15 14 10
rot 14 5 9 10 13 15 11
rot 15 5 8 11 14 13 12
corner 1 2 4 1.1895277306140861987233456459639027998854
corner 1 4 6 2.7146021153373278807552498286672973687381
corner 1 6 3 1.1895277306140861987233456459639027998854
corner 1 3 2 1.1895277306140861987233456459639027998854
corner 2 1 3 1.1895277306140861987233456459639027998854
corner 2 3 5 1.1895277306140861987233456459639027998854
corner 2 5 4 2.7146021153373278807552498286672973687381
corner 2 4 1 1.1895277306140861987233456459639027998854
corner 3 1 6 1.1895277306140861987233456459639027998854
corner 3 6 5 2.7146021153373278807552498286672973687381
corner 3 5 2 1.1895277306140861987233456459639027998854
corner 3 2 1 1.1895277306140861987233456459639027998854
corner 4 1 2 1.1895277306140861987233456459639027998854
corner 4 2 7 1.4572484649704045047778504875232934775347
corner 4 7 10 1.5250743847232416820319041827033945688527
corner 4 10 1 2.1113347268718540913921864503684149221215
corner 5 2 3 1.1895277306140861987233456459639027998854
corner 5 3 8 1.4572484649704045047778504875232934775347
corner 5 8 12 1.5250743847232416820319041827033945688527
corner 5 12 2 2.1113347268718540913921864503684149221215
corner 6 1 9 1.4572484649704045047778504875232934775347
corner 6 9 11 1.5250743847232416820319041827033945688527
corner 6 11 3 2.1113347268718540913921864503684149221215
corner 6 3 1 1.1895277306140861987233456459639027998854
corner 7 4 12 2.9823228496936461868097546702266880463874
corner 7 12 13 1.1895277306140861987233456459639027998854
corner 7 13 4 2.1113347268718540913921864503684149221215
corner 8 5 11 2.9823228496936461868097546702266880463874
corner 8 11 15 1.1895277306140861987233456459639027998854
corner 8 15 5 2.1113347268718540913921864503684149221215
corner 9 6 10 2.9823228496936461868097546702266880463874
corner 9 10 14 1.1895277306140861987233456459639027998854
corner 9 14 6 2.1113347268718540913921864503684149221215
corner 10 4 13 2.1113347268718540913921864503684149221215
corner 10 13 14 1.1895277306140861987233456459639027998854
corner 10 14 9 1.1895277306140861987233456459639027998854
corner 10 9 4 1.7927951190795599880864090242627852465021
corner 11 6 14 2.1113347268718540913921864503684149221215
corner 11 14 15 1.1895277306140861987233456459639027998854
corner 11 15 8 1.1895277306140861987233456459639027998854
corner 11 8 6 1.7927951190795599880864090242627852465021
corner 12 5 15 2.1113347268718540913921864503684149221215
corner 12 15 13 1.1895277306140861987233456459639027998854
corner 12 13 7 1.1895277306140861987233456459639027998854
corner 12 7 5 1.7927951190795599880864090242627852465021
corner 13 7 12 1.1895277306140861987233456459639027998854
corner 13 12 15 1.1895277306140861987233456459639027998854
corner 13 15 14 1.1895277306140861987233456459639027998854
corner 13 14 10 1.1895277306140861987233456459639027998854
corner 13 10 7 1.5250743847232416820319041827033945688527
corner 14 9 10 1.1895277306140861987233456459639027998854
corner 14 10 13 1.1895277306140861987233456459639027998854
corner 14 13 15 1.1895277306140861987233456459639027998854
corner 14 15 11 1.1895277306140861987233456459639027998854
corner 14 11 9 1.5250743847232416820319041827033945688527
corner 15 8 11 1.1895277306140861987233456459639027998854
corner 15 11 14 1.1895277306140861987233456459639027998854
corner 15 14 13 1.1895277306140861987233456459639027998854
corner 15 13 12 1.1895277306140861987233456459639027998854
corner 15 12 8 1.5250743847232416820319041827033945688527
face 1 3 1 2 4
facecorners 1 1.1895277306140861987233456459639027998854 1.1895277306140861987233456459639027998854 1.1895277306140861987233456459639027998854
face 2 5 1 4 10 9 6
facecorners 2 2.7146021153373278807552498286672973687381 2.1113347268718540913921864503684149221215 1.7927951190795599880864090242627852465021 2.9823228496936461868097546702266880463874 1.4572484649704045047778504875232934775347
face 3 3 1 6 3
facecorners 3 1.1895277306140861987233456459639027998854 1.1895277306140861987233456459639027998854 1.1895277306140861987233456459639027998854
face 4 3 1 3 2
facecorners 4 1.1895277306140861987233456459639027998854 1.1895277306140861987233456459639027998854 1.1895277306140861987233456459639027998854
face 5 3 2 3 5
facecorners 5 1.1895277306140861987233456459639027998854 1.1895277306140861987233456459639027998854 1.1895277306140861987233456459639027998854
face 6 5 2 5 12 7 4
facecorners 6 2.7146021153373278807552498286672973687381 2.1113347268718540913921864503684149221215 1.7927951190795599880864090242627852465021 2.9823228496936461868097546702266880463874 1.4572484649704045047778504875232934775347
face 7 5 3 6 11 8 5
facecorners 7 2.7146021153373278807552498286672973687381 2.1113347268718540913921864503684149221215 1.7927951190795599880864090242627852465021 2.9823228496936461868097546702266880463874 1.4572484649704045047778504875232934775347
face 8 4 4 7 13 10
facecorners 8 1.5250743847232416820319041827033945688527 2.1113347268718540913921864503684149221215 1.5250743847232416820319041827033945688527 2.1113347268718540913921864503684149221215
face 9 4 5 8 15 12
facecorners 9 1.5250743847232416820319041827033945688527 2.1113347268718540913921864503684149221215 1.5250743847232416820319041827033945688527 2.1113347268718540913921864503684149221215
face 10 4 6 9 14 11
facecorners 10 1.5250743847232416820319041827033945688527 2.1113347268718540913921864503684149221215 1.5250743847232416820319041827033945688527 2.1113347268718540913921864503684149221215
face 11 3 7 12 13
facecorners 11 1.1895277306140861987233456459639027998854 1.1895277306140861987233456459639027998854 1.1895277306140861987233456459639027998854
face 12 3 8 11 15
facecorners 12 1.1895277306140861987233456459639027998854 1.1895277306140861987233456459639027998854 1.1895277306140861987233456459639027998854
face 13 3 9 10 14
facecorners 13 1.1895277306140861987233456459639027998854 1.1895277306140861987233456459639027998854 1.1895277306140861987233456459639027998854
face 14 3 10 13 14
facecorners 14 1.1895277306140861987233456459639027998854 1.1895277306140861987233456459639027998854 1.1895277306140861987233456459639027998854
face 15 3 11 14 15
facecorners 15 1.1895277306140861987233456459639027998854 1.1895277306140861987233456459639027998854 1.1895277306140861987233456459639027998854
face 16 3 12 15 13
facecorners 16 1.1895277306140861987233456459639027998854 1.1895277306140861987233456459639027998854 1.1895277306140861987233456459639027998854
face 17 3 13 15 14
facecorners 17 1.1895277306140861987233456459639027998854 1.1895277306140861987233456459639027998854 1.1895277306140861987233456459639027998854
end
