part 0/256 plantri: 1754238 polytopes written to stdout; cpu=31.93 sec wall_s 34.01
part 0/256 fg ref n 15 s 3 classes 0 expected_leaves 0 expected_ring 0
part 0/256 fg ref n 15 s 4 classes 0 expected_leaves 0 expected_ring 0
part 0/256 fg ref n 15 s 5 classes 4376 expected_leaves 150225 expected_ring 4558
part 0/256 fg ref n 15 s 6 classes 4791 expected_leaves 69440 expected_ring 5048
part 0/256 fg ref n 15 all 0 sabotage 0 read 1754238 class 1754238 kept 9167 expected_leaves 219665 expected_ring 9606 secs 34.01
part 0/256 codes 9167 sha256 c2b46e395487fc5eebdfbb9530a337ebeb61cf908b18df2e33336e32a7da6545
part 1/256 plantri: 1646373 polytopes written to stdout; cpu=31.91 sec wall_s 34.03
part 1/256 fg ref n 15 s 3 classes 0 expected_leaves 0 expected_ring 0
part 1/256 fg ref n 15 s 4 classes 5 expected_leaves 240 expected_ring 6
part 1/256 fg ref n 15 s 5 classes 5146 expected_leaves 177475 expected_ring 5426
part 1/256 fg ref n 15 s 6 classes 5220 expected_leaves 76170 expected_ring 5522
part 1/256 fg ref n 15 all 0 sabotage 0 read 1646373 class 1646373 kept 10371 expected_leaves 253885 expected_ring 10954 secs 34.02
part 1/256 codes 10371 sha256 4e7b5b3f75f6ed79db67f7ad6333e401427e5b64b098e3572008845132266150
part 2/256 plantri: 1808387 polytopes written to stdout; cpu=33.92 sec wall_s 36.09
part 2/256 fg ref n 15 s 3 classes 0 expected_leaves 0 expected_ring 0
part 2/256 fg ref n 15 s 4 classes 8 expected_leaves 444 expected_ring 13
part 2/256 fg ref n 15 s 5 classes 6000 expected_leaves 203350 expected_ring 6334
part 2/256 fg ref n 15 s 6 classes 6439 expected_leaves 93924 expected_ring 6891
part 2/256 fg ref n 15 all 0 sabotage 0 read 1808387 class 1808387 kept 12447 expected_leaves 297718 expected_ring 13238 secs 36.08
part 2/256 codes 12447 sha256 775080aa9e3f8887fef203230a36cf75b0686094c92801d3f9e630413f309c97
part 3/256 plantri: 1879151 polytopes written to stdout; cpu=35.53 sec wall_s 37.69
part 3/256 fg ref n 15 s 3 classes 0 expected_leaves 0 expected_ring 0
part 3/256 fg ref n 15 s 4 classes 1 expected_leaves 88 expected_ring 1
part 3/256 fg ref n 15 s 5 classes 5805 expected_leaves 203990 expected_ring 6090
part 3/256 fg ref n 15 s 6 classes 6737 expected_leaves 98292 expected_ring 7081
part 3/256 fg ref n 15 all 0 sabotage 0 read 1879151 class 1879151 kept 12543 expected_leaves 302370 expected_ring 13172 secs 37.68
part 3/256 codes 12543 sha256 bd43e5636b22ab2d7318ba48cae5cc8fd2c7b16b89b9ab24194e8e12bc4cead8
part 4/256 plantri: 1723567 polytopes written to stdout; cpu=32.88 sec wall_s 34.99
part 4/256 fg ref n 15 s 3 classes 0 expected_leaves 0 expected_ring 0
part 4/256 fg ref n 15 s 4 classes 0 expected_leaves 0 expected_ring 0
part 4/256 fg ref n 15 s 5 classes 4529 expected_leaves 153105 expected_ring 4795
part 4/256 fg ref n 15 s 6 classes 4934 expected_leaves 71892 expected_ring 5289
part 4/256 fg ref n 15 all 0 sabotage 0 read 1723567 class 1723567 kept 9463 expected_leaves 224997 expected_ring 10084 secs 34.98
part 4/256 codes 9463 sha256 553aa085ba16c77bf3dc87bac5b84f1c6c5ce466f9813de839ccdd838cc1c85a
part 5/256 plantri: 1858810 polytopes written to stdout; cpu=33.70 sec wall_s 35.73
part 5/256 fg ref n 15 s 3 classes 0 expected_leaves 0 expected_ring 0
part 5/256 fg ref n 15 s 4 classes 0 expected_leaves 0 expected_ring 0
part 5/256 fg ref n 15 s 5 classes 6180 expected_leaves 208530 expected_ring 6527
part 5/256 fg ref n 15 s 6 classes 5181 expected_leaves 73758 expected_ring 5551
part 5/256 fg ref n 15 all 0 sabotage 0 read 1858810 class 1858810 kept 11361 expected_leaves 282288 expected_ring 12078 secs 35.72
part 5/256 codes 11361 sha256 a31646236a076b5180084a09bf77dd612819a809f9d17a303901bf1550be6166
part 6/256 plantri: 2021560 polytopes written to stdout; cpu=41.95 sec wall_s 44.81
part 6/256 fg ref n 15 s 3 classes 0 expected_leaves 0 expected_ring 0
part 6/256 fg ref n 15 s 4 classes 3 expected_leaves 248 expected_ring 5
part 6/256 fg ref n 15 s 5 classes 7710 expected_leaves 271750 expected_ring 8118
part 6/256 fg ref n 15 s 6 classes 8108 expected_leaves 122160 expected_ring 8600
part 6/256 fg ref n 15 all 0 sabotage 0 read 2021560 class 2021560 kept 15821 expected_leaves 394158 expected_ring 16723 secs 44.80
part 6/256 codes 15821 sha256 41a33089fa554b207781e57b6c19c18130d2365df75aeaed2487cdfaa61b8839
part 7/256 plantri: 1749432 polytopes written to stdout; cpu=39.03 sec wall_s 42.05
part 7/256 fg ref n 15 s 3 classes 0 expected_leaves 0 expected_ring 0
part 7/256 fg ref n 15 s 4 classes 11 expected_leaves 916 expected_ring 12
part 7/256 fg ref n 15 s 5 classes 4935 expected_leaves 159610 expected_ring 5229
part 7/256 fg ref n 15 s 6 classes 5711 expected_leaves 84270 expected_ring 6029
part 7/256 fg ref n 15 all 0 sabotage 0 read 1749432 class 1749432 kept 10657 expected_leaves 244796 expected_ring 11270 secs 42.04
part 7/256 codes 10657 sha256 104e0760e226ceadc26664e6d641050dd56c6b4a42a3b314aa1168df58d61ead
part 8/256 plantri: 1819761 polytopes written to stdout; cpu=37.81 sec wall_s 40.65
part 8/256 fg ref n 15 s 3 classes 0 expected_leaves 0 expected_ring 0
part 8/256 fg ref n 15 s 4 classes 0 expected_leaves 0 expected_ring 0
part 8/256 fg ref n 15 s 5 classes 4367 expected_leaves 149810 expected_ring 4565
part 8/256 fg ref n 15 s 6 classes 5247 expected_leaves 78456 expected_ring 5602
part 8/256 fg ref n 15 all 0 sabotage 0 read 1819761 class 1819761 kept 9614 expected_leaves 228266 expected_ring 10167 secs 40.64
part 8/256 codes 9614 sha256 a64ded792c4390ca912ec2eb44d241138a1f6fb9511c0d1aa3694ee336ee48ae
part 9/256 plantri: 1875149 polytopes written to stdout; cpu=37.64 sec wall_s 40.20
part 9/256 fg ref n 15 s 3 classes 0 expected_leaves 0 expected_ring 0
part 9/256 fg ref n 15 s 4 classes 2 expected_leaves 104 expected_ring 3
part 9/256 fg ref n 15 s 5 classes 5590 expected_leaves 190315 expected_ring 5865
part 9/256 fg ref n 15 s 6 classes 6575 expected_leaves 95928 expected_ring 6911
part 9/256 fg ref n 15 all 0 sabotage 0 read 1875149 class 1875149 kept 12167 expected_leaves 286347 expected_ring 12779 secs 40.20
part 9/256 codes 12167 sha256 ded541a4ad9439ba67b1a9f3651911e1566abdd49ec19436488c9bc62beac2ad
part 10/256 plantri: 1718990 polytopes written to stdout; cpu=36.15 sec wall_s 38.57
part 10/256 fg ref n 15 s 3 classes 0 expected_leaves 0 expected_ring 0
part 10/256 fg ref n 15 s 4 classes 2 expected_leaves 176 expected_ring 2
part 10/256 fg ref n 15 s 5 classes 4813 expected_leaves 166640 expected_ring 5075
part 10/256 fg ref n 15 s 6 classes 5186 expected_leaves 78270 expected_ring 5555
part 10/256 fg ref n 15 all 0 sabotage 0 read 1718990 class 1718990 kept 10001 expected_leaves 245086 expected_ring 10632 secs 38.57
part 10/256 codes 10001 sha256 fe2aff8131f024738317bc5c8e604292c945c4f7cd57c3cee94503343c4618aa
part 11/256 plantri: 2002742 polytopes written to stdout; cpu=37.18 sec wall_s 39.71
part 11/256 fg ref n 15 s 3 classes 0 expected_leaves 0 expected_ring 0
part 11/256 fg ref n 15 s 4 classes 2 expected_leaves 184 expected_ring 2
part 11/256 fg ref n 15 s 5 classes 6507 expected_leaves 211910 expected_ring 6843
part 11/256 fg ref n 15 s 6 classes 6860 expected_leaves 101202 expected_ring 7329
part 11/256 fg ref n 15 all 0 sabotage 0 read 2002742 class 2002742 kept 13369 expected_leaves 313296 expected_ring 14174 secs 39.70
part 11/256 codes 13369 sha256 641908aebc160e63c86496ccfedcc40c28acedc5dfd1c2fe171b8a805e6cf224
part 12/256 plantri: 1918433 polytopes written to stdout; cpu=36.22 sec wall_s 38.74
part 12/256 fg ref n 15 s 3 classes 0 expected_leaves 0 expected_ring 0
part 12/256 fg ref n 15 s 4 classes 4 expected_leaves 160 expected_ring 4
part 12/256 fg ref n 15 s 5 classes 5260 expected_leaves 183405 expected_ring 5525
part 12/256 fg ref n 15 s 6 classes 5160 expected_leaves 74610 expected_ring 5476
part 12/256 fg ref n 15 all 0 sabotage 0 read 1918433 class 1918433 kept 10424 expected_leaves 258175 expected_ring 11005 secs 38.73
part 12/256 codes 10424 sha256 27928a2c616c72f9e6660840a3f4327164c145f6a7994c9e1aed5c14ab5a41c6
part 13/256 plantri: 1793913 polytopes written to stdout; cpu=34.68 sec wall_s 37.03
part 13/256 fg ref n 15 s 3 classes 0 expected_leaves 0 expected_ring 0
part 13/256 fg ref n 15 s 4 classes 0 expected_leaves 0 expected_ring 0
part 13/256 fg ref n 15 s 5 classes 4661 expected_leaves 161255 expected_ring 4901
part 13/256 fg ref n 15 s 6 classes 5000 expected_leaves 73638 expected_ring 5332
part 13/256 fg ref n 15 all 0 sabotage 0 read 1793913 class 1793913 kept 9661 expected_leaves 234893 expected_ring 10233 secs 37.01
part 13/256 codes 9661 sha256 c439705709124c377bd0bf2c83a5ee90ef3f678fb2ca4e34df89efef9efbcb9d
part 14/256 plantri: 1891489 polytopes written to stdout; cpu=37.11 sec wall_s 39.69
part 14/256 fg ref n 15 s 3 classes 0 expected_leaves 0 expected_ring 0
part 14/256 fg ref n 15 s 4 classes 2 expected_leaves 116 expected_ring 2
part 14/256 fg ref n 15 s 5 classes 6173 expected_leaves 213995 expected_ring 6447
part 14/256 fg ref n 15 s 6 classes 6037 expected_leaves 88284 expected_ring 6487
part 14/256 fg ref n 15 all 0 sabotage 0 read 1891489 class 1891489 kept 12212 expected_leaves 302395 expected_ring 12936 secs 39.68
part 14/256 codes 12212 sha256 7ce82a52ac8d9ae33f39a240715b2bbb1c81713643eb36899be0f1deaa2aa664
part 15/256 plantri: 1902536 polytopes written to stdout; cpu=35.59 sec wall_s 38.13
part 15/256 fg ref n 15 s 3 classes 0 expected_leaves 0 expected_ring 0
part 15/256 fg ref n 15 s 4 classes 1 expected_leaves 40 expected_ring 2
part 15/256 fg ref n 15 s 5 classes 5147 expected_leaves 184005 expected_ring 5368
part 15/256 fg ref n 15 s 6 classes 6200 expected_leaves 89772 expected_ring 6561
part 15/256 fg ref n 15 all 0 sabotage 0 read 1902536 class 1902536 kept 11348 expected_leaves 273817 expected_ring 11931 secs 38.12
part 15/256 codes 11348 sha256 214e3c7bafe4fe2f577db20307f9a2742b450462afa929cb45ea96bca0175dbf
part 16/256 plantri: 1858220 polytopes written to stdout; cpu=35.04 sec wall_s 37.61
part 16/256 fg ref n 15 s 3 classes 0 expected_leaves 0 expected_ring 0
part 16/256 fg ref n 15 s 4 classes 1 expected_leaves 96 expected_ring 2
part 16/256 fg ref n 15 s 5 classes 5329 expected_leaves 182150 expected_ring 5579
part 16/256 fg ref n 15 s 6 classes 5756 expected_leaves 85734 expected_ring 6133
part 16/256 fg ref n 15 all 0 sabotage 0 read 1858220 class 1858220 kept 11086 expected_leaves 267980 expected_ring 11714 secs 37.61
part 16/256 codes 11086 sha256 4157c08c20d4960dc303f108d3e8447511477d14b0a8038ea94f8f40d2190d5a
part 17/256 plantri: 1777755 polytopes written to stdout; cpu=33.82 sec wall_s 36.30
part 17/256 fg ref n 15 s 3 classes 0 expected_leaves 0 expected_ring 0
part 17/256 fg ref n 15 s 4 classes 0 expected_leaves 0 expected_ring 0
part 17/256 fg ref n 15 s 5 classes 5008 expected_leaves 166735 expected_ring 5273
part 17/256 fg ref n 15 s 6 classes 5760 expected_leaves 84012 expected_ring 6255
part 17/256 fg ref n 15 all 0 sabotage 0 read 1777755 class 1777755 kept 10768 expected_leaves 250747 expected_ring 11528 secs 36.29
part 17/256 codes 10768 sha256 5edde6b28f56b7df202a1e1a29d48fac44d3bc42299112a29231d7d43844e5d4
part 18/256 plantri: 1756545 polytopes written to stdout; cpu=33.45 sec wall_s 35.80
part 18/256 fg ref n 15 s 3 classes 0 expected_leaves 0 expected_ring 0
part 18/256 fg ref n 15 s 4 classes 0 expected_leaves 0 expected_ring 0
part 18/256 fg ref n 15 s 5 classes 3869 expected_leaves 130735 expected_ring 4082
part 18/256 fg ref n 15 s 6 classes 4389 expected_leaves 64650 expected_ring 4709
part 18/256 fg ref n 15 all 0 sabotage 0 read 1756545 class 1756545 kept 8258 expected_leaves 195385 expected_ring 8791 secs 35.80
part 18/256 codes 8258 sha256 20880470a8be75b5458074a5ee9fc9192f1bfd95a4a749c0d340f0c0712a1f63
part 19/256 plantri: 1785044 polytopes written to stdout; cpu=32.75 sec wall_s 35.06
part 19/256 fg ref n 15 s 3 classes 0 expected_leaves 0 expected_ring 0
part 19/256 fg ref n 15 s 4 classes 0 expected_leaves 0 expected_ring 0
part 19/256 fg ref n 15 s 5 classes 4498 expected_leaves 154085 expected_ring 4688
part 19/256 fg ref n 15 s 6 classes 4854 expected_leaves 70736 expected_ring 5183
part 19/256 fg ref n 15 all 0 sabotage 0 read 1785044 class 1785044 kept 9352 expected_leaves 224821 expected_ring 9871 secs 35.05
part 19/256 codes 9352 sha256 c7b218f72d5f9dd890cbd439ac770acdc47fd40e81b94acd05091ef33bc53459
part 20/256 plantri: 1850385 polytopes written to stdout; cpu=34.84 sec wall_s 37.20
part 20/256 fg ref n 15 s 3 classes 0 expected_leaves 0 expected_ring 0
part 20/256 fg ref n 15 s 4 classes 0 expected_leaves 0 expected_ring 0
part 20/256 fg ref n 15 s 5 classes 5387 expected_leaves 186500 expected_ring 5640
part 20/256 fg ref n 15 s 6 classes 6392 expected_leaves 96204 expected_ring 6724
part 20/256 fg ref n 15 all 0 sabotage 0 read 1850385 class 1850385 kept 11779 expected_leaves 282704 expected_ring 12364 secs 37.20
part 20/256 codes 11779 sha256 2dbe40f7e98ce7ab66e471a6e0cc3d70fbf243f78260322ff7b16d39316e095b
part 21/256 plantri: 1790734 polytopes written to stdout; cpu=33.30 sec wall_s 35.63
part 21/256 fg ref n 15 s 3 classes 0 expected_leaves 0 expected_ring 0
part 21/256 fg ref n 15 s 4 classes 1 expected_leaves 8 expected_ring 1
part 21/256 fg ref n 15 s 5 classes 4144 expected_leaves 141365 expected_ring 4371
part 21/256 fg ref n 15 s 6 classes 5055 expected_leaves 74880 expected_ring 5379
part 21/256 fg ref n 15 all 0 sabotage 0 read 1790734 class 1790734 kept 9200 expected_leaves 216253 expected_ring 9751 secs 35.63
part 21/256 codes 9200 sha256 9573ace01617203069a0731a75a6f3f7b843f39698051fcb45829e37c6bb5ab1
part 22/256 plantri: 1865839 polytopes written to stdout; cpu=34.11 sec wall_s 36.43
part 22/256 fg ref n 15 s 3 classes 0 expected_leaves 0 expected_ring 0
part 22/256 fg ref n 15 s 4 classes 0 expected_leaves 0 expected_ring 0
part 22/256 fg ref n 15 s 5 classes 5454 expected_leaves 183930 expected_ring 5700
part 22/256 fg ref n 15 s 6 classes 6436 expected_leaves 95820 expected_ring 6787
part 22/256 fg ref n 15 all 0 sabotage 0 read 1865839 class 1865839 kept 11890 expected_leaves 279750 expected_ring 12487 secs 36.43
part 22/256 codes 11890 sha256 8c0325a976c6dc8dd59d2bdec966d866aa3fa6498fd584607a494f4fee48f7d9
part 23/256 plantri: 1859766 polytopes written to stdout; cpu=35.07 sec wall_s 37.54
part 23/256 fg ref n 15 s 3 classes 0 expected_leaves 0 expected_ring 0
part 23/256 fg ref n 15 s 4 classes 0 expected_leaves 0 expected_ring 0
part 23/256 fg ref n 15 s 5 classes 6693 expected_leaves 221070 expected_ring 6953
part 23/256 fg ref n 15 s 6 classes 7124 expected_leaves 106443 expected_ring 7582
part 23/256 fg ref n 15 all 0 sabotage 0 read 1859766 class 1859766 kept 13817 expected_leaves 327513 expected_ring 14535 secs 37.53
part 23/256 codes 13817 sha256 e9081e15cea13b6b9bc885d904c8aa91db607cea2a3ea2b24773f4de3ac71263
part 24/256 plantri: 1752684 polytopes written to stdout; cpu=33.32 sec wall_s 35.63
part 24/256 fg ref n 15 s 3 classes 0 expected_leaves 0 expected_ring 0
part 24/256 fg ref n 15 s 4 classes 0 expected_leaves 0 expected_ring 0
part 24/256 fg ref n 15 s 5 classes 5133 expected_leaves 179320 expected_ring 5317
part 24/256 fg ref n 15 s 6 classes 5852 expected_leaves 85770 expected_ring 6151
part 24/256 fg ref n 15 all 0 sabotage 0 read 1752684 class 1752684 kept 10985 expected_leaves 265090 expected_ring 11468 secs 35.63
part 24/256 codes 10985 sha256 df2a86ca6ab58bb7470468f2291168759a86cf188af715a265c84de9d28e9a93
part 25/256 plantri: 1660052 polytopes written to stdout; cpu=32.51 sec wall_s 34.67
part 25/256 fg ref n 15 s 3 classes 0 expected_leaves 0 expected_ring 0
part 25/256 fg ref n 15 s 4 classes 1 expected_leaves 80 expected_ring 1
part 25/256 fg ref n 15 s 5 classes 3986 expected_leaves 137505 expected_ring 4167
part 25/256 fg ref n 15 s 6 classes 4232 expected_leaves 64113 expected_ring 4463
part 25/256 fg ref n 15 all 0 sabotage 0 read 1660052 class 1660052 kept 8219 expected_leaves 201698 expected_ring 8631 secs 34.67
part 25/256 codes 8219 sha256 6267dc01ac532a6dc5a28ecfc3555e9c2863d758787b1c6cc22ce3538ba53631
part 26/256 plantri: 1735732 polytopes written to stdout; cpu=33.35 sec wall_s 35.60
part 26/256 fg ref n 15 s 3 classes 0 expected_leaves 0 expected_ring 0
part 26/256 fg ref n 15 s 4 classes 0 expected_leaves 0 expected_ring 0
part 26/256 fg ref n 15 s 5 classes 4295 expected_leaves 142485 expected_ring 4516
part 26/256 fg ref n 15 s 6 classes 4311 expected_leaves 63900 expected_ring 4632
part 26/256 fg ref n 15 all 0 sabotage 0 read 1735732 class 1735732 kept 8606 expected_leaves 206385 expected_ring 9148 secs 35.59
part 26/256 codes 8606 sha256 8c6eaa2553b988067e423487803015d087480857b6284ffe4d2303a638c6cb4a
part 27/256 plantri: 1604525 polytopes written to stdout; cpu=29.70 sec wall_s 31.59
part 27/256 fg ref n 15 s 3 classes 0 expected_leaves 0 expected_ring 0
part 27/256 fg ref n 15 s 4 classes 1 expected_leaves 48 expected_ring 1
part 27/256 fg ref n 15 s 5 classes 4192 expected_leaves 140430 expected_ring 4409
part 27/256 fg ref n 15 s 6 classes 4262 expected_leaves 62298 expected_ring 4544
part 27/256 fg ref n 15 all 0 sabotage 0 read 1604525 class 1604525 kept 8455 expected_leaves 202776 expected_ring 8954 secs 31.58
part 27/256 codes 8455 sha256 c8b19dd538e8259e1a16bf65cdf890a3729607bc20ec917fe2fca9c07f3987f7
part 28/256 plantri: 1630616 polytopes written to stdout; cpu=31.88 sec wall_s 33.93
part 28/256 fg ref n 15 s 3 classes 0 expected_leaves 0 expected_ring 0
part 28/256 fg ref n 15 s 4 classes 0 expected_leaves 0 expected_ring 0
part 28/256 fg ref n 15 s 5 classes 4227 expected_leaves 143680 expected_ring 4449
part 28/256 fg ref n 15 s 6 classes 4337 expected_leaves 63654 expected_ring 4676
part 28/256 fg ref n 15 all 0 sabotage 0 read 1630616 class 1630616 kept 8564 expected_leaves 207334 expected_ring 9125 secs 33.93
part 28/256 codes 8564 sha256 52f3891c88650e6a42e5b68a1178681aff34ed8408a286842fcfde3f26950378
part 29/256 plantri: 1729092 polytopes written to stdout; cpu=32.49 sec wall_s 34.61
part 29/256 fg ref n 15 s 3 classes 0 expected_leaves 0 expected_ring 0
part 29/256 fg ref n 15 s 4 classes 1 expected_leaves 88 expected_ring 4
part 29/256 fg ref n 15 s 5 classes 4114 expected_leaves 139585 expected_ring 4352
part 29/256 fg ref n 15 s 6 classes 4387 expected_leaves 65118 expected_ring 4614
part 29/256 fg ref n 15 all 0 sabotage 0 read 1729092 class 1729092 kept 8502 expected_leaves 204791 expected_ring 8970 secs 34.60
part 29/256 codes 8502 sha256 b08a6db0850f0ab6a11f6cd856f738002ffd69905a7748e4bb55fb2da82fb61b
part 30/256 plantri: 1504811 polytopes written to stdout; cpu=30.01 sec wall_s 32.01
part 30/256 fg ref n 15 s 3 classes 0 expected_leaves 0 expected_ring 0
part 30/256 fg ref n 15 s 4 classes 0 expected_leaves 0 expected_ring 0
part 30/256 fg ref n 15 s 5 classes 3913 expected_leaves 136350 expected_ring 4103
part 30/256 fg ref n 15 s 6 classes 3796 expected_leaves 55158 expected_ring 4028
part 30/256 fg ref n 15 all 0 sabotage 0 read 1504811 class 1504811 kept 7709 expected_leaves 191508 expected_ring 8131 secs 32.01
part 30/256 codes 7709 sha256 31c955910ba5b16d138afb027d6bf724fe75311ed2275bf76347d73605adfc3d
part 31/256 plantri: 1646059 polytopes written to stdout; cpu=31.71 sec wall_s 33.85
part 31/256 fg ref n 15 s 3 classes 0 expected_leaves 0 expected_ring 0
part 31/256 fg ref n 15 s 4 classes 0 expected_leaves 0 expected_ring 0
part 31/256 fg ref n 15 s 5 classes 3671 expected_leaves 127115 expected_ring 3883
part 31/256 fg ref n 15 s 6 classes 4408 expected_leaves 66758 expected_ring 4643
part 31/256 fg ref n 15 all 0 sabotage 0 read 1646059 class 1646059 kept 8079 expected_leaves 193873 expected_ring 8526 secs 33.85
part 31/256 codes 8079 sha256 f7d9054e3a6414e35e36e6f9440dcf70b23f287592403d4d76ade6292ce98b88
part 32/256 plantri: 1727507 polytopes written to stdout; cpu=32.90 sec wall_s 35.06
part 32/256 fg ref n 15 s 3 classes 0 expected_leaves 0 expected_ring 0
part 32/256 fg ref n 15 s 4 classes 1 expected_leaves 88 expected_ring 1
part 32/256 fg ref n 15 s 5 classes 4868 expected_leaves 168605 expected_ring 5083
part 32/256 fg ref n 15 s 6 classes 4563 expected_leaves 67920 expected_ring 4822
part 32/256 fg ref n 15 all 0 sabotage 0 read 1727507 class 1727507 kept 9432 expected_leaves 236613 expected_ring 9906 secs 35.06
part 32/256 codes 9432 sha256 051b77f0f8d11276ef7eb01a7790a8a2b75fc7fd9331c3924f4d1a36c8f7658d
part 33/256 plantri: 1785507 polytopes written to stdout; cpu=32.80 sec wall_s 35.17
part 33/256 fg ref n 15 s 3 classes 0 expected_leaves 0 expected_ring 0
part 33/256 fg ref n 15 s 4 classes 2 expected_leaves 128 expected_ring 3
part 33/256 fg ref n 15 s 5 classes 5520 expected_leaves 193250 expected_ring 5772
part 33/256 fg ref n 15 s 6 classes 8374 expected_leaves 129960 expected_ring 8800
part 33/256 fg ref n 15 all 0 sabotage 0 read 1785507 class 1785507 kept 13896 expected_leaves 323338 expected_ring 14575 secs 35.16
part 33/256 codes 13896 sha256 f10186b71fad50435ffed1ca8ce0d6fef10afe16722b09929e773f8e02802886
part 34/256 plantri: 1590914 polytopes written to stdout; cpu=31.26 sec wall_s 33.55
part 34/256 fg ref n 15 s 3 classes 0 expected_leaves 0 expected_ring 0
part 34/256 fg ref n 15 s 4 classes 0 expected_leaves 0 expected_ring 0
part 34/256 fg ref n 15 s 5 classes 4192 expected_leaves 146955 expected_ring 4393
part 34/256 fg ref n 15 s 6 classes 5261 expected_leaves 79749 expected_ring 5593
part 34/256 fg ref n 15 all 0 sabotage 0 read 1590914 class 1590914 kept 9453 expected_leaves 226704 expected_ring 9986 secs 33.54
part 34/256 codes 9453 sha256 8a9cd025c068ccb3fb0eeecd52ad6cb688134ad9bbde1d588f03fcb3080a589b
part 35/256 plantri: 1955790 polytopes written to stdout; cpu=33.33 sec wall_s 35.88
part 35/256 fg ref n 15 s 3 classes 0 expected_leaves 0 expected_ring 0
part 35/256 fg ref n 15 s 4 classes 1 expected_leaves 88 expected_ring 1
part 35/256 fg ref n 15 s 5 classes 7269 expected_leaves 246155 expected_ring 7620
part 35/256 fg ref n 15 s 6 classes 8388 expected_leaves 124350 expected_ring 9089
part 35/256 fg ref n 15 all 0 sabotage 0 read 1955790 class 1955790 kept 15658 expected_leaves 370593 expected_ring 16710 secs 35.87
part 35/256 codes 15658 sha256 915666676fcffa92df07ade2c4a2fde160bc3b2e3c616226b13fe33c678c90b0
part 36/256 plantri: 1743662 polytopes written to stdout; cpu=33.02 sec wall_s 35.32
part 36/256 fg ref n 15 s 3 classes 0 expected_leaves 0 expected_ring 0
part 36/256 fg ref n 15 s 4 classes 0 expected_leaves 0 expected_ring 0
part 36/256 fg ref n 15 s 5 classes 3262 expected_leaves 114625 expected_ring 3439
part 36/256 fg ref n 15 s 6 classes 4179 expected_leaves 63294 expected_ring 4409
part 36/256 fg ref n 15 all 0 sabotage 0 read 1743662 class 1743662 kept 7441 expected_leaves 177919 expected_ring 7848 secs 35.31
part 36/256 codes 7441 sha256 e6de3a51364013afd937644881c08a80dc373e65fa6873c2c0671a07225867e6
part 37/256 plantri: 1767554 polytopes written to stdout; cpu=31.85 sec wall_s 34.06
part 37/256 fg ref n 15 s 3 classes 0 expected_leaves 0 expected_ring 0
part 37/256 fg ref n 15 s 4 classes 0 expected_leaves 0 expected_ring 0
part 37/256 fg ref n 15 s 5 classes 4829 expected_leaves 164065 expected_ring 5093
part 37/256 fg ref n 15 s 6 classes 4637 expected_leaves 67980 expected_ring 4940
part 37/256 fg ref n 15 all 0 sabotage 0 read 1767554 class 1767554 kept 9466 expected_leaves 232045 expected_ring 10033 secs 34.06
part 37/256 codes 9466 sha256 72f8026b12fa2060434039fbc9d9739e9c8c3df4a295c293be32392e23aa164b
part 38/256 plantri: 1688236 polytopes written to stdout; cpu=32.59 sec wall_s 34.88
part 38/256 fg ref n 15 s 3 classes 0 expected_leaves 0 expected_ring 0
part 38/256 fg ref n 15 s 4 classes 3 expected_leaves 196 expected_ring 4
part 38/256 fg ref n 15 s 5 classes 4135 expected_leaves 136415 expected_ring 4352
part 38/256 fg ref n 15 s 6 classes 4944 expected_leaves 73983 expected_ring 5239
part 38/256 fg ref n 15 all 0 sabotage 0 read 1688236 class 1688236 kept 9082 expected_leaves 210594 expected_ring 9595 secs 34.88
part 38/256 codes 9082 sha256 9fe1c2cb71e74d9b288d9d531528ff31e744c2acdb6a990f59e5ed2e7181f3f9
part 39/256 plantri: 1726519 polytopes written to stdout; cpu=31.75 sec wall_s 33.80
part 39/256 fg ref n 15 s 3 classes 0 expected_leaves 0 expected_ring 0
part 39/256 fg ref n 15 s 4 classes 1 expected_leaves 32 expected_ring 2
part 39/256 fg ref n 15 s 5 classes 3958 expected_leaves 135355 expected_ring 4185
part 39/256 fg ref n 15 s 6 classes 4466 expected_leaves 67092 expected_ring 4812
part 39/256 fg ref n 15 all 0 sabotage 0 read 1726519 class 1726519 kept 8425 expected_leaves 202479 expected_ring 8999 secs 33.80
part 39/256 codes 8425 sha256 ba04c8ecb9a8b891ad93509f6a9386c1440cad2f3b1b83c32b866115fdadf1ed
part 40/256 plantri: 1741097 polytopes written to stdout; cpu=34.71 sec wall_s 36.95
part 40/256 fg ref n 15 s 3 classes 0 expected_leaves 0 expected_ring 0
part 40/256 fg ref n 15 s 4 classes 0 expected_leaves 0 expected_ring 0
part 40/256 fg ref n 15 s 5 classes 3703 expected_leaves 125955 expected_ring 3889
part 40/256 fg ref n 15 s 6 classes 4646 expected_leaves 71292 expected_ring 4876
part 40/256 fg ref n 15 all 0 sabotage 0 read 1741097 class 1741097 kept 8349 expected_leaves 197247 expected_ring 8765 secs 36.95
part 40/256 codes 8349 sha256 ddf4f6ce7428fcc9dfd502ab16d9526aae3fa8eb95f2a9ce84409883682c3848
part 41/256 plantri: 1649509 polytopes written to stdout; cpu=32.48 sec wall_s 34.61
part 41/256 fg ref n 15 s 3 classes 0 expected_leaves 0 expected_ring 0
part 41/256 fg ref n 15 s 4 classes 0 expected_leaves 0 expected_ring 0
part 41/256 fg ref n 15 s 5 classes 3623 expected_leaves 128240 expected_ring 3788
part 41/256 fg ref n 15 s 6 classes 4382 expected_leaves 66084 expected_ring 4616
part 41/256 fg ref n 15 all 0 sabotage 0 read 1649509 class 1649509 kept 8005 expected_leaves 194324 expected_ring 8404 secs 34.61
part 41/256 codes 8005 sha256 a78f8fb77bcd4ca64888efdd40d675e64d703d61c50e1330c86143e5d88156f1
part 42/256 plantri: 1622174 polytopes written to stdout; cpu=30.93 sec wall_s 32.90
part 42/256 fg ref n 15 s 3 classes 0 expected_leaves 0 expected_ring 0
part 42/256 fg ref n 15 s 4 classes 0 expected_leaves 0 expected_ring 0
part 42/256 fg ref n 15 s 5 classes 3577 expected_leaves 124415 expected_ring 3780
part 42/256 fg ref n 15 s 6 classes 3919 expected_leaves 58002 expected_ring 4191
part 42/256 fg ref n 15 all 0 sabotage 0 read 1622174 class 1622174 kept 7496 expected_leaves 182417 expected_ring 7971 secs 32.89
part 42/256 codes 7496 sha256 42d62234f248b2c6b47d130f02e0a6dd9a6ce01345ce725240760c29223234c4
part 43/256 plantri: 1603785 polytopes written to stdout; cpu=30.60 sec wall_s 32.65
part 43/256 fg ref n 15 s 3 classes 0 expected_leaves 0 expected_ring 0
part 43/256 fg ref n 15 s 4 classes 7 expected_leaves 576 expected_ring 13
part 43/256 fg ref n 15 s 5 classes 2992 expected_leaves 98830 expected_ring 3166
part 43/256 fg ref n 15 s 6 classes 3308 expected_leaves 49194 expected_ring 3562
part 43/256 fg ref n 15 all 0 sabotage 0 read 1603785 class 1603785 kept 6307 expected_leaves 148600 expected_ring 6741 secs 32.64
part 43/256 codes 6307 sha256 352e29050bf95468ac00f4e5d8410fe3c80e82c4668030b35ffcd7e4b959ad77
part 44/256 plantri: 1551039 polytopes written to stdout; cpu=30.01 sec wall_s 31.99
part 44/256 fg ref n 15 s 3 classes 0 expected_leaves 0 expected_ring 0
part 44/256 fg ref n 15 s 4 classes 0 expected_leaves 0 expected_ring 0
part 44/256 fg ref n 15 s 5 classes 3704 expected_leaves 130040 expected_ring 3935
part 44/256 fg ref n 15 s 6 classes 3480 expected_leaves 51258 expected_ring 3676
part 44/256 fg ref n 15 all 0 sabotage 0 read 1551039 class 1551039 kept 7184 expected_leaves 181298 expected_ring 7611 secs 31.98
part 44/256 codes 7184 sha256 f9bc9a1e0d6886561f15a252cceb57e94a1b62d0cbdeb209a610fd9e910d2ac7
part 45/256 plantri: 1748031 polytopes written to stdout; cpu=33.57 sec wall_s 35.79
part 45/256 fg ref n 15 s 3 classes 0 expected_leaves 0 expected_ring 0
part 45/256 fg ref n 15 s 4 classes 2 expected_leaves 116 expected_ring 2
part 45/256 fg ref n 15 s 5 classes 4042 expected_leaves 142455 expected_ring 4251
part 45/256 fg ref n 15 s 6 classes 4648 expected_leaves 67284 expected_ring 4945
part 45/256 fg ref n 15 all 0 sabotage 0 read 1748031 class 1748031 kept 8692 expected_leaves 209855 expected_ring 9198 secs 35.78
part 45/256 codes 8692 sha256 b9d5e84bbeeb4bb98f3f7581dad64a64c7d87681929e5d4bb1a9821ff743c570
part 46/256 plantri: 1859857 polytopes written to stdout; cpu=35.65 sec wall_s 38.09
part 46/256 fg ref n 15 s 3 classes 0 expected_leaves 0 expected_ring 0
part 46/256 fg ref n 15 s 4 classes 3 expected_leaves 204 expected_ring 3
part 46/256 fg ref n 15 s 5 classes 4813 expected_leaves 158740 expected_ring 5061
part 46/256 fg ref n 15 s 6 classes 5410 expected_leaves 79758 expected_ring 5763
part 46/256 fg ref n 15 all 0 sabotage 0 read 1859857 class 1859857 kept 10226 expected_leaves 238702 expected_ring 10827 secs 38.08
part 46/256 codes 10226 sha256 d7cd7d259f5e74ad7b50862366ba9f1ff4d1b7fbe99f481d7c166f7bfb19e237
part 47/256 plantri: 1653043 polytopes written to stdout; cpu=33.02 sec wall_s 35.50
part 47/256 fg ref n 15 s 3 classes 0 expected_leaves 0 expected_ring 0
part 47/256 fg ref n 15 s 4 classes 5 expected_leaves 232 expected_ring 6
part 47/256 fg ref n 15 s 5 classes 4980 expected_leaves 167690 expected_ring 5259
part 47/256 fg ref n 15 s 6 classes 4710 expected_leaves 68532 expected_ring 5025
part 47/256 fg ref n 15 all 0 sabotage 0 read 1653043 class 1653043 kept 9695 expected_leaves 236454 expected_ring 10290 secs 35.50
part 47/256 codes 9695 sha256 f73d2b379627ac3ed7959c83dfc93d3cbf640feb777dbc3c424bfbed32e9749d
part 48/256 plantri: 1483725 polytopes written to stdout; cpu=31.16 sec wall_s 33.24
part 48/256 fg ref n 15 s 3 classes 0 expected_leaves 0 expected_ring 0
part 48/256 fg ref n 15 s 4 classes 0 expected_leaves 0 expected_ring 0
part 48/256 fg ref n 15 s 5 classes 3047 expected_leaves 102505 expected_ring 3225
part 48/256 fg ref n 15 s 6 classes 3069 expected_leaves 46326 expected_ring 3229
part 48/256 fg ref n 15 all 0 sabotage 0 read 1483725 class 1483725 kept 6116 expected_leaves 148831 expected_ring 6454 secs 33.24
part 48/256 codes 6116 sha256 cdd676f8e1fe8f7669d5d55aba6a36b1d4f040ba3a9548ceb04200dbe3c6c4c8
part 49/256 plantri: 1728058 polytopes written to stdout; cpu=33.49 sec wall_s 35.70
part 49/256 fg ref n 15 s 3 classes 0 expected_leaves 0 expected_ring 0
part 49/256 fg ref n 15 s 4 classes 0 expected_leaves 0 expected_ring 0
part 49/256 fg ref n 15 s 5 classes 3174 expected_leaves 108290 expected_ring 3340
part 49/256 fg ref n 15 s 6 classes 3656 expected_leaves 53244 expected_ring 3910
part 49/256 fg ref n 15 all 0 sabotage 0 read 1728058 class 1728058 kept 6830 expected_leaves 161534 expected_ring 7250 secs 35.70
part 49/256 codes 6830 sha256 02a077f496326eddc4e0fbbc019a67c584824abba1b144bc38c9ee6bdd22bbaa
part 50/256 plantri: 1774449 polytopes written to stdout; cpu=33.96 sec wall_s 36.19
part 50/256 fg ref n 15 s 3 classes 0 expected_leaves 0 expected_ring 0
part 50/256 fg ref n 15 s 4 classes 2 expected_leaves 144 expected_ring 2
part 50/256 fg ref n 15 s 5 classes 3501 expected_leaves 118340 expected_ring 3673
part 50/256 fg ref n 15 s 6 classes 4268 expected_leaves 61434 expected_ring 4542
part 50/256 fg ref n 15 all 0 sabotage 0 read 1774449 class 1774449 kept 7771 expected_leaves 179918 expected_ring 8217 secs 36.18
part 50/256 codes 7771 sha256 c656134c7a75bf4823e0ba58254ea0abb90917bbcad2987fca51e4d350ccfa80
part 51/256 plantri: 1738020 polytopes written to stdout; cpu=34.40 sec wall_s 36.74
part 51/256 fg ref n 15 s 3 classes 0 expected_leaves 0 expected_ring 0
part 51/256 fg ref n 15 s 4 classes 1 expected_leaves 80 expected_ring 2
part 51/256 fg ref n 15 s 5 classes 3877 expected_leaves 131525 expected_ring 4066
part 51/256 fg ref n 15 s 6 classes 4403 expected_leaves 65877 expected_ring 4638
part 51/256 fg ref n 15 all 0 sabotage 0 read 1738020 class 1738020 kept 8281 expected_leaves 197482 expected_ring 8706 secs 36.73
part 51/256 codes 8281 sha256 73801110bee397c1a709af5d0c9986bbbb1e1d5c1c2dda5d687b0156ff7b21fb
part 52/256 plantri: 1673438 polytopes written to stdout; cpu=33.78 sec wall_s 35.95
part 52/256 fg ref n 15 s 3 classes 0 expected_leaves 0 expected_ring 0
part 52/256 fg ref n 15 s 4 classes 0 expected_leaves 0 expected_ring 0
part 52/256 fg ref n 15 s 5 classes 3553 expected_leaves 123015 expected_ring 3743
part 52/256 fg ref n 15 s 6 classes 3655 expected_leaves 54630 expected_ring 3804
part 52/256 fg ref n 15 all 0 sabotage 0 read 1673438 class 1673438 kept 7208 expected_leaves 177645 expected_ring 7547 secs 35.95
part 52/256 codes 7208 sha256 665fbc98b4f02b3a451acfd8de83a0c372823f0dd3e5ef9b264c737d21e0d931
part 53/256 plantri: 1762974 polytopes written to stdout; cpu=36.34 sec wall_s 38.67
part 53/256 fg ref n 15 s 3 classes 0 expected_leaves 0 expected_ring 0
part 53/256 fg ref n 15 s 4 classes 0 expected_leaves 0 expected_ring 0
part 53/256 fg ref n 15 s 5 classes 4913 expected_leaves 170210 expected_ring 5148
part 53/256 fg ref n 15 s 6 classes 4697 expected_leaves 69132 expected_ring 4978
part 53/256 fg ref n 15 all 0 sabotage 0 read 1762974 class 1762974 kept 9610 expected_leaves 239342 expected_ring 10126 secs 38.67
part 53/256 codes 9610 sha256 9c633f4d31b4dbfaf43ad8b7508c804dd4c46a4eb018fe9eb19fcd54baa87cbd
part 54/256 plantri: 1668470 polytopes written to stdout; cpu=35.37 sec wall_s 37.61
part 54/256 fg ref n 15 s 3 classes 0 expected_leaves 0 expected_ring 0
part 54/256 fg ref n 15 s 4 classes 0 expected_leaves 0 expected_ring 0
part 54/256 fg ref n 15 s 5 classes 3877 expected_leaves 138810 expected_ring 4053
part 54/256 fg ref n 15 s 6 classes 4095 expected_leaves 60943 expected_ring 4298
part 54/256 fg ref n 15 all 0 sabotage 0 read 1668470 class 1668470 kept 7972 expected_leaves 199753 expected_ring 8351 secs 37.61
part 54/256 codes 7972 sha256 2a9e9f7174b49ac6c5ec1a569c4b518a3a25fd2095b61e423a3d4defec00c345
part 55/256 plantri: 1801134 polytopes written to stdout; cpu=35.04 sec wall_s 37.38
part 55/256 fg ref n 15 s 3 classes 0 expected_leaves 0 expected_ring 0
part 55/256 fg ref n 15 s 4 classes 1 expected_leaves 72 expected_ring 1
part 55/256 fg ref n 15 s 5 classes 5412 expected_leaves 183625 expected_ring 5689
part 55/256 fg ref n 15 s 6 classes 5187 expected_leaves 75570 expected_ring 5576
part 55/256 fg ref n 15 all 0 sabotage 0 read 1801134 class 1801134 kept 10600 expected_leaves 259267 expected_ring 11266 secs 37.38
part 55/256 codes 10600 sha256 3ececbe6eb08077ebeae16d97f661071c49fbb0882fce6a6fccc5d4fc6bfd20e
part 56/256 plantri: 1675550 polytopes written to stdout; cpu=34.15 sec wall_s 36.48
part 56/256 fg ref n 15 s 3 classes 0 expected_leaves 0 expected_ring 0
part 56/256 fg ref n 15 s 4 classes 1 expected_leaves 88 expected_ring 3
part 56/256 fg ref n 15 s 5 classes 3504 expected_leaves 120160 expected_ring 3710
part 56/256 fg ref n 15 s 6 classes 4133 expected_leaves 61458 expected_ring 4421
part 56/256 fg ref n 15 all 0 sabotage 0 read 1675550 class 1675550 kept 7638 expected_leaves 181706 expected_ring 8134 secs 36.48
part 56/256 codes 7638 sha256 fe6b08741546e07617d3b2714710bdca567cdcd2f95d3bf3191023850b379c31
part 57/256 plantri: 1674716 polytopes written to stdout; cpu=35.36 sec wall_s 37.55
part 57/256 fg ref n 15 s 3 classes 0 expected_leaves 0 expected_ring 0
part 57/256 fg ref n 15 s 4 classes 1 expected_leaves 18 expected_ring 1
part 57/256 fg ref n 15 s 5 classes 3497 expected_leaves 118665 expected_ring 3714
part 57/256 fg ref n 15 s 6 classes 3524 expected_leaves 52638 expected_ring 3728
part 57/256 fg ref n 15 all 0 sabotage 0 read 1674716 class 1674716 kept 7022 expected_leaves 171321 expected_ring 7443 secs 37.55
part 57/256 codes 7022 sha256 55e31e862fc013a32584e4dcc1dc4a8a63dd376fc9a0f9020886be6404836718
part 58/256 plantri: 1843120 polytopes written to stdout; cpu=40.35 sec wall_s 43.57
part 58/256 fg ref n 15 s 3 classes 0 expected_leaves 0 expected_ring 0
part 58/256 fg ref n 15 s 4 classes 1 expected_leaves 80 expected_ring 1
part 58/256 fg ref n 15 s 5 classes 4186 expected_leaves 148285 expected_ring 4395
part 58/256 fg ref n 15 s 6 classes 4626 expected_leaves 69270 expected_ring 4834
part 58/256 fg ref n 15 all 0 sabotage 0 read 1843120 class 1843120 kept 8813 expected_leaves 217635 expected_ring 9230 secs 43.57
part 58/256 codes 8813 sha256 4099c24904ce9b9a7166a2e6d2a3e2223681baa74835774077ffefdaa2678c41
part 59/256 plantri: 1647059 polytopes written to stdout; cpu=38.79 sec wall_s 42.29
part 59/256 fg ref n 15 s 3 classes 0 expected_leaves 0 expected_ring 0
part 59/256 fg ref n 15 s 4 classes 1 expected_leaves 36 expected_ring 2
part 59/256 fg ref n 15 s 5 classes 3442 expected_leaves 119285 expected_ring 3617
part 59/256 fg ref n 15 s 6 classes 4726 expected_leaves 74208 expected_ring 4999
part 59/256 fg ref n 15 all 0 sabotage 0 read 1647059 class 1647059 kept 8169 expected_leaves 193529 expected_ring 8618 secs 42.29
part 59/256 codes 8169 sha256 548e422981e245cd310dbaaf0e2348ce22159ffc95d4e763de9a1f121d82f1b0
part 60/256 plantri: 1810549 polytopes written to stdout; cpu=40.68 sec wall_s 43.87
part 60/256 fg ref n 15 s 3 classes 0 expected_leaves 0 expected_ring 0
part 60/256 fg ref n 15 s 4 classes 3 expected_leaves 222 expected_ring 4
part 60/256 fg ref n 15 s 5 classes 4666 expected_leaves 163575 expected_ring 4910
part 60/256 fg ref n 15 s 6 classes 5665 expected_leaves 83418 expected_ring 6010
part 60/256 fg ref n 15 all 0 sabotage 0 read 1810549 class 1810549 kept 10334 expected_leaves 247215 expected_ring 10924 secs 43.86
part 60/256 codes 10334 sha256 a85aff4d129c09870f7502565de9c58a9c412d6796c4de462935a02363f204ef
part 61/256 plantri: 1672654 polytopes written to stdout; cpu=40.22 sec wall_s 43.24
part 61/256 fg ref n 15 s 3 classes 0 expected_leaves 0 expected_ring 0
part 61/256 fg ref n 15 s 4 classes 0 expected_leaves 0 expected_ring 0
part 61/256 fg ref n 15 s 5 classes 5030 expected_leaves 175420 expected_ring 5301
part 61/256 fg ref n 15 s 6 classes 4669 expected_leaves 69234 expected_ring 4938
part 61/256 fg ref n 15 all 0 sabotage 0 read 1672654 class 1672654 kept 9699 expected_leaves 244654 expected_ring 10239 secs 43.23
part 61/256 codes 9699 sha256 5297a715bec573f165b87fe2912d6b30976120029bd53c9cb58529a0a276c8ce
part 62/256 plantri: 1706472 polytopes written to stdout; cpu=40.57 sec wall_s 44.01
part 62/256 fg ref n 15 s 3 classes 0 expected_leaves 0 expected_ring 0
part 62/256 fg ref n 15 s 4 classes 0 expected_leaves 0 expected_ring 0
part 62/256 fg ref n 15 s 5 classes 3983 expected_leaves 137420 expected_ring 4180
part 62/256 fg ref n 15 s 6 classes 4930 expected_leaves 72540 expected_ring 5198
part 62/256 fg ref n 15 all 0 sabotage 0 read 1706472 class 1706472 kept 8913 expected_leaves 209960 expected_ring 9378 secs 44.01
part 62/256 codes 8913 sha256 03aa58548fe1602a3bb95c948c351e12e6d758bd11034d0c68951fbb13fdac60
part 63/256 plantri: 1735510 polytopes written to stdout; cpu=42.13 sec wall_s 45.48
part 63/256 fg ref n 15 s 3 classes 0 expected_leaves 0 expected_ring 0
part 63/256 fg ref n 15 s 4 classes 3 expected_leaves 232 expected_ring 4
part 63/256 fg ref n 15 s 5 classes 5159 expected_leaves 178020 expected_ring 5443
part 63/256 fg ref n 15 s 6 classes 5369 expected_leaves 79980 expected_ring 5697
part 63/256 fg ref n 15 all 0 sabotage 0 read 1735510 class 1735510 kept 10531 expected_leaves 258232 expected_ring 11144 secs 45.47
part 63/256 codes 10531 sha256 8c699acb09e6359d5f4d11bd926ee5ea3741e982b57b96c2dd7d835e0dde594f
part 64/256 plantri: 1888761 polytopes written to stdout; cpu=44.20 sec wall_s 48.84
part 64/256 fg ref n 15 s 3 classes 0 expected_leaves 0 expected_ring 0
part 64/256 fg ref n 15 s 4 classes 8 expected_leaves 560 expected_ring 10
part 64/256 fg ref n 15 s 5 classes 5461 expected_leaves 181250 expected_ring 5762
part 64/256 fg ref n 15 s 6 classes 6450 expected_leaves 98212 expected_ring 6834
part 64/256 fg ref n 15 all 0 sabotage 0 read 1888761 class 1888761 kept 11919 expected_leaves 280022 expected_ring 12606 secs 48.83
part 64/256 codes 11919 sha256 fa00abc7da06a6155d57b6c85cff04f656798ef2be06414536427a8aadd503b4
part 65/256 plantri: 1999170 polytopes written to stdout; cpu=44.79 sec wall_s 49.78
part 65/256 fg ref n 15 s 3 classes 0 expected_leaves 0 expected_ring 0
part 65/256 fg ref n 15 s 4 classes 13 expected_leaves 924 expected_ring 21
part 65/256 fg ref n 15 s 5 classes 5598 expected_leaves 189615 expected_ring 5881
part 65/256 fg ref n 15 s 6 classes 7006 expected_leaves 106998 expected_ring 7316
part 65/256 fg ref n 15 all 0 sabotage 0 read 1999170 class 1999170 kept 12617 expected_leaves 297537 expected_ring 13218 secs 49.76
part 65/256 codes 12617 sha256 e7293e4c2fa665a3a1a579d456297b7007617e0600148a52c3c409f12091b4b9
part 66/256 plantri: 1960895 polytopes written to stdout; cpu=44.64 sec wall_s 49.67
part 66/256 fg ref n 15 s 3 classes 0 expected_leaves 0 expected_ring 0
part 66/256 fg ref n 15 s 4 classes 7 expected_leaves 552 expected_ring 12
part 66/256 fg ref n 15 s 5 classes 7640 expected_leaves 253240 expected_ring 8020
part 66/256 fg ref n 15 s 6 classes 8129 expected_leaves 120510 expected_ring 8572
part 66/256 fg ref n 15 all 0 sabotage 0 read 1960895 class 1960895 kept 15776 expected_leaves 374302 expected_ring 16604 secs 49.65
part 66/256 codes 15776 sha256 77af88fe700d5e4faf820177547a0ddbe73dd33b939cc0862636b8b865c9daa6
part 67/256 plantri: 1847761 polytopes written to stdout; cpu=44.06 sec wall_s 49.11
part 67/256 fg ref n 15 s 3 classes 0 expected_leaves 0 expected_ring 0
part 67/256 fg ref n 15 s 4 classes 2 expected_leaves 92 expected_ring 5
part 67/256 fg ref n 15 s 5 classes 6042 expected_leaves 217205 expected_ring 6311
part 67/256 fg ref n 15 s 6 classes 8319 expected_leaves 126254 expected_ring 8740
part 67/256 fg ref n 15 all 0 sabotage 0 read 1847761 class 1847761 kept 14363 expected_leaves 343551 expected_ring 15056 secs 49.11
part 67/256 codes 14363 sha256 f2db26d8fe67a0a9605a27ccadcfa5c3d74acb19871e946baf0d3962b2cd24e7
part 68/256 plantri: 1852829 polytopes written to stdout; cpu=44.94 sec wall_s 49.64
part 68/256 fg ref n 15 s 3 classes 0 expected_leaves 0 expected_ring 0
part 68/256 fg ref n 15 s 4 classes 3 expected_leaves 216 expected_ring 3
part 68/256 fg ref n 15 s 5 classes 5344 expected_leaves 185670 expected_ring 5605
part 68/256 fg ref n 15 s 6 classes 6412 expected_leaves 97524 expected_ring 6764
part 68/256 fg ref n 15 all 0 sabotage 0 read 1852829 class 1852829 kept 11759 expected_leaves 283410 expected_ring 12372 secs 49.64
part 68/256 codes 11759 sha256 2c698b2d2a3cf4bc189f7cb23231c6c142ad774a93b9eb71997d4ef7196d863a
part 69/256 plantri: 1722154 polytopes written to stdout; cpu=40.72 sec wall_s 44.68
part 69/256 fg ref n 15 s 3 classes 0 expected_leaves 0 expected_ring 0
part 69/256 fg ref n 15 s 4 classes 2 expected_leaves 140 expected_ring 5
part 69/256 fg ref n 15 s 5 classes 4345 expected_leaves 148245 expected_ring 4589
part 69/256 fg ref n 15 s 6 classes 4410 expected_leaves 64440 expected_ring 4657
part 69/256 fg ref n 15 all 0 sabotage 0 read 1722154 class 1722154 kept 8757 expected_leaves 212825 expected_ring 9251 secs 44.67
part 69/256 codes 8757 sha256 a13e4d0dc1c721afe4d9d7955728ac24762a829e7e9b58b80b89ab0871f7b14f
part 70/256 plantri: 1768506 polytopes written to stdout; cpu=42.01 sec wall_s 45.81
part 70/256 fg ref n 15 s 3 classes 0 expected_leaves 0 expected_ring 0
part 70/256 fg ref n 15 s 4 classes 3 expected_leaves 272 expected_ring 8
part 70/256 fg ref n 15 s 5 classes 5702 expected_leaves 203345 expected_ring 5967
part 70/256 fg ref n 15 s 6 classes 7264 expected_leaves 111672 expected_ring 7630
part 70/256 fg ref n 15 all 0 sabotage 0 read 1768506 class 1768506 kept 12969 expected_leaves 315289 expected_ring 13605 secs 45.81
part 70/256 codes 12969 sha256 9463e8e5495c7fdd496bdc73ad2e6f5862d30f854deb1dc1399937a2b72bda1f
part 71/256 plantri: 1817815 polytopes written to stdout; cpu=41.95 sec wall_s 45.72
part 71/256 fg ref n 15 s 3 classes 0 expected_leaves 0 expected_ring 0
part 71/256 fg ref n 15 s 4 classes 2 expected_leaves 128 expected_ring 5
part 71/256 fg ref n 15 s 5 classes 5211 expected_leaves 181355 expected_ring 5475
part 71/256 fg ref n 15 s 6 classes 6149 expected_leaves 92070 expected_ring 6528
part 71/256 fg ref n 15 all 0 sabotage 0 read 1817815 class 1817815 kept 11362 expected_leaves 273553 expected_ring 12008 secs 45.71
part 71/256 codes 11362 sha256 a6d468b2711352a02e9bee9856b9e9fb498e0e28eb9feef73b251e2809dce4d6
part 72/256 plantri: 1882613 polytopes written to stdout; cpu=41.88 sec wall_s 45.09
part 72/256 fg ref n 15 s 3 classes 0 expected_leaves 0 expected_ring 0
part 72/256 fg ref n 15 s 4 classes 2 expected_leaves 168 expected_ring 3
part 72/256 fg ref n 15 s 5 classes 5964 expected_leaves 206180 expected_ring 6248
part 72/256 fg ref n 15 s 6 classes 6641 expected_leaves 97500 expected_ring 7109
part 72/256 fg ref n 15 all 0 sabotage 0 read 1882613 class 1882613 kept 12607 expected_leaves 303848 expected_ring 13360 secs 45.08
part 72/256 codes 12607 sha256 c78e108b14009913965b2dfa925c8038d7e5c0364be5f3d1449e3e0f7f633bf0
part 73/256 plantri: 1736723 polytopes written to stdout; cpu=40.92 sec wall_s 44.06
part 73/256 fg ref n 15 s 3 classes 0 expected_leaves 0 expected_ring 0
part 73/256 fg ref n 15 s 4 classes 2 expected_leaves 92 expected_ring 4
part 73/256 fg ref n 15 s 5 classes 4294 expected_leaves 149425 expected_ring 4536
part 73/256 fg ref n 15 s 6 classes 4621 expected_leaves 69774 expected_ring 4902
part 73/256 fg ref n 15 all 0 sabotage 0 read 1736723 class 1736723 kept 8917 expected_leaves 219291 expected_ring 9442 secs 44.05
part 73/256 codes 8917 sha256 c49da0226e9cead316546eaec1cdf75d926a785362956927d1ed1d74773f7ecd
part 74/256 plantri: 1936722 polytopes written to stdout; cpu=42.93 sec wall_s 46.20
part 74/256 fg ref n 15 s 3 classes 0 expected_leaves 0 expected_ring 0
part 74/256 fg ref n 15 s 4 classes 3 expected_leaves 132 expected_ring 3
part 74/256 fg ref n 15 s 5 classes 6362 expected_leaves 218730 expected_ring 6662
part 74/256 fg ref n 15 s 6 classes 8867 expected_leaves 134994 expected_ring 9386
part 74/256 fg ref n 15 all 0 sabotage 0 read 1936722 class 1936722 kept 15232 expected_leaves 353856 expected_ring 16051 secs 46.19
part 74/256 codes 15232 sha256 27f5e821c8e66062683a83e9f4448a0c109a35228a50afe45724231883d70cef
part 75/256 plantri: 1768237 polytopes written to stdout; cpu=38.06 sec wall_s 40.97
part 75/256 fg ref n 15 s 3 classes 0 expected_leaves 0 expected_ring 0
part 75/256 fg ref n 15 s 4 classes 1 expected_leaves 88 expected_ring 4
part 75/256 fg ref n 15 s 5 classes 5112 expected_leaves 173840 expected_ring 5377
part 75/256 fg ref n 15 s 6 classes 5003 expected_leaves 74808 expected_ring 5372
part 75/256 fg ref n 15 all 0 sabotage 0 read 1768237 class 1768237 kept 10116 expected_leaves 248736 expected_ring 10753 secs 40.97
part 75/256 codes 10116 sha256 f8441cdeca6520f35e349ea146394a5204adf9d0de1777a134fcc06c5a60116c
part 76/256 plantri: 1721147 polytopes written to stdout; cpu=38.47 sec wall_s 41.27
part 76/256 fg ref n 15 s 3 classes 0 expected_leaves 0 expected_ring 0
part 76/256 fg ref n 15 s 4 classes 8 expected_leaves 570 expected_ring 9
part 76/256 fg ref n 15 s 5 classes 3791 expected_leaves 122760 expected_ring 4036
part 76/256 fg ref n 15 s 6 classes 4181 expected_leaves 60916 expected_ring 4448
part 76/256 fg ref n 15 all 0 sabotage 0 read 1721147 class 1721147 kept 7980 expected_leaves 184246 expected_ring 8493 secs 41.26
part 76/256 codes 7980 sha256 57e1b6be729f9daaef7824fa30a0f854b5dcb43509b283ed46c18e43e8f10910
part 77/256 plantri: 1665409 polytopes written to stdout; cpu=39.23 sec wall_s 42.20
part 77/256 fg ref n 15 s 3 classes 0 expected_leaves 0 expected_ring 0
part 77/256 fg ref n 15 s 4 classes 1 expected_leaves 72 expected_ring 2
part 77/256 fg ref n 15 s 5 classes 5017 expected_leaves 171145 expected_ring 5302
part 77/256 fg ref n 15 s 6 classes 5291 expected_leaves 77748 expected_ring 5611
part 77/256 fg ref n 15 all 0 sabotage 0 read 1665409 class 1665409 kept 10309 expected_leaves 248965 expected_ring 10915 secs 42.19
part 77/256 codes 10309 sha256 b0cb86d1905d4209ad1bf1b289a8231e99bf14a08fc518c2e0b29156e85e6a6e
part 78/256 plantri: 1718294 polytopes written to stdout; cpu=39.52 sec wall_s 42.14
part 78/256 fg ref n 15 s 3 classes 0 expected_leaves 0 expected_ring 0
part 78/256 fg ref n 15 s 4 classes 0 expected_leaves 0 expected_ring 0
part 78/256 fg ref n 15 s 5 classes 4377 expected_leaves 149540 expected_ring 4620
part 78/256 fg ref n 15 s 6 classes 4961 expected_leaves 73950 expected_ring 5229
part 78/256 fg ref n 15 all 0 sabotage 0 read 1718294 class 1718294 kept 9338 expected_leaves 223490 expected_ring 9849 secs 42.13
part 78/256 codes 9338 sha256 4a711a13561234eb75daa3095f9d403f5ae138f1718b112d0a080d8595f2874a
part 79/256 plantri: 1805865 polytopes written to stdout; cpu=38.85 sec wall_s 41.31
part 79/256 fg ref n 15 s 3 classes 0 expected_leaves 0 expected_ring 0
part 79/256 fg ref n 15 s 4 classes 0 expected_leaves 0 expected_ring 0
part 79/256 fg ref n 15 s 5 classes 5247 expected_leaves 175800 expected_ring 5528
part 79/256 fg ref n 15 s 6 classes 5942 expected_leaves 90624 expected_ring 6254
part 79/256 fg ref n 15 all 0 sabotage 0 read 1805865 class 1805865 kept 11189 expected_leaves 266424 expected_ring 11782 secs 41.30
part 79/256 codes 11189 sha256 329b954a94e017a473816d403e8b6e9f7853f7f0d6dae3389745582e79d961a9
part 80/256 plantri: 1715157 polytopes written to stdout; cpu=38.31 sec wall_s 40.91
part 80/256 fg ref n 15 s 3 classes 0 expected_leaves 0 expected_ring 0
part 80/256 fg ref n 15 s 4 classes 4 expected_leaves 312 expected_ring 4
part 80/256 fg ref n 15 s 5 classes 4621 expected_leaves 159185 expected_ring 4824
part 80/256 fg ref n 15 s 6 classes 5407 expected_leaves 80190 expected_ring 5734
part 80/256 fg ref n 15 all 0 sabotage 0 read 1715157 class 1715157 kept 10032 expected_leaves 239687 expected_ring 10562 secs 40.90
part 80/256 codes 10032 sha256 8e4fe7c78c73f15d3a6268c54d552ebe81b4fd76d80890c3b525375fd68c574a
part 81/256 plantri: 1763771 polytopes written to stdout; cpu=41.57 sec wall_s 45.22
part 81/256 fg ref n 15 s 3 classes 0 expected_leaves 0 expected_ring 0
part 81/256 fg ref n 15 s 4 classes 3 expected_leaves 224 expected_ring 4
part 81/256 fg ref n 15 s 5 classes 4818 expected_leaves 166235 expected_ring 5083
part 81/256 fg ref n 15 s 6 classes 6030 expected_leaves 90570 expected_ring 6489
part 81/256 fg ref n 15 all 0 sabotage 0 read 1763771 class 1763771 kept 10851 expected_leaves 257029 expected_ring 11576 secs 45.21
part 81/256 codes 10851 sha256 337bd859f8aa1353775908619f8900d40c05ea7921d7490cae18ebbf93868495
part 82/256 plantri: 1678990 polytopes written to stdout; cpu=40.13 sec wall_s 43.51
part 82/256 fg ref n 15 s 3 classes 0 expected_leaves 0 expected_ring 0
part 82/256 fg ref n 15 s 4 classes 2 expected_leaves 100 expected_ring 5
part 82/256 fg ref n 15 s 5 classes 4123 expected_leaves 139865 expected_ring 4329
part 82/256 fg ref n 15 s 6 classes 4415 expected_leaves 66822 expected_ring 4647
part 82/256 fg ref n 15 all 0 sabotage 0 read 1678990 class 1678990 kept 8540 expected_leaves 206787 expected_ring 8981 secs 43.50
part 82/256 codes 8540 sha256 845b6b1ee280691fd6070b7a5fd7a4092a7e902a567c6b345a0aefcfb85ffcd9
part 83/256 plantri: 1668285 polytopes written to stdout; cpu=39.89 sec wall_s 42.82
part 83/256 fg ref n 15 s 3 classes 0 expected_leaves 0 expected_ring 0
part 83/256 fg ref n 15 s 4 classes 1 expected_leaves 44 expected_ring 2
part 83/256 fg ref n 15 s 5 classes 3585 expected_leaves 126225 expected_ring 3777
part 83/256 fg ref n 15 s 6 classes 3757 expected_leaves 56646 expected_ring 3990
part 83/256 fg ref n 15 all 0 sabotage 0 read 1668285 class 1668285 kept 7343 expected_leaves 182915 expected_ring 7769 secs 42.81
part 83/256 codes 7343 sha256 85cd5c028b8190b602f0400ceb27a2cbc66a7e5997568a5fa7d026418264b39a
part 84/256 plantri: 1706350 polytopes written to stdout; cpu=39.52 sec wall_s 42.40
part 84/256 fg ref n 15 s 3 classes 0 expected_leaves 0 expected_ring 0
part 84/256 fg ref n 15 s 4 classes 2 expected_leaves 152 expected_ring 3
part 84/256 fg ref n 15 s 5 classes 4394 expected_leaves 143630 expected_ring 4693
part 84/256 fg ref n 15 s 6 classes 3930 expected_leaves 57432 expected_ring 4181
part 84/256 fg ref n 15 all 0 sabotage 0 read 1706350 class 1706350 kept 8326 expected_leaves 201214 expected_ring 8877 secs 42.39
part 84/256 codes 8326 sha256 760e0bcdef01815b254c5468adbeb99f0c97a267577a0aa5eb4730aee592a31d
part 85/256 plantri: 1877446 polytopes written to stdout; cpu=39.58 sec wall_s 42.45
part 85/256 fg ref n 15 s 3 classes 0 expected_leaves 0 expected_ring 0
part 85/256 fg ref n 15 s 4 classes 0 expected_leaves 0 expected_ring 0
part 85/256 fg ref n 15 s 5 classes 7495 expected_leaves 252100 expected_ring 7937
part 85/256 fg ref n 15 s 6 classes 8522 expected_leaves 124860 expected_ring 9086
part 85/256 fg ref n 15 all 0 sabotage 0 read 1877446 class 1877446 kept 16017 expected_leaves 376960 expected_ring 17023 secs 42.45
part 85/256 codes 16017 sha256 ea67fb9541a2b37ad92aa4036441d8c7dd4beb842d7e1dda3f9ab7f94f26550a
part 86/256 plantri: 1764896 polytopes written to stdout; cpu=40.39 sec wall_s 42.97
part 86/256 fg ref n 15 s 3 classes 0 expected_leaves 0 expected_ring 0
part 86/256 fg ref n 15 s 4 classes 1 expected_leaves 88 expected_ring 1
part 86/256 fg ref n 15 s 5 classes 4789 expected_leaves 164535 expected_ring 5026
part 86/256 fg ref n 15 s 6 classes 6191 expected_leaves 96204 expected_ring 6505
part 86/256 fg ref n 15 all 0 sabotage 0 read 1764896 class 1764896 kept 10981 expected_leaves 260827 expected_ring 11532 secs 42.97
part 86/256 codes 10981 sha256 131e67995cfc9db80997e0821b05e19364412e977645749b3fb238eb05521944
part 87/256 plantri: 1895203 polytopes written to stdout; cpu=40.34 sec wall_s 43.42
part 87/256 fg ref n 15 s 3 classes 0 expected_leaves 0 expected_ring 0
part 87/256 fg ref n 15 s 4 classes 19 expected_leaves 1320 expected_ring 26
part 87/256 fg ref n 15 s 5 classes 6991 expected_leaves 224605 expected_ring 7388
part 87/256 fg ref n 15 s 6 classes 6251 expected_leaves 91128 expected_ring 6662
part 87/256 fg ref n 15 all 0 sabotage 0 read 1895203 class 1895203 kept 13261 expected_leaves 317053 expected_ring 14076 secs 43.41
part 87/256 codes 13261 sha256 9ac9a08928fa12597db87356b5ec89bb544b0acc4d85a557aa5767ae0f6344bc
part 88/256 plantri: 1635276 polytopes written to stdout; cpu=37.61 sec wall_s 40.04
part 88/256 fg ref n 15 s 3 classes 0 expected_leaves 0 expected_ring 0
part 88/256 fg ref n 15 s 4 classes 1 expected_leaves 72 expected_ring 1
part 88/256 fg ref n 15 s 5 classes 3940 expected_leaves 129750 expected_ring 4203
part 88/256 fg ref n 15 s 6 classes 4260 expected_leaves 62754 expected_ring 4501
part 88/256 fg ref n 15 all 0 sabotage 0 read 1635276 class 1635276 kept 8201 expected_leaves 192576 expected_ring 8705 secs 40.03
part 88/256 codes 8201 sha256 fb0ebba355b2a0441c16798da5f8840ebcf721afe9cd60bfe57cf4306bbeef62
part 89/256 plantri: 1545503 polytopes written to stdout; cpu=38.67 sec wall_s 41.55
part 89/256 fg ref n 15 s 3 classes 0 expected_leaves 0 expected_ring 0
part 89/256 fg ref n 15 s 4 classes 0 expected_leaves 0 expected_ring 0
part 89/256 fg ref n 15 s 5 classes 2496 expected_leaves 85635 expected_ring 2623
part 89/256 fg ref n 15 s 6 classes 3582 expected_leaves 54036 expected_ring 3859
part 89/256 fg ref n 15 all 0 sabotage 0 read 1545503 class 1545503 kept 6078 expected_leaves 139671 expected_ring 6482 secs 41.54
part 89/256 codes 6078 sha256 a37d961256ec0c9c444a9e8c2fef0b4cd5616a30fbc57f3ad534d7e640acf44f
part 90/256 plantri: 1684472 polytopes written to stdout; cpu=40.10 sec wall_s 43.05
part 90/256 fg ref n 15 s 3 classes 0 expected_leaves 0 expected_ring 0
part 90/256 fg ref n 15 s 4 classes 2 expected_leaves 62 expected_ring 2
part 90/256 fg ref n 15 s 5 classes 4248 expected_leaves 143830 expected_ring 4419
part 90/256 fg ref n 15 s 6 classes 4387 expected_leaves 65952 expected_ring 4654
part 90/256 fg ref n 15 all 0 sabotage 0 read 1684472 class 1684472 kept 8637 expected_leaves 209844 expected_ring 9075 secs 43.04
part 90/256 codes 8637 sha256 22c4053a6e32ff7bb639b9d0fee3fb8d137b4edbe54bbe5995097db0ca39dd84
part 91/256 plantri: 1558743 polytopes written to stdout; cpu=37.91 sec wall_s 40.38
part 91/256 fg ref n 15 s 3 classes 0 expected_leaves 0 expected_ring 0
part 91/256 fg ref n 15 s 4 classes 6 expected_leaves 428 expected_ring 7
part 91/256 fg ref n 15 s 5 classes 3799 expected_leaves 130755 expected_ring 4011
part 91/256 fg ref n 15 s 6 classes 3940 expected_leaves 58548 expected_ring 4153
part 91/256 fg ref n 15 all 0 sabotage 0 read 1558743 class 1558743 kept 7745 expected_leaves 189731 expected_ring 8171 secs 40.37
part 91/256 codes 7745 sha256 9f57ea1c327808c6bdd2f5255a21f73956f9322a3155aaf9c219582e8c552851
part 92/256 plantri: 1763681 polytopes written to stdout; cpu=38.75 sec wall_s 41.45
part 92/256 fg ref n 15 s 3 classes 0 expected_leaves 0 expected_ring 0
part 92/256 fg ref n 15 s 4 classes 8 expected_leaves 600 expected_ring 12
part 92/256 fg ref n 15 s 5 classes 4610 expected_leaves 153660 expected_ring 4866
part 92/256 fg ref n 15 s 6 classes 5129 expected_leaves 78612 expected_ring 5442
part 92/256 fg ref n 15 all 0 sabotage 0 read 1763681 class 1763681 kept 9747 expected_leaves 232872 expected_ring 10320 secs 41.44
part 92/256 codes 9747 sha256 ad60c2e1f20986fc9adcfdad9375cbe92baec432275822d8aa3dc21b23d68c63
part 93/256 plantri: 1873860 polytopes written to stdout; cpu=41.44 sec wall_s 44.10
part 93/256 fg ref n 15 s 3 classes 0 expected_leaves 0 expected_ring 0
part 93/256 fg ref n 15 s 4 classes 2 expected_leaves 160 expected_ring 2
part 93/256 fg ref n 15 s 5 classes 4439 expected_leaves 152020 expected_ring 4678
part 93/256 fg ref n 15 s 6 classes 4774 expected_leaves 70590 expected_ring 5044
part 93/256 fg ref n 15 all 0 sabotage 0 read 1873860 class 1873860 kept 9215 expected_leaves 222770 expected_ring 9724 secs 44.10
part 93/256 codes 9215 sha256 ce72ab315d1e2a0fe27a46269de5ae619150546de2fbce4b4fec4cc570725d3c
part 94/256 plantri: 1921322 polytopes written to stdout; cpu=41.73 sec wall_s 44.19
part 94/256 fg ref n 15 s 3 classes 0 expected_leaves 0 expected_ring 0
part 94/256 fg ref n 15 s 4 classes 0 expected_leaves 0 expected_ring 0
part 94/256 fg ref n 15 s 5 classes 4758 expected_leaves 165945 expected_ring 4979
part 94/256 fg ref n 15 s 6 classes 6148 expected_leaves 92442 expected_ring 6492
part 94/256 fg ref n 15 all 0 sabotage 0 read 1921322 class 1921322 kept 10906 expected_leaves 258387 expected_ring 11471 secs 44.17
part 94/256 codes 10906 sha256 0d8479cd2310e27f0df086e531380e0237ec32e7a73d642d54a6110e6e05ae88
part 95/256 plantri: 1874520 polytopes written to stdout; cpu=41.18 sec wall_s 43.59
part 95/256 fg ref n 15 s 3 classes 0 expected_leaves 0 expected_ring 0
part 95/256 fg ref n 15 s 4 classes 1 expected_leaves 88 expected_ring 2
part 95/256 fg ref n 15 s 5 classes 3776 expected_leaves 126155 expected_ring 3991
part 95/256 fg ref n 15 s 6 classes 4336 expected_leaves 65718 expected_ring 4629
part 95/256 fg ref n 15 all 0 sabotage 0 read 1874520 class 1874520 kept 8113 expected_leaves 191961 expected_ring 8622 secs 43.58
part 95/256 codes 8113 sha256 cd07e708456dbbab2073c1bdaa0d386c781349266b3d5fcfa71a2a537ed39025
part 96/256 plantri: 1760525 polytopes written to stdout; cpu=38.11 sec wall_s 40.38
part 96/256 fg ref n 15 s 3 classes 0 expected_leaves 0 expected_ring 0
part 96/256 fg ref n 15 s 4 classes 0 expected_leaves 0 expected_ring 0
part 96/256 fg ref n 15 s 5 classes 5053 expected_leaves 173395 expected_ring 5294
part 96/256 fg ref n 15 s 6 classes 5397 expected_leaves 81376 expected_ring 5624
part 96/256 fg ref n 15 all 0 sabotage 0 read 1760525 class 1760525 kept 10450 expected_leaves 254771 expected_ring 10918 secs 40.38
part 96/256 codes 10450 sha256 e339ba044c06d8d3ae0a9a3ab8dd9c41dfc78c8e060ef03fea35a63dca40483f
part 97/256 plantri: 1887333 polytopes written to stdout; cpu=38.74 sec wall_s 41.15
part 97/256 fg ref n 15 s 3 classes 0 expected_leaves 0 expected_ring 0
part 97/256 fg ref n 15 s 4 classes 0 expected_leaves 0 expected_ring 0
part 97/256 fg ref n 15 s 5 classes 4160 expected_leaves 140850 expected_ring 4382
part 97/256 fg ref n 15 s 6 classes 4495 expected_leaves 65682 expected_ring 4763
part 97/256 fg ref n 15 all 0 sabotage 0 read 1887333 class 1887333 kept 8655 expected_leaves 206532 expected_ring 9145 secs 41.14
part 97/256 codes 8655 sha256 d134b6aef5b87e657145fea1371957c98b88eb8f77236f6fc26eeddfa162d748
part 98/256 plantri: 1864716 polytopes written to stdout; cpu=37.77 sec wall_s 40.21
part 98/256 fg ref n 15 s 3 classes 0 expected_leaves 0 expected_ring 0
part 98/256 fg ref n 15 s 4 classes 5 expected_leaves 424 expected_ring 8
part 98/256 fg ref n 15 s 5 classes 5415 expected_leaves 184217 expected_ring 5736
part 98/256 fg ref n 15 s 6 classes 5324 expected_leaves 78447 expected_ring 5745
part 98/256 fg ref n 15 all 0 sabotage 0 read 1864716 class 1864716 kept 10744 expected_leaves 263088 expected_ring 11489 secs 40.21
part 98/256 codes 10744 sha256 12c3576535671eb2346be2137135749b172eabc4e9d7658dfafa8cd3c26820fd
part 99/256 plantri: 1795130 polytopes written to stdout; cpu=35.58 sec wall_s 37.94
part 99/256 fg ref n 15 s 3 classes 0 expected_leaves 0 expected_ring 0
part 99/256 fg ref n 15 s 4 classes 17 expected_leaves 1340 expected_ring 42
part 99/256 fg ref n 15 s 5 classes 5778 expected_leaves 180400 expected_ring 6175
part 99/256 fg ref n 15 s 6 classes 5034 expected_leaves 74966 expected_ring 5554
part 99/256 fg ref n 15 all 0 sabotage 0 read 1795130 class 1795130 kept 10829 expected_leaves 256706 expected_ring 11771 secs 37.93
part 99/256 codes 10829 sha256 f33d5d1f8f64d95d4fc984912241eba850bf17d23b6cb151f124b0d1e886af5d
part 100/256 plantri: 1931397 polytopes written to stdout; cpu=37.39 sec wall_s 39.90
part 100/256 fg ref n 15 s 3 classes 0 expected_leaves 0 expected_ring 0
part 100/256 fg ref n 15 s 4 classes 10 expected_leaves 840 expected_ring 15
part 100/256 fg ref n 15 s 5 classes 6349 expected_leaves 211745 expected_ring 6729
part 100/256 fg ref n 15 s 6 classes 5989 expected_leaves 88950 expected_ring 6412
part 100/256 fg ref n 15 all 0 sabotage 0 read 1931397 class 1931397 kept 12348 expected_leaves 301535 expected_ring 13156 secs 39.89
part 100/256 codes 12348 sha256 d72822e641978810282dcee8816d2b961bd393b3a01b84ba668f3c3e645e435c
part 101/256 plantri: 1898932 polytopes written to stdout; cpu=36.24 sec wall_s 38.66
part 101/256 fg ref n 15 s 3 classes 0 expected_leaves 0 expected_ring 0
part 101/256 fg ref n 15 s 4 classes 0 expected_leaves 0 expected_ring 0
part 101/256 fg ref n 15 s 5 classes 6163 expected_leaves 211545 expected_ring 6499
part 101/256 fg ref n 15 s 6 classes 6013 expected_leaves 87714 expected_ring 6399
part 101/256 fg ref n 15 all 0 sabotage 0 read 1898932 class 1898932 kept 12176 expected_leaves 299259 expected_ring 12898 secs 38.65
part 101/256 codes 12176 sha256 b9c52e90c9f9ccc6aab9877a3f7cca824b6a81cbe6f7eed3504054db6a4e7c7e
part 102/256 plantri: 1939943 polytopes written to stdout; cpu=36.53 sec wall_s 39.09
part 102/256 fg ref n 15 s 3 classes 0 expected_leaves 0 expected_ring 0
part 102/256 fg ref n 15 s 4 classes 0 expected_leaves 0 expected_ring 0
part 102/256 fg ref n 15 s 5 classes 7835 expected_leaves 242355 expected_ring 8409
part 102/256 fg ref n 15 s 6 classes 6870 expected_leaves 99462 expected_ring 7372
part 102/256 fg ref n 15 all 0 sabotage 0 read 1939943 class 1939943 kept 14705 expected_leaves 341817 expected_ring 15781 secs 39.08
part 102/256 codes 14705 sha256 2dcae546e09a04ceacb79417b4811af584eb8a6205aaefcf515f54b36bddff75
part 103/256 plantri: 1850904 polytopes written to stdout; cpu=35.98 sec wall_s 38.43
part 103/256 fg ref n 15 s 3 classes 0 expected_leaves 0 expected_ring 0
part 103/256 fg ref n 15 s 4 classes 0 expected_leaves 0 expected_ring 0
part 103/256 fg ref n 15 s 5 classes 4903 expected_leaves 161765 expected_ring 5118
part 103/256 fg ref n 15 s 6 classes 5182 expected_leaves 76026 expected_ring 5523
part 103/256 fg ref n 15 all 0 sabotage 0 read 1850904 class 1850904 kept 10085 expected_leaves 237791 expected_ring 10641 secs 38.43
part 103/256 codes 10085 sha256 e8d79f8b3386e96d4fcf6056fce6ea03dd377d361f822d4843d1e70d6cf15b08
part 104/256 plantri: 1817513 polytopes written to stdout; cpu=38.91 sec wall_s 41.46
part 104/256 fg ref n 15 s 3 classes 0 expected_leaves 0 expected_ring 0
part 104/256 fg ref n 15 s 4 classes 2 expected_leaves 176 expected_ring 3
part 104/256 fg ref n 15 s 5 classes 4862 expected_leaves 165495 expected_ring 5119
part 104/256 fg ref n 15 s 6 classes 5159 expected_leaves 76248 expected_ring 5480
part 104/256 fg ref n 15 all 0 sabotage 0 read 1817513 class 1817513 kept 10023 expected_leaves 241919 expected_ring 10602 secs 41.46
part 104/256 codes 10023 sha256 df8e46293ed613654faf3db448dad63865065b5eb9c85594cc69931ae4a00675
part 105/256 plantri: 1842968 polytopes written to stdout; cpu=38.01 sec wall_s 40.34
part 105/256 fg ref n 15 s 3 classes 0 expected_leaves 0 expected_ring 0
part 105/256 fg ref n 15 s 4 classes 3 expected_leaves 220 expected_ring 5
part 105/256 fg ref n 15 s 5 classes 5292 expected_leaves 178990 expected_ring 5592
part 105/256 fg ref n 15 s 6 classes 4698 expected_leaves 69396 expected_ring 5102
part 105/256 fg ref n 15 all 0 sabotage 0 read 1842968 class 1842968 kept 9993 expected_leaves 248606 expected_ring 10699 secs 40.33
part 105/256 codes 9993 sha256 25d319ec0ecc0a982adedcec057b9d33b228d233ba35ba1aa8ebc8404e14cad3
part 106/256 plantri: 1788675 polytopes written to stdout; cpu=37.12 sec wall_s 39.53
part 106/256 fg ref n 15 s 3 classes 0 expected_leaves 0 expected_ring 0
part 106/256 fg ref n 15 s 4 classes 1 expected_leaves 88 expected_ring 1
part 106/256 fg ref n 15 s 5 classes 4609 expected_leaves 151815 expected_ring 4897
part 106/256 fg ref n 15 s 6 classes 4780 expected_leaves 70050 expected_ring 5154
part 106/256 fg ref n 15 all 0 sabotage 0 read 1788675 class 1788675 kept 9390 expected_leaves 221953 expected_ring 10052 secs 39.52
part 106/256 codes 9390 sha256 f637831d8eb14a97d67394ef8c2818e82fcad463841d356f79bd1470ac56343a
part 107/256 plantri: 1718712 polytopes written to stdout; cpu=33.95 sec wall_s 36.25
part 107/256 fg ref n 15 s 3 classes 0 expected_leaves 0 expected_ring 0
part 107/256 fg ref n 15 s 4 classes 2 expected_leaves 140 expected_ring 2
part 107/256 fg ref n 15 s 5 classes 5238 expected_leaves 176690 expected_ring 5519
part 107/256 fg ref n 15 s 6 classes 4090 expected_leaves 58407 expected_ring 4380
part 107/256 fg ref n 15 all 0 sabotage 0 read 1718712 class 1718712 kept 9330 expected_leaves 235237 expected_ring 9901 secs 36.25
part 107/256 codes 9330 sha256 8584daa3d630557b41747701868de8359cf2338fe0a14e115b1f7730d03e8734
part 108/256 plantri: 1669167 polytopes written to stdout; cpu=33.78 sec wall_s 36.01
part 108/256 fg ref n 15 s 3 classes 0 expected_leaves 0 expected_ring 0
part 108/256 fg ref n 15 s 4 classes 0 expected_leaves 0 expected_ring 0
part 108/256 fg ref n 15 s 5 classes 4852 expected_leaves 158485 expected_ring 5117
part 108/256 fg ref n 15 s 6 classes 4775 expected_leaves 69420 expected_ring 5079
part 108/256 fg ref n 15 all 0 sabotage 0 read 1669167 class 1669167 kept 9627 expected_leaves 227905 expected_ring 10196 secs 36.01
part 108/256 codes 9627 sha256 af5590ece096633578cc3930864041a46c73682fecb7f573d1c952a2534df766
part 109/256 plantri: 1857867 polytopes written to stdout; cpu=36.07 sec wall_s 38.49
part 109/256 fg ref n 15 s 3 classes 0 expected_leaves 0 expected_ring 0
part 109/256 fg ref n 15 s 4 classes 9 expected_leaves 792 expected_ring 12
part 109/256 fg ref n 15 s 5 classes 4807 expected_leaves 167360 expected_ring 5032
part 109/256 fg ref n 15 s 6 classes 5805 expected_leaves 85908 expected_ring 6114
part 109/256 fg ref n 15 all 0 sabotage 0 read 1857867 class 1857867 kept 10621 expected_leaves 254060 expected_ring 11158 secs 38.48
part 109/256 codes 10621 sha256 af68866df19736326d4884ce59b0a1ed81801d3b12e9395465bcf7f087a10fbf
part 110/256 plantri: 1612661 polytopes written to stdout; cpu=31.17 sec wall_s 33.27
part 110/256 fg ref n 15 s 3 classes 0 expected_leaves 0 expected_ring 0
part 110/256 fg ref n 15 s 4 classes 7 expected_leaves 444 expected_ring 14
part 110/256 fg ref n 15 s 5 classes 3900 expected_leaves 126830 expected_ring 4164
part 110/256 fg ref n 15 s 6 classes 3971 expected_leaves 57132 expected_ring 4277
part 110/256 fg ref n 15 all 0 sabotage 0 read 1612661 class 1612661 kept 7878 expected_leaves 184406 expected_ring 8455 secs 33.26
part 110/256 codes 7878 sha256 e575b5a4ae4aa8cc5848916a950897a8bd0162eed39e4afc449cbeb4d5f75431
part 111/256 plantri: 1762804 polytopes written to stdout; cpu=33.80 sec wall_s 36.11
part 111/256 fg ref n 15 s 3 classes 0 expected_leaves 0 expected_ring 0
part 111/256 fg ref n 15 s 4 classes 1 expected_leaves 80 expected_ring 2
part 111/256 fg ref n 15 s 5 classes 5059 expected_leaves 171435 expected_ring 5322
part 111/256 fg ref n 15 s 6 classes 5454 expected_leaves 81564 expected_ring 5775
part 111/256 fg ref n 15 all 0 sabotage 0 read 1762804 class 1762804 kept 10514 expected_leaves 253079 expected_ring 11099 secs 36.11
part 111/256 codes 10514 sha256 311beec37c2ed77d9fdd39d3c05c1c73519a3e16e74149587603206f754fdecf
part 112/256 plantri: 1821484 polytopes written to stdout; cpu=34.86 sec wall_s 37.29
part 112/256 fg ref n 15 s 3 classes 0 expected_leaves 0 expected_ring 0
part 112/256 fg ref n 15 s 4 classes 2 expected_leaves 168 expected_ring 2
part 112/256 fg ref n 15 s 5 classes 5429 expected_leaves 186910 expected_ring 5706
part 112/256 fg ref n 15 s 6 classes 6022 expected_leaves 88344 expected_ring 6408
part 112/256 fg ref n 15 all 0 sabotage 0 read 1821484 class 1821484 kept 11453 expected_leaves 275422 expected_ring 12116 secs 37.29
part 112/256 codes 11453 sha256 690ba192ab04b20bbe4d30f4edb93582c9c8bcd596c4b36009c20c3a59b5e0c4
part 113/256 plantri: 1898746 polytopes written to stdout; cpu=37.15 sec wall_s 39.65
part 113/256 fg ref n 15 s 3 classes 0 expected_leaves 0 expected_ring 0
part 113/256 fg ref n 15 s 4 classes 2 expected_leaves 160 expected_ring 2
part 113/256 fg ref n 15 s 5 classes 4713 expected_leaves 152720 expected_ring 4995
part 113/256 fg ref n 15 s 6 classes 4968 expected_leaves 74988 expected_ring 5316
part 113/256 fg ref n 15 all 0 sabotage 0 read 1898746 class 1898746 kept 9683 expected_leaves 227868 expected_ring 10313 secs 39.65
part 113/256 codes 9683 sha256 5e3132d68f535c61fe312ad6dbea4e454a64866681cda304c3998fb0310d9810
part 114/256 plantri: 1852592 polytopes written to stdout; cpu=37.35 sec wall_s 39.83
part 114/256 fg ref n 15 s 3 classes 0 expected_leaves 0 expected_ring 0
part 114/256 fg ref n 15 s 4 classes 2 expected_leaves 116 expected_ring 3
part 114/256 fg ref n 15 s 5 classes 4612 expected_leaves 156440 expected_ring 4871
part 114/256 fg ref n 15 s 6 classes 5288 expected_leaves 80850 expected_ring 5568
part 114/256 fg ref n 15 all 0 sabotage 0 read 1852592 class 1852592 kept 9902 expected_leaves 237406 expected_ring 10442 secs 39.83
part 114/256 codes 9902 sha256 a0fe6700d6ef4e1595b6d581f8e88a34a92b24d2ef815ba9c8ba7e9bf2905e28
part 115/256 plantri: 1855995 polytopes written to stdout; cpu=34.01 sec wall_s 36.44
part 115/256 fg ref n 15 s 3 classes 0 expected_leaves 0 expected_ring 0
part 115/256 fg ref n 15 s 4 classes 1 expected_leaves 96 expected_ring 1
part 115/256 fg ref n 15 s 5 classes 5141 expected_leaves 171360 expected_ring 5457
part 115/256 fg ref n 15 s 6 classes 4407 expected_leaves 64188 expected_ring 4680
part 115/256 fg ref n 15 all 0 sabotage 0 read 1855995 class 1855995 kept 9549 expected_leaves 235644 expected_ring 10138 secs 36.44
part 115/256 codes 9549 sha256 14f96a802c5e91e317936c599edd6faa9a48bd024f5cf84fef60e8dddd0e0664
part 116/256 plantri: 1608577 polytopes written to stdout; cpu=30.17 sec wall_s 32.19
part 116/256 fg ref n 15 s 3 classes 0 expected_leaves 0 expected_ring 0
part 116/256 fg ref n 15 s 4 classes 0 expected_leaves 0 expected_ring 0
part 116/256 fg ref n 15 s 5 classes 4459 expected_leaves 147200 expected_ring 4681
part 116/256 fg ref n 15 s 6 classes 4332 expected_leaves 63420 expected_ring 4544
part 116/256 fg ref n 15 all 0 sabotage 0 read 1608577 class 1608577 kept 8791 expected_leaves 210620 expected_ring 9225 secs 32.18
part 116/256 codes 8791 sha256 5407b289c232399f0ecced6bae5f4d03eca1c672fbcd13fce88539ae00a7b716
part 117/256 plantri: 1733561 polytopes written to stdout; cpu=32.77 sec wall_s 35.07
part 117/256 fg ref n 15 s 3 classes 0 expected_leaves 0 expected_ring 0
part 117/256 fg ref n 15 s 4 classes 1 expected_leaves 44 expected_ring 2
part 117/256 fg ref n 15 s 5 classes 4864 expected_leaves 159075 expected_ring 5148
part 117/256 fg ref n 15 s 6 classes 4578 expected_leaves 67260 expected_ring 4902
part 117/256 fg ref n 15 all 0 sabotage 0 read 1733561 class 1733561 kept 9443 expected_leaves 226379 expected_ring 10052 secs 35.06
part 117/256 codes 9443 sha256 c23730880ce7c21769c3028ce46c720a63b96dc26f37da5314c695575b1190ba
part 118/256 plantri: 1798339 polytopes written to stdout; cpu=34.56 sec wall_s 36.94
part 118/256 fg ref n 15 s 3 classes 0 expected_leaves 0 expected_ring 0
part 118/256 fg ref n 15 s 4 classes 0 expected_leaves 0 expected_ring 0
part 118/256 fg ref n 15 s 5 classes 5231 expected_leaves 174170 expected_ring 5489
part 118/256 fg ref n 15 s 6 classes 5300 expected_leaves 77397 expected_ring 5602
part 118/256 fg ref n 15 all 0 sabotage 0 read 1798339 class 1798339 kept 10531 expected_leaves 251567 expected_ring 11091 secs 36.93
part 118/256 codes 10531 sha256 1231014bec120343bd66b3383b8deb9bd843d88b2d42cbb4cc2b021051e633cc
part 119/256 plantri: 1820275 polytopes written to stdout; cpu=34.47 sec wall_s 36.93
part 119/256 fg ref n 15 s 3 classes 0 expected_leaves 0 expected_ring 0
part 119/256 fg ref n 15 s 4 classes 0 expected_leaves 0 expected_ring 0
part 119/256 fg ref n 15 s 5 classes 6433 expected_leaves 224130 expected_ring 6749
part 119/256 fg ref n 15 s 6 classes 6794 expected_leaves 101916 expected_ring 7086
part 119/256 fg ref n 15 all 0 sabotage 0 read 1820275 class 1820275 kept 13227 expected_leaves 326046 expected_ring 13835 secs 36.93
part 119/256 codes 13227 sha256 d0a518b658fcd4918eda2c8e2e8e9935914e08425e3a83d8970ea1b457526f3b
part 120/256 plantri: 1860995 polytopes written to stdout; cpu=34.98 sec wall_s 37.58
part 120/256 fg ref n 15 s 3 classes 0 expected_leaves 0 expected_ring 0
part 120/256 fg ref n 15 s 4 classes 3 expected_leaves 192 expected_ring 5
part 120/256 fg ref n 15 s 5 classes 5999 expected_leaves 203000 expected_ring 6341
part 120/256 fg ref n 15 s 6 classes 8476 expected_leaves 132048 expected_ring 9030
part 120/256 fg ref n 15 all 0 sabotage 0 read 1860995 class 1860995 kept 14478 expected_leaves 335240 expected_ring 15376 secs 37.56
part 120/256 codes 14478 sha256 397579eefa15a07b59c6e2795bdca69233d74e431e9aa1ef40a61fdef20bdd94
part 121/256 plantri: 1677331 polytopes written to stdout; cpu=31.78 sec wall_s 34.23
part 121/256 fg ref n 15 s 3 classes 0 expected_leaves 0 expected_ring 0
part 121/256 fg ref n 15 s 4 classes 1 expected_leaves 88 expected_ring 1
part 121/256 fg ref n 15 s 5 classes 4523 expected_leaves 153455 expected_ring 4758
part 121/256 fg ref n 15 s 6 classes 5656 expected_leaves 88344 expected_ring 5931
part 121/256 fg ref n 15 all 0 sabotage 0 read 1677331 class 1677331 kept 10180 expected_leaves 241887 expected_ring 10690 secs 34.23
part 121/256 codes 10180 sha256 18e31338919df205d42808fad029a0dac67c43f30b2e940510579a3fdaf85ed2
part 122/256 plantri: 2039404 polytopes written to stdout; cpu=36.64 sec wall_s 39.41
part 122/256 fg ref n 15 s 3 classes 0 expected_leaves 0 expected_ring 0
part 122/256 fg ref n 15 s 4 classes 3 expected_leaves 192 expected_ring 3
part 122/256 fg ref n 15 s 5 classes 9085 expected_leaves 286650 expected_ring 9652
part 122/256 fg ref n 15 s 6 classes 8606 expected_leaves 124980 expected_ring 9270
part 122/256 fg ref n 15 all 0 sabotage 0 read 2039404 class 2039404 kept 17694 expected_leaves 411822 expected_ring 18925 secs 39.40
part 122/256 codes 17694 sha256 5db23e99aa75680c721a17cccc583db0e454e4f2cde053bed5415921dd86f570
part 123/256 plantri: 1988063 polytopes written to stdout; cpu=35.24 sec wall_s 37.74
part 123/256 fg ref n 15 s 3 classes 0 expected_leaves 0 expected_ring 0
part 123/256 fg ref n 15 s 4 classes 2 expected_leaves 132 expected_ring 2
part 123/256 fg ref n 15 s 5 classes 5902 expected_leaves 197265 expected_ring 6260
part 123/256 fg ref n 15 s 6 classes 6585 expected_leaves 97981 expected_ring 7006
part 123/256 fg ref n 15 all 0 sabotage 0 read 1988063 class 1988063 kept 12489 expected_leaves 295378 expected_ring 13268 secs 37.74
part 123/256 codes 12489 sha256 38d6d8d435b6ff259a88692ee1dccc52a3ec782d2cfafbc6a089a945f18d1df2
part 124/256 plantri: 1764821 polytopes written to stdout; cpu=33.93 sec wall_s 36.37
part 124/256 fg ref n 15 s 3 classes 0 expected_leaves 0 expected_ring 0
part 124/256 fg ref n 15 s 4 classes 3 expected_leaves 216 expected_ring 5
part 124/256 fg ref n 15 s 5 classes 4365 expected_leaves 142265 expected_ring 4588
part 124/256 fg ref n 15 s 6 classes 4459 expected_leaves 66422 expected_ring 4796
part 124/256 fg ref n 15 all 0 sabotage 0 read 1764821 class 1764821 kept 8827 expected_leaves 208903 expected_ring 9389 secs 36.36
part 124/256 codes 8827 sha256 2b7a30352be84955b79943e23173b8c29e7ed9d6f6d941d6f2490adf23dce585
part 125/256 plantri: 1810770 polytopes written to stdout; cpu=32.72 sec wall_s 35.00
part 125/256 fg ref n 15 s 3 classes 0 expected_leaves 0 expected_ring 0
part 125/256 fg ref n 15 s 4 classes 0 expected_leaves 0 expected_ring 0
part 125/256 fg ref n 15 s 5 classes 4009 expected_leaves 133910 expected_ring 4188
part 125/256 fg ref n 15 s 6 classes 4397 expected_leaves 64194 expected_ring 4663
part 125/256 fg ref n 15 all 0 sabotage 0 read 1810770 class 1810770 kept 8406 expected_leaves 198104 expected_ring 8851 secs 35.00
part 125/256 codes 8406 sha256 f06eebf7c5219a7c23954d7002103c430003bd852c46145f7cfba244a16b9311
part 126/256 plantri: 1840925 polytopes written to stdout; cpu=35.56 sec wall_s 38.13
part 126/256 fg ref n 15 s 3 classes 0 expected_leaves 0 expected_ring 0
part 126/256 fg ref n 15 s 4 classes 0 expected_leaves 0 expected_ring 0
part 126/256 fg ref n 15 s 5 classes 4758 expected_leaves 162790 expected_ring 5048
part 126/256 fg ref n 15 s 6 classes 5656 expected_leaves 84522 expected_ring 5974
part 126/256 fg ref n 15 all 0 sabotage 0 read 1840925 class 1840925 kept 10414 expected_leaves 247312 expected_ring 11022 secs 38.12
part 126/256 codes 10414 sha256 02c673410c11b6f6b6a0f20e2c21933b084bda374a38f3c3ea37d94531a25b76
part 127/256 plantri: 1810207 polytopes written to stdout; cpu=34.23 sec wall_s 36.60
part 127/256 fg ref n 15 s 3 classes 0 expected_leaves 0 expected_ring 0
part 127/256 fg ref n 15 s 4 classes 0 expected_leaves 0 expected_ring 0
part 127/256 fg ref n 15 s 5 classes 5513 expected_leaves 186580 expected_ring 5813
part 127/256 fg ref n 15 s 6 classes 5293 expected_leaves 76488 expected_ring 5577
part 127/256 fg ref n 15 all 0 sabotage 0 read 1810207 class 1810207 kept 10806 expected_leaves 263068 expected_ring 11390 secs 36.60
part 127/256 codes 10806 sha256 5c86bde469104c1aa1ee55c8fee7d5331496deae0f24c5c6fa8267516b935804
part 128/256 plantri: 1796509 polytopes written to stdout; cpu=34.43 sec wall_s 36.83
part 128/256 fg ref n 15 s 3 classes 0 expected_leaves 0 expected_ring 0
part 128/256 fg ref n 15 s 4 classes 1 expected_leaves 48 expected_ring 2
part 128/256 fg ref n 15 s 5 classes 5011 expected_leaves 165220 expected_ring 5373
part 128/256 fg ref n 15 s 6 classes 5368 expected_leaves 79722 expected_ring 5759
part 128/256 fg ref n 15 all 0 sabotage 0 read 1796509 class 1796509 kept 10380 expected_leaves 244990 expected_ring 11134 secs 36.83
part 128/256 codes 10380 sha256 c1f4b1a02ba2ecd76851e676db8f4c0bc9367bd685796880d73033fe8907214b
part 129/256 plantri: 1936912 polytopes written to stdout; cpu=35.73 sec wall_s 38.28
part 129/256 fg ref n 15 s 3 classes 0 expected_leaves 0 expected_ring 0
part 129/256 fg ref n 15 s 4 classes 1 expected_leaves 80 expected_ring 1
part 129/256 fg ref n 15 s 5 classes 5840 expected_leaves 207875 expected_ring 6109
part 129/256 fg ref n 15 s 6 classes 9236 expected_leaves 144372 expected_ring 9753
part 129/256 fg ref n 15 all 0 sabotage 0 read 1936912 class 1936912 kept 15077 expected_leaves 352327 expected_ring 15863 secs 38.28
part 129/256 codes 15077 sha256 e1e2009170245f232f1dceb1aec40ada5aef7b706ec3093bd628959f2cc0ff69
part 130/256 plantri: 1731270 polytopes written to stdout; cpu=32.99 sec wall_s 35.37
part 130/256 fg ref n 15 s 3 classes 0 expected_leaves 0 expected_ring 0
part 130/256 fg ref n 15 s 4 classes 0 expected_leaves 0 expected_ring 0
part 130/256 fg ref n 15 s 5 classes 3746 expected_leaves 131251 expected_ring 3931
part 130/256 fg ref n 15 s 6 classes 3734 expected_leaves 55292 expected_ring 3933
part 130/256 fg ref n 15 all 0 sabotage 0 read 1731270 class 1731270 kept 7480 expected_leaves 186543 expected_ring 7864 secs 35.36
part 130/256 codes 7480 sha256 7d4799d47734139d7108d0f279b81976064d66d3592bb89f43324c2e0c61ad52
part 131/256 plantri: 1781234 polytopes written to stdout; cpu=33.54 sec wall_s 35.97
part 131/256 fg ref n 15 s 3 classes 0 expected_leaves 0 expected_ring 0
part 131/256 fg ref n 15 s 4 classes 0 expected_leaves 0 expected_ring 0
part 131/256 fg ref n 15 s 5 classes 3606 expected_leaves 124115 expected_ring 3742
part 131/256 fg ref n 15 s 6 classes 4777 expected_leaves 71262 expected_ring 5072
part 131/256 fg ref n 15 all 0 sabotage 0 read 1781234 class 1781234 kept 8383 expected_leaves 195377 expected_ring 8814 secs 35.97
part 131/256 codes 8383 sha256 ca6995387f0cda0385c92858678a150c08dc1b7b24d1609815463d2b1edccd02
part 132/256 plantri: 1937382 polytopes written to stdout; cpu=34.51 sec wall_s 36.92
part 132/256 fg ref n 15 s 3 classes 0 expected_leaves 0 expected_ring 0
part 132/256 fg ref n 15 s 4 classes 0 expected_leaves 0 expected_ring 0
part 132/256 fg ref n 15 s 5 classes 5341 expected_leaves 189635 expected_ring 5559
part 132/256 fg ref n 15 s 6 classes 7114 expected_leaves 105162 expected_ring 7612
part 132/256 fg ref n 15 all 0 sabotage 0 read 1937382 class 1937382 kept 12455 expected_leaves 294797 expected_ring 13171 secs 36.92
part 132/256 codes 12455 sha256 547f1b7fac23a6785355e7abca8c590c1d1ecd1b4d1459cf51fd481620ca10d3
part 133/256 plantri: 1954829 polytopes written to stdout; cpu=36.39 sec wall_s 39.03
part 133/256 fg ref n 15 s 3 classes 0 expected_leaves 0 expected_ring 0
part 133/256 fg ref n 15 s 4 classes 0 expected_leaves 0 expected_ring 0
part 133/256 fg ref n 15 s 5 classes 5158 expected_leaves 181015 expected_ring 5411
part 133/256 fg ref n 15 s 6 classes 6275 expected_leaves 95178 expected_ring 6635
part 133/256 fg ref n 15 all 0 sabotage 0 read 1954829 class 1954829 kept 11433 expected_leaves 276193 expected_ring 12046 secs 39.03
part 133/256 codes 11433 sha256 3f4849667339e00c00cf0b201dd7468f47b53ae345f6e06fa9f91b87a3cce041
part 134/256 plantri: 1824043 polytopes written to stdout; cpu=34.35 sec wall_s 36.90
part 134/256 fg ref n 15 s 3 classes 0 expected_leaves 0 expected_ring 0
part 134/256 fg ref n 15 s 4 classes 0 expected_leaves 0 expected_ring 0
part 134/256 fg ref n 15 s 5 classes 4742 expected_leaves 167600 expected_ring 4965
part 134/256 fg ref n 15 s 6 classes 5201 expected_leaves 78186 expected_ring 5431
part 134/256 fg ref n 15 all 0 sabotage 0 read 1824043 class 1824043 kept 9943 expected_leaves 245786 expected_ring 10396 secs 36.90
part 134/256 codes 9943 sha256 8eb21e5e0c77a96c4a6b219525fa4c7e6d58614618e03b066cd8299bb68b452d
part 135/256 plantri: 2097548 polytopes written to stdout; cpu=37.90 sec wall_s 40.70
part 135/256 fg ref n 15 s 3 classes 0 expected_leaves 0 expected_ring 0
part 135/256 fg ref n 15 s 4 classes 1 expected_leaves 80 expected_ring 1
part 135/256 fg ref n 15 s 5 classes 4321 expected_leaves 152560 expected_ring 4530
part 135/256 fg ref n 15 s 6 classes 6322 expected_leaves 101436 expected_ring 6665
part 135/256 fg ref n 15 all 0 sabotage 0 read 2097548 class 2097548 kept 10644 expected_leaves 254076 expected_ring 11196 secs 40.70
part 135/256 codes 10644 sha256 b32f9dcfc779c645352d734ddb35dbcacca8fad1b2ce17934708f655d71c6e2a
part 136/256 plantri: 1967241 polytopes written to stdout; cpu=35.41 sec wall_s 37.98
part 136/256 fg ref n 15 s 3 classes 0 expected_leaves 0 expected_ring 0
part 136/256 fg ref n 15 s 4 classes 0 expected_leaves 0 expected_ring 0
part 136/256 fg ref n 15 s 5 classes 5964 expected_leaves 211800 expected_ring 6237
part 136/256 fg ref n 15 s 6 classes 8808 expected_leaves 136812 expected_ring 9276
part 136/256 fg ref n 15 all 0 sabotage 0 read 1967241 class 1967241 kept 14772 expected_leaves 348612 expected_ring 15513 secs 37.98
part 136/256 codes 14772 sha256 edee96c41e854219f08294c3596a618244733ecc3a00e115c3e562c174db5676
part 137/256 plantri: 1608000 polytopes written to stdout; cpu=30.49 sec wall_s 32.77
part 137/256 fg ref n 15 s 3 classes 0 expected_leaves 0 expected_ring 0
part 137/256 fg ref n 15 s 4 classes 1 expected_leaves 72 expected_ring 2
part 137/256 fg ref n 15 s 5 classes 3125 expected_leaves 106530 expected_ring 3292
part 137/256 fg ref n 15 s 6 classes 3129 expected_leaves 46422 expected_ring 3307
part 137/256 fg ref n 15 all 0 sabotage 0 read 1608000 class 1608000 kept 6255 expected_leaves 153024 expected_ring 6601 secs 32.76
part 137/256 codes 6255 sha256 a851e644d79e5022984e4a8351643796227aac16d36399f770d041c6117be4aa
part 138/256 plantri: 1830984 polytopes written to stdout; cpu=33.23 sec wall_s 35.49
part 138/256 fg ref n 15 s 3 classes 0 expected_leaves 0 expected_ring 0
part 138/256 fg ref n 15 s 4 classes 3 expected_leaves 188 expected_ring 5
part 138/256 fg ref n 15 s 5 classes 3836 expected_leaves 138190 expected_ring 4036
part 138/256 fg ref n 15 s 6 classes 5182 expected_leaves 81012 expected_ring 5482
part 138/256 fg ref n 15 all 0 sabotage 0 read 1830984 class 1830984 kept 9021 expected_leaves 219390 expected_ring 9523 secs 35.49
part 138/256 codes 9021 sha256 b4697eff1d077bced6a91a335307478f6b75fee0b24aa5fea35b0960939753d0
part 139/256 plantri: 1801284 polytopes written to stdout; cpu=32.29 sec wall_s 34.55
part 139/256 fg ref n 15 s 3 classes 0 expected_leaves 0 expected_ring 0
part 139/256 fg ref n 15 s 4 classes 0 expected_leaves 0 expected_ring 0
part 139/256 fg ref n 15 s 5 classes 4364 expected_leaves 149400 expected_ring 4604
part 139/256 fg ref n 15 s 6 classes 4645 expected_leaves 66954 expected_ring 4960
part 139/256 fg ref n 15 all 0 sabotage 0 read 1801284 class 1801284 kept 9009 expected_leaves 216354 expected_ring 9564 secs 34.54
part 139/256 codes 9009 sha256 aa7e79f3b7e816d372db664d1e1c7bfa246ea435943bb5503d49b8656184180e
part 140/256 plantri: 1685731 polytopes written to stdout; cpu=32.47 sec wall_s 34.75
part 140/256 fg ref n 15 s 3 classes 0 expected_leaves 0 expected_ring 0
part 140/256 fg ref n 15 s 4 classes 0 expected_leaves 0 expected_ring 0
part 140/256 fg ref n 15 s 5 classes 4007 expected_leaves 137125 expected_ring 4201
part 140/256 fg ref n 15 s 6 classes 3725 expected_leaves 54738 expected_ring 3956
part 140/256 fg ref n 15 all 0 sabotage 0 read 1685731 class 1685731 kept 7732 expected_leaves 191863 expected_ring 8157 secs 34.75
part 140/256 codes 7732 sha256 469db659736b89e41fad714c7218c604edacca42c961faa690cd95fa417ef1b6
part 141/256 plantri: 1762130 polytopes written to stdout; cpu=32.22 sec wall_s 34.64
part 141/256 fg ref n 15 s 3 classes 0 expected_leaves 0 expected_ring 0
part 141/256 fg ref n 15 s 4 classes 3 expected_leaves 176 expected_ring 3
part 141/256 fg ref n 15 s 5 classes 3940 expected_leaves 137885 expected_ring 4150
part 141/256 fg ref n 15 s 6 classes 4553 expected_leaves 69069 expected_ring 4825
part 141/256 fg ref n 15 all 0 sabotage 0 read 1762130 class 1762130 kept 8496 expected_leaves 207130 expected_ring 8978 secs 34.63
part 141/256 codes 8496 sha256 3ad7a088d10695449d8d42932f5765470d8d54896b7b5179e5319b4c702d146f
part 142/256 plantri: 1899125 polytopes written to stdout; cpu=33.45 sec wall_s 36.04
part 142/256 fg ref n 15 s 3 classes 0 expected_leaves 0 expected_ring 0
part 142/256 fg ref n 15 s 4 classes 0 expected_leaves 0 expected_ring 0
part 142/256 fg ref n 15 s 5 classes 5585 expected_leaves 196790 expected_ring 5913
part 142/256 fg ref n 15 s 6 classes 7453 expected_leaves 113302 expected_ring 7951
part 142/256 fg ref n 15 all 0 sabotage 0 read 1899125 class 1899125 kept 13038 expected_leaves 310092 expected_ring 13864 secs 36.04
part 142/256 codes 13038 sha256 aa4d690c3c5dcebe3f670d3388ef94626568b9567cf4bfab09c91dd8fd1c64cd
part 143/256 plantri: 1794441 polytopes written to stdout; cpu=31.04 sec wall_s 33.46
part 143/256 fg ref n 15 s 3 classes 0 expected_leaves 0 expected_ring 0
part 143/256 fg ref n 15 s 4 classes 3 expected_leaves 236 expected_ring 3
part 143/256 fg ref n 15 s 5 classes 7124 expected_leaves 249170 expected_ring 7491
part 143/256 fg ref n 15 s 6 classes 8102 expected_leaves 118331 expected_ring 8695
part 143/256 fg ref n 15 all 0 sabotage 0 read 1794441 class 1794441 kept 15229 expected_leaves 367737 expected_ring 16189 secs 33.45
part 143/256 codes 15229 sha256 5d48d962fca62f500b955f3c361d66ea00b86b84d30052cbbfcb76da66d90a5f
part 144/256 plantri: 1692437 polytopes written to stdout; cpu=31.84 sec wall_s 34.00
part 144/256 fg ref n 15 s 3 classes 0 expected_leaves 0 expected_ring 0
part 144/256 fg ref n 15 s 4 classes 2 expected_leaves 160 expected_ring 3
part 144/256 fg ref n 15 s 5 classes 4348 expected_leaves 145275 expected_ring 4592
part 144/256 fg ref n 15 s 6 classes 3975 expected_leaves 57930 expected_ring 4230
part 144/256 fg ref n 15 all 0 sabotage 0 read 1692437 class 1692437 kept 8325 expected_leaves 203365 expected_ring 8825 secs 33.99
part 144/256 codes 8325 sha256 ae49a75f9be4c6f75d2fc2686ccf65d7a488b7476d50309ce82a5d2994cbc806
part 145/256 plantri: 1854529 polytopes written to stdout; cpu=34.16 sec wall_s 36.55
part 145/256 fg ref n 15 s 3 classes 0 expected_leaves 0 expected_ring 0
part 145/256 fg ref n 15 s 4 classes 3 expected_leaves 180 expected_ring 5
part 145/256 fg ref n 15 s 5 classes 4599 expected_leaves 156860 expected_ring 4858
part 145/256 fg ref n 15 s 6 classes 5220 expected_leaves 78756 expected_ring 5537
part 145/256 fg ref n 15 all 0 sabotage 0 read 1854529 class 1854529 kept 9822 expected_leaves 235796 expected_ring 10400 secs 36.55
part 145/256 codes 9822 sha256 217fa047bb20322e025007da187b3d6a4cd563ea369bf249a2dcba4932d12a44
part 146/256 plantri: 1856310 polytopes written to stdout; cpu=34.13 sec wall_s 36.47
part 146/256 fg ref n 15 s 3 classes 0 expected_leaves 0 expected_ring 0
part 146/256 fg ref n 15 s 4 classes 0 expected_leaves 0 expected_ring 0
part 146/256 fg ref n 15 s 5 classes 5285 expected_leaves 185200 expected_ring 5535
part 146/256 fg ref n 15 s 6 classes 6013 expected_leaves 87318 expected_ring 6376
part 146/256 fg ref n 15 all 0 sabotage 0 read 1856310 class 1856310 kept 11298 expected_leaves 272518 expected_ring 11911 secs 36.46
part 146/256 codes 11298 sha256 61be6123a5a98b3921c81d3627760c9ce72d97a67190ead562ad62b1a2cea050
part 147/256 plantri: 1684310 polytopes written to stdout; cpu=32.70 sec wall_s 35.02
part 147/256 fg ref n 15 s 3 classes 0 expected_leaves 0 expected_ring 0
part 147/256 fg ref n 15 s 4 classes 0 expected_leaves 0 expected_ring 0
part 147/256 fg ref n 15 s 5 classes 5144 expected_leaves 181310 expected_ring 5396
part 147/256 fg ref n 15 s 6 classes 5037 expected_leaves 74058 expected_ring 5352
part 147/256 fg ref n 15 all 0 sabotage 0 read 1684310 class 1684310 kept 10181 expected_leaves 255368 expected_ring 10748 secs 35.02
part 147/256 codes 10181 sha256 5fecb0f57222cf9cadd3ac8d349e5365603fcc36a7a003128781ba24b6c1a117
part 148/256 plantri: 1666076 polytopes written to stdout; cpu=30.75 sec wall_s 32.90
part 148/256 fg ref n 15 s 3 classes 0 expected_leaves 0 expected_ring 0
part 148/256 fg ref n 15 s 4 classes 43 expected_leaves 2732 expected_ring 60
part 148/256 fg ref n 15 s 5 classes 4541 expected_leaves 150725 expected_ring 4807
part 148/256 fg ref n 15 s 6 classes 4605 expected_leaves 66993 expected_ring 4957
part 148/256 fg ref n 15 all 0 sabotage 0 read 1666076 class 1666076 kept 9189 expected_leaves 220450 expected_ring 9824 secs 32.89
part 148/256 codes 9189 sha256 b1abc8c550acd4b1d6ead0e6352d6cc41ec21a57c585b1203940117a77d89e49
part 149/256 plantri: 1993331 polytopes written to stdout; cpu=34.68 sec wall_s 37.11
part 149/256 fg ref n 15 s 3 classes 0 expected_leaves 0 expected_ring 0
part 149/256 fg ref n 15 s 4 classes 1 expected_leaves 48 expected_ring 1
part 149/256 fg ref n 15 s 5 classes 7064 expected_leaves 236585 expected_ring 7503
part 149/256 fg ref n 15 s 6 classes 6844 expected_leaves 100654 expected_ring 7342
part 149/256 fg ref n 15 all 0 sabotage 0 read 1993331 class 1993331 kept 13909 expected_leaves 337287 expected_ring 14846 secs 37.11
part 149/256 codes 13909 sha256 673cfe85131657617555681bba118cce8ef780d557566d86886e5993fd565ecd
part 150/256 plantri: 1684774 polytopes written to stdout; cpu=30.95 sec wall_s 32.95
part 150/256 fg ref n 15 s 3 classes 0 expected_leaves 0 expected_ring 0
part 150/256 fg ref n 15 s 4 classes 1 expected_leaves 88 expected_ring 1
part 150/256 fg ref n 15 s 5 classes 4015 expected_leaves 133625 expected_ring 4239
part 150/256 fg ref n 15 s 6 classes 3967 expected_leaves 58029 expected_ring 4234
part 150/256 fg ref n 15 all 0 sabotage 0 read 1684774 class 1684774 kept 7983 expected_leaves 191742 expected_ring 8474 secs 32.95
part 150/256 codes 7983 sha256 73369618186b6e4263a5de7ffcace25804c57ba77d07c02cd6ef4762e61d40c9
part 151/256 plantri: 1891649 polytopes written to stdout; cpu=33.96 sec wall_s 36.41
part 151/256 fg ref n 15 s 3 classes 0 expected_leaves 0 expected_ring 0
part 151/256 fg ref n 15 s 4 classes 5 expected_leaves 432 expected_ring 8
part 151/256 fg ref n 15 s 5 classes 4910 expected_leaves 162010 expected_ring 5162
part 151/256 fg ref n 15 s 6 classes 5041 expected_leaves 73590 expected_ring 5306
part 151/256 fg ref n 15 all 0 sabotage 0 read 1891649 class 1891649 kept 9956 expected_leaves 236032 expected_ring 10476 secs 36.41
part 151/256 codes 9956 sha256 a96427f25b9cc241fcd4428c24467dc16357ebde944a48173865c6f541c2709c
part 152/256 plantri: 1826088 polytopes written to stdout; cpu=31.92 sec wall_s 34.21
part 152/256 fg ref n 15 s 3 classes 0 expected_leaves 0 expected_ring 0
part 152/256 fg ref n 15 s 4 classes 0 expected_leaves 0 expected_ring 0
part 152/256 fg ref n 15 s 5 classes 4418 expected_leaves 148605 expected_ring 4651
part 152/256 fg ref n 15 s 6 classes 3942 expected_leaves 57954 expected_ring 4215
part 152/256 fg ref n 15 all 0 sabotage 0 read 1826088 class 1826088 kept 8360 expected_leaves 206559 expected_ring 8866 secs 34.20
part 152/256 codes 8360 sha256 61f771d94a5a4295d2f90d66598abb29280e9002e805940eb8b3af2313fbe08f
part 153/256 plantri: 1886008 polytopes written to stdout; cpu=33.36 sec wall_s 35.78
part 153/256 fg ref n 15 s 3 classes 0 expected_leaves 0 expected_ring 0
part 153/256 fg ref n 15 s 4 classes 0 expected_leaves 0 expected_ring 0
part 153/256 fg ref n 15 s 5 classes 4824 expected_leaves 163780 expected_ring 5078
part 153/256 fg ref n 15 s 6 classes 4463 expected_leaves 65592 expected_ring 4839
part 153/256 fg ref n 15 all 0 sabotage 0 read 1886008 class 1886008 kept 9287 expected_leaves 229372 expected_ring 9917 secs 35.77
part 153/256 codes 9287 sha256 57a3d55c6ce3a9b67203c91f49f4ba7c2742cb2202192cf7c671ee46fd1ac1ac
part 154/256 plantri: 1861899 polytopes written to stdout; cpu=33.32 sec wall_s 35.79
part 154/256 fg ref n 15 s 3 classes 0 expected_leaves 0 expected_ring 0
part 154/256 fg ref n 15 s 4 classes 0 expected_leaves 0 expected_ring 0
part 154/256 fg ref n 15 s 5 classes 4340 expected_leaves 148800 expected_ring 4555
part 154/256 fg ref n 15 s 6 classes 4533 expected_leaves 67242 expected_ring 4823
part 154/256 fg ref n 15 all 0 sabotage 0 read 1861899 class 1861899 kept 8873 expected_leaves 216042 expected_ring 9378 secs 35.79
part 154/256 codes 8873 sha256 25fe43d6da142fa7198154f4e84c6795afff330eb1ead6d7530ba37e461d0338
part 155/256 plantri: 1898833 polytopes written to stdout; cpu=31.45 sec wall_s 33.81
part 155/256 fg ref n 15 s 3 classes 0 expected_leaves 0 expected_ring 0
part 155/256 fg ref n 15 s 4 classes 3 expected_leaves 280 expected_ring 4
part 155/256 fg ref n 15 s 5 classes 4111 expected_leaves 141305 expected_ring 4374
part 155/256 fg ref n 15 s 6 classes 5189 expected_leaves 76612 expected_ring 5527
part 155/256 fg ref n 15 all 0 sabotage 0 read 1898833 class 1898833 kept 9303 expected_leaves 218197 expected_ring 9905 secs 33.81
part 155/256 codes 9303 sha256 20618a0a274413101c1026d580a0c18d83843576a1c21b9db0c2e837148e2e44
part 156/256 plantri: 1860756 polytopes written to stdout; cpu=31.91 sec wall_s 34.26
part 156/256 fg ref n 15 s 3 classes 0 expected_leaves 0 expected_ring 0
part 156/256 fg ref n 15 s 4 classes 0 expected_leaves 0 expected_ring 0
part 156/256 fg ref n 15 s 5 classes 5191 expected_leaves 179815 expected_ring 5516
part 156/256 fg ref n 15 s 6 classes 5515 expected_leaves 81430 expected_ring 5817
part 156/256 fg ref n 15 all 0 sabotage 0 read 1860756 class 1860756 kept 10706 expected_leaves 261245 expected_ring 11333 secs 34.26
part 156/256 codes 10706 sha256 a041d468795a4175e7a969a60ccfd91509f1f4189e35d4c7a33e8a892f79f8de
part 157/256 plantri: 1792052 polytopes written to stdout; cpu=32.55 sec wall_s 34.83
part 157/256 fg ref n 15 s 3 classes 0 expected_leaves 0 expected_ring 0
part 157/256 fg ref n 15 s 4 classes 5 expected_leaves 352 expected_ring 9
part 157/256 fg ref n 15 s 5 classes 4065 expected_leaves 140850 expected_ring 4297
part 157/256 fg ref n 15 s 6 classes 4882 expected_leaves 73698 expected_ring 5186
part 157/256 fg ref n 15 all 0 sabotage 0 read 1792052 class 1792052 kept 8952 expected_leaves 214900 expected_ring 9492 secs 34.83
part 157/256 codes 8952 sha256 d9345ef5225b9c9d32339cb9c1cab8df54ca88a81acd6c45912ab73e62f34658
part 158/256 plantri: 1752774 polytopes written to stdout; cpu=30.53 sec wall_s 32.74
part 158/256 fg ref n 15 s 3 classes 0 expected_leaves 0 expected_ring 0
part 158/256 fg ref n 15 s 4 classes 0 expected_leaves 0 expected_ring 0
part 158/256 fg ref n 15 s 5 classes 5214 expected_leaves 170850 expected_ring 5517
part 158/256 fg ref n 15 s 6 classes 5163 expected_leaves 74994 expected_ring 5521
part 158/256 fg ref n 15 all 0 sabotage 0 read 1752774 class 1752774 kept 10377 expected_leaves 245844 expected_ring 11038 secs 32.73
part 158/256 codes 10377 sha256 a31e6310d8cfcc6e342d530909e9919c2ec1b7c3db24f62ecac65c544579773b
part 159/256 plantri: 2016088 polytopes written to stdout; cpu=32.24 sec wall_s 34.62
part 159/256 fg ref n 15 s 3 classes 0 expected_leaves 0 expected_ring 0
part 159/256 fg ref n 15 s 4 classes 1 expected_leaves 80 expected_ring 1
part 159/256 fg ref n 15 s 5 classes 4718 expected_leaves 159800 expected_ring 4971
part 159/256 fg ref n 15 s 6 classes 5114 expected_leaves 73086 expected_ring 5528
part 159/256 fg ref n 15 all 0 sabotage 0 read 2016088 class 2016088 kept 9833 expected_leaves 232966 expected_ring 10500 secs 34.61
part 159/256 codes 9833 sha256 96f0a216e4e9053f71abb38be162be94f851e22e4596861e05dd3103c7ee5127
part 160/256 plantri: 1700704 polytopes written to stdout; cpu=32.30 sec wall_s 34.64
part 160/256 fg ref n 15 s 3 classes 0 expected_leaves 0 expected_ring 0
part 160/256 fg ref n 15 s 4 classes 4 expected_leaves 268 expected_ring 5
part 160/256 fg ref n 15 s 5 classes 4475 expected_leaves 152115 expected_ring 4745
part 160/256 fg ref n 15 s 6 classes 4492 expected_leaves 66636 expected_ring 4831
part 160/256 fg ref n 15 all 0 sabotage 0 read 1700704 class 1700704 kept 8971 expected_leaves 219019 expected_ring 9581 secs 34.63
part 160/256 codes 8971 sha256 8483e78159bbc8e0b358bdde76c586bb41b2a419b26f1193254ed9bb8c20fea0
part 161/256 plantri: 1836073 polytopes written to stdout; cpu=32.29 sec wall_s 34.65
part 161/256 fg ref n 15 s 3 classes 0 expected_leaves 0 expected_ring 0
part 161/256 fg ref n 15 s 4 classes 2 expected_leaves 168 expected_ring 3
part 161/256 fg ref n 15 s 5 classes 4539 expected_leaves 152825 expected_ring 4773
part 161/256 fg ref n 15 s 6 classes 4256 expected_leaves 60840 expected_ring 4582
part 161/256 fg ref n 15 all 0 sabotage 0 read 1836073 class 1836073 kept 8797 expected_leaves 213833 expected_ring 9358 secs 34.65
part 161/256 codes 8797 sha256 f7d6db14ad0f117a4a62f21f4c29dbae93a89d0773be4d16a8adf49b2d541456
part 162/256 plantri: 1993031 polytopes written to stdout; cpu=33.54 sec wall_s 36.05
part 162/256 fg ref n 15 s 3 classes 0 expected_leaves 0 expected_ring 0
part 162/256 fg ref n 15 s 4 classes 5 expected_leaves 324 expected_ring 5
part 162/256 fg ref n 15 s 5 classes 5991 expected_leaves 208250 expected_ring 6253
part 162/256 fg ref n 15 s 6 classes 6591 expected_leaves 95256 expected_ring 7049
part 162/256 fg ref n 15 all 0 sabotage 0 read 1993031 class 1993031 kept 12587 expected_leaves 303830 expected_ring 13307 secs 36.05
part 162/256 codes 12587 sha256 62c8a70c9bc90e6f9a72016e86679ef4860335ac5a5e74232127c375b7511ce1
part 163/256 plantri: 1931979 polytopes written to stdout; cpu=34.60 sec wall_s 37.13
part 163/256 fg ref n 15 s 3 classes 0 expected_leaves 0 expected_ring 0
part 163/256 fg ref n 15 s 4 classes 0 expected_leaves 0 expected_ring 0
part 163/256 fg ref n 15 s 5 classes 4835 expected_leaves 162095 expected_ring 5107
part 163/256 fg ref n 15 s 6 classes 5457 expected_leaves 82362 expected_ring 5809
part 163/256 fg ref n 15 all 0 sabotage 0 read 1931979 class 1931979 kept 10292 expected_leaves 244457 expected_ring 10916 secs 37.12
part 163/256 codes 10292 sha256 365379dade97022a298557d2ba07ff231f58a3b80e05134552683e8e89001b89
part 164/256 plantri: 1830446 polytopes written to stdout; cpu=31.71 sec wall_s 34.04
part 164/256 fg ref n 15 s 3 classes 0 expected_leaves 0 expected_ring 0
part 164/256 fg ref n 15 s 4 classes 1 expected_leaves 80 expected_ring 1
part 164/256 fg ref n 15 s 5 classes 5177 expected_leaves 177745 expected_ring 5409
part 164/256 fg ref n 15 s 6 classes 5942 expected_leaves 87378 expected_ring 6290
part 164/256 fg ref n 15 all 0 sabotage 0 read 1830446 class 1830446 kept 11120 expected_leaves 265203 expected_ring 11700 secs 34.04
part 164/256 codes 11120 sha256 fe53c94ec235b9b6efbd2d7ec10b5c0f5708b5abf5b2f77bbb30f1318ce32fa5
part 165/256 plantri: 1848208 polytopes written to stdout; cpu=32.26 sec wall_s 34.52
part 165/256 fg ref n 15 s 3 classes 0 expected_leaves 0 expected_ring 0
part 165/256 fg ref n 15 s 4 classes 9 expected_leaves 752 expected_ring 11
part 165/256 fg ref n 15 s 5 classes 5839 expected_leaves 189080 expected_ring 6138
part 165/256 fg ref n 15 s 6 classes 5640 expected_leaves 83496 expected_ring 5950
part 165/256 fg ref n 15 all 0 sabotage 0 read 1848208 class 1848208 kept 11488 expected_leaves 273328 expected_ring 12099 secs 34.52
part 165/256 codes 11488 sha256 d2ed80817d59e544d06328c4b53473e54946d68bb9edd45900d226149f2c5a9a
part 166/256 plantri: 1764246 polytopes written to stdout; cpu=31.19 sec wall_s 33.33
part 166/256 fg ref n 15 s 3 classes 0 expected_leaves 0 expected_ring 0
part 166/256 fg ref n 15 s 4 classes 0 expected_leaves 0 expected_ring 0
part 166/256 fg ref n 15 s 5 classes 3608 expected_leaves 121390 expected_ring 3814
part 166/256 fg ref n 15 s 6 classes 4358 expected_leaves 62742 expected_ring 4654
part 166/256 fg ref n 15 all 0 sabotage 0 read 1764246 class 1764246 kept 7966 expected_leaves 184132 expected_ring 8468 secs 33.32
part 166/256 codes 7966 sha256 7c308a79e5827f26576d22db894192e794d1f82cdb014e2d2eec9422ea6057d8
part 167/256 plantri: 1905877 polytopes written to stdout; cpu=33.45 sec wall_s 35.73
part 167/256 fg ref n 15 s 3 classes 0 expected_leaves 0 expected_ring 0
part 167/256 fg ref n 15 s 4 classes 0 expected_leaves 0 expected_ring 0
part 167/256 fg ref n 15 s 5 classes 5841 expected_leaves 191660 expected_ring 6146
part 167/256 fg ref n 15 s 6 classes 6481 expected_leaves 97482 expected_ring 6877
part 167/256 fg ref n 15 all 0 sabotage 0 read 1905877 class 1905877 kept 12322 expected_leaves 289142 expected_ring 13023 secs 35.73
part 167/256 codes 12322 sha256 35e406deeff4757dfc8f28cc1c6f42351935146b7b8b5ff0234a837372d1757a
part 168/256 plantri: 1656731 polytopes written to stdout; cpu=31.93 sec wall_s 34.12
part 168/256 fg ref n 15 s 3 classes 0 expected_leaves 0 expected_ring 0
part 168/256 fg ref n 15 s 4 classes 6 expected_leaves 292 expected_ring 9
part 168/256 fg ref n 15 s 5 classes 4347 expected_leaves 145790 expected_ring 4552
part 168/256 fg ref n 15 s 6 classes 4761 expected_leaves 70578 expected_ring 5055
part 168/256 fg ref n 15 all 0 sabotage 0 read 1656731 class 1656731 kept 9114 expected_leaves 216660 expected_ring 9616 secs 34.11
part 168/256 codes 9114 sha256 e6c973defef639db6f73389b905eec47e0d9b191077d22a2971dcd77c06b2daa
part 169/256 plantri: 1849450 polytopes written to stdout; cpu=32.80 sec wall_s 34.97
part 169/256 fg ref n 15 s 3 classes 0 expected_leaves 0 expected_ring 0
part 169/256 fg ref n 15 s 4 classes 0 expected_leaves 0 expected_ring 0
part 169/256 fg ref n 15 s 5 classes 4884 expected_leaves 166485 expected_ring 5155
part 169/256 fg ref n 15 s 6 classes 5401 expected_leaves 80964 expected_ring 5698
part 169/256 fg ref n 15 all 0 sabotage 0 read 1849450 class 1849450 kept 10285 expected_leaves 247449 expected_ring 10853 secs 34.97
part 169/256 codes 10285 sha256 7815d479ddb09c9e7892efac67654cf841d2cdb2ea2e5fe2bb6e1fc7118f1fc2
part 170/256 plantri: 1702495 polytopes written to stdout; cpu=31.71 sec wall_s 33.91
part 170/256 fg ref n 15 s 3 classes 0 expected_leaves 0 expected_ring 0
part 170/256 fg ref n 15 s 4 classes 8 expected_leaves 640 expected_ring 14
part 170/256 fg ref n 15 s 5 classes 5199 expected_leaves 170975 expected_ring 5493
part 170/256 fg ref n 15 s 6 classes 4757 expected_leaves 70420 expected_ring 5057
part 170/256 fg ref n 15 all 0 sabotage 0 read 1702495 class 1702495 kept 9964 expected_leaves 242035 expected_ring 10564 secs 33.90
part 170/256 codes 9964 sha256 f4eb3f85607ba76c4bb74f4a7349201994a5dc2a05456fe4e2fb138d60aaa0d5
part 171/256 plantri: 1752954 polytopes written to stdout; cpu=32.61 sec wall_s 34.95
part 171/256 fg ref n 15 s 3 classes 0 expected_leaves 0 expected_ring 0
part 171/256 fg ref n 15 s 4 classes 2 expected_leaves 168 expected_ring 2
part 171/256 fg ref n 15 s 5 classes 5822 expected_leaves 197720 expected_ring 6116
part 171/256 fg ref n 15 s 6 classes 5816 expected_leaves 85170 expected_ring 6122
part 171/256 fg ref n 15 all 0 sabotage 0 read 1752954 class 1752954 kept 11640 expected_leaves 283058 expected_ring 12240 secs 34.95
part 171/256 codes 11640 sha256 8dcc0e95da8fa4be97d313eeea323a4cd78991e9986426abb7355e601252f3b8
part 172/256 plantri: 1793351 polytopes written to stdout; cpu=32.17 sec wall_s 34.36
part 172/256 fg ref n 15 s 3 classes 0 expected_leaves 0 expected_ring 0
part 172/256 fg ref n 15 s 4 classes 1 expected_leaves 80 expected_ring 1
part 172/256 fg ref n 15 s 5 classes 4795 expected_leaves 157860 expected_ring 5077
part 172/256 fg ref n 15 s 6 classes 4889 expected_leaves 73224 expected_ring 5220
part 172/256 fg ref n 15 all 0 sabotage 0 read 1793351 class 1793351 kept 9685 expected_leaves 231164 expected_ring 10298 secs 34.36
part 172/256 codes 9685 sha256 2acc78d62d62b6ceeb2286495099970ec83fc8bdb968cf326add2e556995e77c
part 173/256 plantri: 1859173 polytopes written to stdout; cpu=32.20 sec wall_s 34.35
part 173/256 fg ref n 15 s 3 classes 0 expected_leaves 0 expected_ring 0
part 173/256 fg ref n 15 s 4 classes 5 expected_leaves 312 expected_ring 6
part 173/256 fg ref n 15 s 5 classes 5219 expected_leaves 181040 expected_ring 5505
part 173/256 fg ref n 15 s 6 classes 6176 expected_leaves 92778 expected_ring 6493
part 173/256 fg ref n 15 all 0 sabotage 0 read 1859173 class 1859173 kept 11400 expected_leaves 274130 expected_ring 12004 secs 34.34
part 173/256 codes 11400 sha256 4923669da57aa2c1971bab90dbf3ebdceaeea7388148191feef3d3617a693f57
part 174/256 plantri: 1880020 polytopes written to stdout; cpu=34.17 sec wall_s 36.45
part 174/256 fg ref n 15 s 3 classes 0 expected_leaves 0 expected_ring 0
part 174/256 fg ref n 15 s 4 classes 0 expected_leaves 0 expected_ring 0
part 174/256 fg ref n 15 s 5 classes 5333 expected_leaves 185040 expected_ring 5656
part 174/256 fg ref n 15 s 6 classes 6574 expected_leaves 98682 expected_ring 6985
part 174/256 fg ref n 15 all 0 sabotage 0 read 1880020 class 1880020 kept 11907 expected_leaves 283722 expected_ring 12641 secs 36.44
part 174/256 codes 11907 sha256 e46f800d944d859b720bf81276b0a7347863fd8458c3e5c484744d117ad93cda
part 175/256 plantri: 1774918 polytopes written to stdout; cpu=31.15 sec wall_s 33.27
part 175/256 fg ref n 15 s 3 classes 0 expected_leaves 0 expected_ring 0
part 175/256 fg ref n 15 s 4 classes 4 expected_leaves 352 expected_ring 6
part 175/256 fg ref n 15 s 5 classes 4507 expected_leaves 152831 expected_ring 4803
part 175/256 fg ref n 15 s 6 classes 5320 expected_leaves 79674 expected_ring 5668
part 175/256 fg ref n 15 all 0 sabotage 0 read 1774918 class 1774918 kept 9831 expected_leaves 232857 expected_ring 10477 secs 33.27
part 175/256 codes 9831 sha256 a9cd6ac8470db4d13e2aeb721521adbb7c6e61b50ddfe49cff90ea78f48278ae
part 176/256 plantri: 1759490 polytopes written to stdout; cpu=32.70 sec wall_s 34.90
part 176/256 fg ref n 15 s 3 classes 0 expected_leaves 0 expected_ring 0
part 176/256 fg ref n 15 s 4 classes 1 expected_leaves 64 expected_ring 1
part 176/256 fg ref n 15 s 5 classes 4139 expected_leaves 143145 expected_ring 4363
part 176/256 fg ref n 15 s 6 classes 4681 expected_leaves 71388 expected_ring 4936
part 176/256 fg ref n 15 all 0 sabotage 0 read 1759490 class 1759490 kept 8821 expected_leaves 214597 expected_ring 9300 secs 34.89
part 176/256 codes 8821 sha256 ac3c74636a2f103245189dc05bb8cec8de748204590715895be972ff360f8d56
part 177/256 plantri: 1669129 polytopes written to stdout; cpu=33.19 sec wall_s 35.43
part 177/256 fg ref n 15 s 3 classes 0 expected_leaves 0 expected_ring 0
part 177/256 fg ref n 15 s 4 classes 11 expected_leaves 748 expected_ring 25
part 177/256 fg ref n 15 s 5 classes 4378 expected_leaves 141220 expected_ring 4653
part 177/256 fg ref n 15 s 6 classes 4566 expected_leaves 68082 expected_ring 4832
part 177/256 fg ref n 15 all 0 sabotage 0 read 1669129 class 1669129 kept 8955 expected_leaves 210050 expected_ring 9510 secs 35.42
part 177/256 codes 8955 sha256 b56a50bafe63e2709f2f6f4a869f3d59030abe3c03c339b15a1640cb5edc9988
part 178/256 plantri: 1787961 polytopes written to stdout; cpu=31.49 sec wall_s 33.52
part 178/256 fg ref n 15 s 3 classes 0 expected_leaves 0 expected_ring 0
part 178/256 fg ref n 15 s 4 classes 3 expected_leaves 256 expected_ring 4
part 178/256 fg ref n 15 s 5 classes 4037 expected_leaves 138050 expected_ring 4241
part 178/256 fg ref n 15 s 6 classes 4473 expected_leaves 67368 expected_ring 4716
part 178/256 fg ref n 15 all 0 sabotage 0 read 1787961 class 1787961 kept 8513 expected_leaves 205674 expected_ring 8961 secs 33.51
part 178/256 codes 8513 sha256 5e8af3acffc34a72e5ef88c6cf7578a568845f73cd7957d09fd5b94478d97277
part 179/256 plantri: 1753488 polytopes written to stdout; cpu=32.29 sec wall_s 34.43
part 179/256 fg ref n 15 s 3 classes 0 expected_leaves 0 expected_ring 0
part 179/256 fg ref n 15 s 4 classes 1 expected_leaves 80 expected_ring 1
part 179/256 fg ref n 15 s 5 classes 4720 expected_leaves 159265 expected_ring 4964
part 179/256 fg ref n 15 s 6 classes 5610 expected_leaves 83712 expected_ring 5970
part 179/256 fg ref n 15 all 0 sabotage 0 read 1753488 class 1753488 kept 10331 expected_leaves 243057 expected_ring 10935 secs 34.43
part 179/256 codes 10331 sha256 a8f7725f372bced2534698735185e74a40ee4c8f3e45e77624bf65527e157955
part 180/256 plantri: 1705509 polytopes written to stdout; cpu=31.99 sec wall_s 34.24
part 180/256 fg ref n 15 s 3 classes 0 expected_leaves 0 expected_ring 0
part 180/256 fg ref n 15 s 4 classes 15 expected_leaves 1052 expected_ring 22
part 180/256 fg ref n 15 s 5 classes 4418 expected_leaves 141150 expected_ring 4678
part 180/256 fg ref n 15 s 6 classes 4774 expected_leaves 70356 expected_ring 5029
part 180/256 fg ref n 15 all 0 sabotage 0 read 1705509 class 1705509 kept 9207 expected_leaves 212558 expected_ring 9729 secs 34.24
part 180/256 codes 9207 sha256 8a05615814da437a2af9c49c1b6df648c89d7349aab56cfbcd83e3e86df4380b
part 181/256 plantri: 1755107 polytopes written to stdout; cpu=30.69 sec wall_s 32.82
part 181/256 fg ref n 15 s 3 classes 0 expected_leaves 0 expected_ring 0
part 181/256 fg ref n 15 s 4 classes 55 expected_leaves 3368 expected_ring 114
part 181/256 fg ref n 15 s 5 classes 5110 expected_leaves 166165 expected_ring 5439
part 181/256 fg ref n 15 s 6 classes 5539 expected_leaves 80142 expected_ring 5905
part 181/256 fg ref n 15 all 0 sabotage 0 read 1755107 class 1755107 kept 10704 expected_leaves 249675 expected_ring 11458 secs 32.81
part 181/256 codes 10704 sha256 5feec5a85bcf229c7743e55849c6b516de7f798d5373770989d8a053035055b1
part 182/256 plantri: 1883563 polytopes written to stdout; cpu=31.63 sec wall_s 33.78
part 182/256 fg ref n 15 s 3 classes 0 expected_leaves 0 expected_ring 0
part 182/256 fg ref n 15 s 4 classes 2 expected_leaves 80 expected_ring 3
part 182/256 fg ref n 15 s 5 classes 5866 expected_leaves 198330 expected_ring 6196
part 182/256 fg ref n 15 s 6 classes 5952 expected_leaves 86006 expected_ring 6335
part 182/256 fg ref n 15 all 0 sabotage 0 read 1883563 class 1883563 kept 11820 expected_leaves 284416 expected_ring 12534 secs 33.78
part 182/256 codes 11820 sha256 1c443dd3e285eeb94d3f7049c56df7a772c411aebe6b1196368e2be0e7828d6e
part 183/256 plantri: 1874172 polytopes written to stdout; cpu=33.11 sec wall_s 35.26
part 183/256 fg ref n 15 s 3 classes 0 expected_leaves 0 expected_ring 0
part 183/256 fg ref n 15 s 4 classes 1 expected_leaves 80 expected_ring 1
part 183/256 fg ref n 15 s 5 classes 4933 expected_leaves 171195 expected_ring 5193
part 183/256 fg ref n 15 s 6 classes 5774 expected_leaves 85443 expected_ring 6111
part 183/256 fg ref n 15 all 0 sabotage 0 read 1874172 class 1874172 kept 10708 expected_leaves 256718 expected_ring 11305 secs 35.26
part 183/256 codes 10708 sha256 d0f0c8300873d8a5ef45fa2c4602af3d3c1a651e82529f061fc59ed7700a7c12
part 184/256 plantri: 1707317 polytopes written to stdout; cpu=32.83 sec wall_s 35.03
part 184/256 fg ref n 15 s 3 classes 0 expected_leaves 0 expected_ring 0
part 184/256 fg ref n 15 s 4 classes 6 expected_leaves 348 expected_ring 7
part 184/256 fg ref n 15 s 5 classes 3901 expected_leaves 136985 expected_ring 4141
part 184/256 fg ref n 15 s 6 classes 4570 expected_leaves 68382 expected_ring 4811
part 184/256 fg ref n 15 all 0 sabotage 0 read 1707317 class 1707317 kept 8477 expected_leaves 205715 expected_ring 8959 secs 35.02
part 184/256 codes 8477 sha256 426fcae2314b112fa6ddaa41916cbb2af22eaac17b6884fd16638fa39bfd957a
part 185/256 plantri: 1611002 polytopes written to stdout; cpu=31.84 sec wall_s 33.94
part 185/256 fg ref n 15 s 3 classes 0 expected_leaves 0 expected_ring 0
part 185/256 fg ref n 15 s 4 classes 1 expected_leaves 96 expected_ring 1
part 185/256 fg ref n 15 s 5 classes 3300 expected_leaves 116025 expected_ring 3471
part 185/256 fg ref n 15 s 6 classes 3312 expected_leaves 48614 expected_ring 3557
part 185/256 fg ref n 15 all 0 sabotage 0 read 1611002 class 1611002 kept 6613 expected_leaves 164735 expected_ring 7029 secs 33.94
part 185/256 codes 6613 sha256 bbc1e9c221e7dacf35afa891010851c428ccaca9581a23adc89885691caae8d7
part 186/256 plantri: 1728478 polytopes written to stdout; cpu=31.05 sec wall_s 33.20
part 186/256 fg ref n 15 s 3 classes 0 expected_leaves 0 expected_ring 0
part 186/256 fg ref n 15 s 4 classes 9 expected_leaves 704 expected_ring 13
part 186/256 fg ref n 15 s 5 classes 5674 expected_leaves 188860 expected_ring 5963
part 186/256 fg ref n 15 s 6 classes 6907 expected_leaves 103362 expected_ring 7531
part 186/256 fg ref n 15 all 0 sabotage 0 read 1728478 class 1728478 kept 12590 expected_leaves 292926 expected_ring 13507 secs 33.20
part 186/256 codes 12590 sha256 fce5ff28a4393ec7d47e0c2ebb05712d41921aced68a8b5597c1706431ad129a
part 187/256 plantri: 1868318 polytopes written to stdout; cpu=32.99 sec wall_s 35.31
part 187/256 fg ref n 15 s 3 classes 0 expected_leaves 0 expected_ring 0
part 187/256 fg ref n 15 s 4 classes 1 expected_leaves 44 expected_ring 1
part 187/256 fg ref n 15 s 5 classes 6748 expected_leaves 227710 expected_ring 7096
part 187/256 fg ref n 15 s 6 classes 6684 expected_leaves 97818 expected_ring 7128
part 187/256 fg ref n 15 all 0 sabotage 0 read 1868318 class 1868318 kept 13433 expected_leaves 325572 expected_ring 14225 secs 35.31
part 187/256 codes 13433 sha256 9466cdfa3260d2a62f46d166f07c88991fb86beb93fb312282b332cdad1f8869
part 188/256 plantri: 1796621 polytopes written to stdout; cpu=33.05 sec wall_s 35.35
part 188/256 fg ref n 15 s 3 classes 0 expected_leaves 0 expected_ring 0
part 188/256 fg ref n 15 s 4 classes 7 expected_leaves 278 expected_ring 9
part 188/256 fg ref n 15 s 5 classes 3997 expected_leaves 140070 expected_ring 4210
part 188/256 fg ref n 15 s 6 classes 4417 expected_leaves 65998 expected_ring 4654
part 188/256 fg ref n 15 all 0 sabotage 0 read 1796621 class 1796621 kept 8421 expected_leaves 206346 expected_ring 8873 secs 35.34
part 188/256 codes 8421 sha256 aacb199bc90bc7e15b8705b7930a4766798db29c93d2b771c48715044cbfe64e
part 189/256 plantri: 1807511 polytopes written to stdout; cpu=33.72 sec wall_s 36.05
part 189/256 fg ref n 15 s 3 classes 0 expected_leaves 0 expected_ring 0
part 189/256 fg ref n 15 s 4 classes 4 expected_leaves 112 expected_ring 4
part 189/256 fg ref n 15 s 5 classes 4504 expected_leaves 159890 expected_ring 4754
part 189/256 fg ref n 15 s 6 classes 5297 expected_leaves 80292 expected_ring 5589
part 189/256 fg ref n 15 all 0 sabotage 0 read 1807511 class 1807511 kept 9805 expected_leaves 240294 expected_ring 10347 secs 36.05
part 189/256 codes 9805 sha256 11f34de9b3108980861667e351cb81217c9f59bdf566d5cf22537ce50de0e3ef
part 190/256 plantri: 1691382 polytopes written to stdout; cpu=30.31 sec wall_s 32.42
part 190/256 fg ref n 15 s 3 classes 0 expected_leaves 0 expected_ring 0
part 190/256 fg ref n 15 s 4 classes 2 expected_leaves 152 expected_ring 2
part 190/256 fg ref n 15 s 5 classes 3773 expected_leaves 130505 expected_ring 3964
part 190/256 fg ref n 15 s 6 classes 3984 expected_leaves 57726 expected_ring 4203
part 190/256 fg ref n 15 all 0 sabotage 0 read 1691382 class 1691382 kept 7759 expected_leaves 188383 expected_ring 8169 secs 32.41
part 190/256 codes 7759 sha256 18d193cdae51514ffc35ee168927d34eca014bb2b0b4a4993d99275035021d0d
part 191/256 plantri: 1910941 polytopes written to stdout; cpu=33.17 sec wall_s 35.44
part 191/256 fg ref n 15 s 3 classes 0 expected_leaves 0 expected_ring 0
part 191/256 fg ref n 15 s 4 classes 14 expected_leaves 1136 expected_ring 24
part 191/256 fg ref n 15 s 5 classes 6112 expected_leaves 210495 expected_ring 6378
part 191/256 fg ref n 15 s 6 classes 8275 expected_leaves 125157 expected_ring 8852
part 191/256 fg ref n 15 all 0 sabotage 0 read 1910941 class 1910941 kept 14401 expected_leaves 336788 expected_ring 15254 secs 35.43
part 191/256 codes 14401 sha256 148e466c6fac7f32e865114af06822ade4ac3a6cd5860fd226db8e810615260b
part 192/256 plantri: 1823771 polytopes written to stdout; cpu=33.63 sec wall_s 35.97
part 192/256 fg ref n 15 s 3 classes 0 expected_leaves 0 expected_ring 0
part 192/256 fg ref n 15 s 4 classes 5 expected_leaves 440 expected_ring 9
part 192/256 fg ref n 15 s 5 classes 4437 expected_leaves 150360 expected_ring 4651
part 192/256 fg ref n 15 s 6 classes 5065 expected_leaves 76180 expected_ring 5459
part 192/256 fg ref n 15 all 0 sabotage 0 read 1823771 class 1823771 kept 9507 expected_leaves 226980 expected_ring 10119 secs 35.96
part 192/256 codes 9507 sha256 5633c5b3446f6c58299a9b35bea3b3c66e7c4f1d247cca8d0a77de47c89c4a6e
part 193/256 plantri: 1873911 polytopes written to stdout; cpu=32.55 sec wall_s 34.85
part 193/256 fg ref n 15 s 3 classes 0 expected_leaves 0 expected_ring 0
part 193/256 fg ref n 15 s 4 classes 1 expected_leaves 88 expected_ring 1
part 193/256 fg ref n 15 s 5 classes 6874 expected_leaves 230755 expected_ring 7258
part 193/256 fg ref n 15 s 6 classes 7063 expected_leaves 103116 expected_ring 7595
part 193/256 fg ref n 15 all 0 sabotage 0 read 1873911 class 1873911 kept 13938 expected_leaves 333959 expected_ring 14854 secs 34.84
part 193/256 codes 13938 sha256 0d4de8894c38e8e63ba8712f8dc2cab4cfe85d6f452c1e86489d2baa943dfda3
part 194/256 plantri: 1939225 polytopes written to stdout; cpu=34.43 sec wall_s 36.79
part 194/256 fg ref n 15 s 3 classes 0 expected_leaves 0 expected_ring 0
part 194/256 fg ref n 15 s 4 classes 11 expected_leaves 684 expected_ring 13
part 194/256 fg ref n 15 s 5 classes 5026 expected_leaves 174510 expected_ring 5296
part 194/256 fg ref n 15 s 6 classes 6320 expected_leaves 95586 expected_ring 6731
part 194/256 fg ref n 15 all 0 sabotage 0 read 1939225 class 1939225 kept 11357 expected_leaves 270780 expected_ring 12040 secs 36.79
part 194/256 codes 11357 sha256 5e683b627d36982aa97613935b6165b5e104fd2fcfc4babaf40be7bc09963d12
part 195/256 plantri: 1707659 polytopes written to stdout; cpu=31.26 sec wall_s 33.31
part 195/256 fg ref n 15 s 3 classes 0 expected_leaves 0 expected_ring 0
part 195/256 fg ref n 15 s 4 classes 2 expected_leaves 184 expected_ring 5
part 195/256 fg ref n 15 s 5 classes 3738 expected_leaves 132005 expected_ring 3944
part 195/256 fg ref n 15 s 6 classes 4123 expected_leaves 62886 expected_ring 4443
part 195/256 fg ref n 15 all 0 sabotage 0 read 1707659 class 1707659 kept 7863 expected_leaves 195075 expected_ring 8392 secs 33.31
part 195/256 codes 7863 sha256 ec1d1f51b970f54c34e1287d9aa0f2a7443c89c221302bc108914aafd414de7f
part 196/256 plantri: 1811194 polytopes written to stdout; cpu=33.16 sec wall_s 35.34
part 196/256 fg ref n 15 s 3 classes 0 expected_leaves 0 expected_ring 0
part 196/256 fg ref n 15 s 4 classes 0 expected_leaves 0 expected_ring 0
part 196/256 fg ref n 15 s 5 classes 3939 expected_leaves 137615 expected_ring 4135
part 196/256 fg ref n 15 s 6 classes 5043 expected_leaves 77454 expected_ring 5344
part 196/256 fg ref n 15 all 0 sabotage 0 read 1811194 class 1811194 kept 8982 expected_leaves 215069 expected_ring 9479 secs 35.34
part 196/256 codes 8982 sha256 b764c056ce0736547c01a9e18a84d278213e73c93efd0bcf411e973d2a8efc37
part 197/256 plantri: 1827182 polytopes written to stdout; cpu=32.21 sec wall_s 34.39
part 197/256 fg ref n 15 s 3 classes 0 expected_leaves 0 expected_ring 0
part 197/256 fg ref n 15 s 4 classes 2 expected_leaves 184 expected_ring 4
part 197/256 fg ref n 15 s 5 classes 4759 expected_leaves 161920 expected_ring 5012
part 197/256 fg ref n 15 s 6 classes 5888 expected_leaves 88270 expected_ring 6210
part 197/256 fg ref n 15 all 0 sabotage 0 read 1827182 class 1827182 kept 10649 expected_leaves 250374 expected_ring 11226 secs 34.38
part 197/256 codes 10649 sha256 d0ee0a0a48bd3f9c374772cc41bd70ef2de98a766806b30a962dd197d1c84df9
part 198/256 plantri: 1655798 polytopes written to stdout; cpu=30.71 sec wall_s 32.77
part 198/256 fg ref n 15 s 3 classes 0 expected_leaves 0 expected_ring 0
part 198/256 fg ref n 15 s 4 classes 1 expected_leaves 88 expected_ring 2
part 198/256 fg ref n 15 s 5 classes 4717 expected_leaves 159275 expected_ring 4937
part 198/256 fg ref n 15 s 6 classes 4190 expected_leaves 61356 expected_ring 4445
part 198/256 fg ref n 15 all 0 sabotage 0 read 1655798 class 1655798 kept 8908 expected_leaves 220719 expected_ring 9384 secs 32.76
part 198/256 codes 8908 sha256 1d682c5517862675b94f172c076123553f42e8d86c2c5283409a5199da9ce4ec
part 199/256 plantri: 1656250 polytopes written to stdout; cpu=31.62 sec wall_s 33.70
part 199/256 fg ref n 15 s 3 classes 0 expected_leaves 0 expected_ring 0
part 199/256 fg ref n 15 s 4 classes 3 expected_leaves 168 expected_ring 7
part 199/256 fg ref n 15 s 5 classes 4730 expected_leaves 159175 expected_ring 5021
part 199/256 fg ref n 15 s 6 classes 4859 expected_leaves 70698 expected_ring 5183
part 199/256 fg ref n 15 all 0 sabotage 0 read 1656250 class 1656250 kept 9592 expected_leaves 230041 expected_ring 10211 secs 33.69
part 199/256 codes 9592 sha256 918dc22af0c935ed129ab80040bc08f827ce47505aa7705bd1de14672ca46c15
part 200/256 plantri: 1800672 polytopes written to stdout; cpu=33.00 sec wall_s 35.18
part 200/256 fg ref n 15 s 3 classes 0 expected_leaves 0 expected_ring 0
part 200/256 fg ref n 15 s 4 classes 13 expected_leaves 872 expected_ring 18
part 200/256 fg ref n 15 s 5 classes 5279 expected_leaves 187115 expected_ring 5556
part 200/256 fg ref n 15 s 6 classes 6013 expected_leaves 89640 expected_ring 6332
part 200/256 fg ref n 15 all 0 sabotage 0 read 1800672 class 1800672 kept 11305 expected_leaves 277627 expected_ring 11906 secs 35.18
part 200/256 codes 11305 sha256 84950d961e0c33520761e54091ea77c61366585891e5b0d0a2e5850422ffe50e
part 201/256 plantri: 1773891 polytopes written to stdout; cpu=34.22 sec wall_s 36.57
part 201/256 fg ref n 15 s 3 classes 0 expected_leaves 0 expected_ring 0
part 201/256 fg ref n 15 s 4 classes 6 expected_leaves 480 expected_ring 12
part 201/256 fg ref n 15 s 5 classes 4108 expected_leaves 136620 expected_ring 4345
part 201/256 fg ref n 15 s 6 classes 3714 expected_leaves 55278 expected_ring 3987
part 201/256 fg ref n 15 all 0 sabotage 0 read 1773891 class 1773891 kept 7828 expected_leaves 192378 expected_ring 8344 secs 36.56
part 201/256 codes 7828 sha256 edb6d3aa48401fae9cb0800cde562a034e83d9280f6de26d10abba78f8101aef
part 202/256 plantri: 1685433 polytopes written to stdout; cpu=32.00 sec wall_s 34.17
part 202/256 fg ref n 15 s 3 classes 0 expected_leaves 0 expected_ring 0
part 202/256 fg ref n 15 s 4 classes 0 expected_leaves 0 expected_ring 0
part 202/256 fg ref n 15 s 5 classes 3837 expected_leaves 127720 expected_ring 4061
part 202/256 fg ref n 15 s 6 classes 3355 expected_leaves 49248 expected_ring 3606
part 202/256 fg ref n 15 all 0 sabotage 0 read 1685433 class 1685433 kept 7192 expected_leaves 176968 expected_ring 7667 secs 34.16
part 202/256 codes 7192 sha256 440c8995423e61d4798005e36cb80d8ef94efa1eb131faecf78f580bce658260
part 203/256 plantri: 1956743 polytopes written to stdout; cpu=33.50 sec wall_s 35.78
part 203/256 fg ref n 15 s 3 classes 0 expected_leaves 0 expected_ring 0
part 203/256 fg ref n 15 s 4 classes 5 expected_leaves 388 expected_ring 6
part 203/256 fg ref n 15 s 5 classes 4176 expected_leaves 142415 expected_ring 4422
part 203/256 fg ref n 15 s 6 classes 4625 expected_leaves 68454 expected_ring 4939
part 203/256 fg ref n 15 all 0 sabotage 0 read 1956743 class 1956743 kept 8806 expected_leaves 211257 expected_ring 9367 secs 35.77
part 203/256 codes 8806 sha256 791a20425e45d2573f4e006b20d6e09ecdedee9d89d1d101384fcd6c33487de0
part 204/256 plantri: 1867896 polytopes written to stdout; cpu=33.66 sec wall_s 35.96
part 204/256 fg ref n 15 s 3 classes 0 expected_leaves 0 expected_ring 0
part 204/256 fg ref n 15 s 4 classes 1 expected_leaves 48 expected_ring 1
part 204/256 fg ref n 15 s 5 classes 4225 expected_leaves 144875 expected_ring 4433
part 204/256 fg ref n 15 s 6 classes 4473 expected_leaves 65976 expected_ring 4747
part 204/256 fg ref n 15 all 0 sabotage 0 read 1867896 class 1867896 kept 8699 expected_leaves 210899 expected_ring 9181 secs 35.95
part 204/256 codes 8699 sha256 7aa11f8dbd6ca000465cba6a1e9b08ca5960cd93bcfda8c9548906d578b21cc3
part 205/256 plantri: 1728215 polytopes written to stdout; cpu=32.77 sec wall_s 35.05
part 205/256 fg ref n 15 s 3 classes 0 expected_leaves 0 expected_ring 0
part 205/256 fg ref n 15 s 4 classes 3 expected_leaves 132 expected_ring 4
part 205/256 fg ref n 15 s 5 classes 4302 expected_leaves 142670 expected_ring 4510
part 205/256 fg ref n 15 s 6 classes 4299 expected_leaves 64350 expected_ring 4608
part 205/256 fg ref n 15 all 0 sabotage 0 read 1728215 class 1728215 kept 8604 expected_leaves 207152 expected_ring 9122 secs 35.05
part 205/256 codes 8604 sha256 bdf6139be8fbe8fa83232b3e092b828dabdab458bdbca83b1d127c7370dac674
part 206/256 plantri: 1639558 polytopes written to stdout; cpu=30.34 sec wall_s 32.34
part 206/256 fg ref n 15 s 3 classes 0 expected_leaves 0 expected_ring 0
part 206/256 fg ref n 15 s 4 classes 2 expected_leaves 168 expected_ring 3
part 206/256 fg ref n 15 s 5 classes 3947 expected_leaves 133580 expected_ring 4138
part 206/256 fg ref n 15 s 6 classes 3977 expected_leaves 59316 expected_ring 4172
part 206/256 fg ref n 15 all 0 sabotage 0 read 1639558 class 1639558 kept 7926 expected_leaves 193064 expected_ring 8313 secs 32.34
part 206/256 codes 7926 sha256 4c67efe9952ddf5b929d2ca09aca2433273fefdf2604208c658a36facffc2886
part 207/256 plantri: 1751440 polytopes written to stdout; cpu=32.42 sec wall_s 34.56
part 207/256 fg ref n 15 s 3 classes 0 expected_leaves 0 expected_ring 0
part 207/256 fg ref n 15 s 4 classes 1 expected_leaves 40 expected_ring 1
part 207/256 fg ref n 15 s 5 classes 3615 expected_leaves 124000 expected_ring 3834
part 207/256 fg ref n 15 s 6 classes 4307 expected_leaves 63132 expected_ring 4578
part 207/256 fg ref n 15 all 0 sabotage 0 read 1751440 class 1751440 kept 7923 expected_leaves 187172 expected_ring 8413 secs 34.55
part 207/256 codes 7923 sha256 0f3aec9486040c12ff446a173b2a7611c8cda192e6b8979c1df9515f0998e7ef
part 208/256 plantri: 1782120 polytopes written to stdout; cpu=31.02 sec wall_s 33.12
part 208/256 fg ref n 15 s 3 classes 0 expected_leaves 0 expected_ring 0
part 208/256 fg ref n 15 s 4 classes 0 expected_leaves 0 expected_ring 0
part 208/256 fg ref n 15 s 5 classes 3887 expected_leaves 137300 expected_ring 4082
part 208/256 fg ref n 15 s 6 classes 5343 expected_leaves 80826 expected_ring 5627
part 208/256 fg ref n 15 all 0 sabotage 0 read 1782120 class 1782120 kept 9230 expected_leaves 218126 expected_ring 9709 secs 33.12
part 208/256 codes 9230 sha256 a1321d80670072431531179127ff621d21971d9ae8ea7c7f9de18b90325ea6c1
part 209/256 plantri: 1763051 polytopes written to stdout; cpu=31.60 sec wall_s 33.77
part 209/256 fg ref n 15 s 3 classes 0 expected_leaves 0 expected_ring 0
part 209/256 fg ref n 15 s 4 classes 1 expected_leaves 88 expected_ring 2
part 209/256 fg ref n 15 s 5 classes 3788 expected_leaves 134770 expected_ring 3989
part 209/256 fg ref n 15 s 6 classes 3899 expected_leaves 57864 expected_ring 4174
part 209/256 fg ref n 15 all 0 sabotage 0 read 1763051 class 1763051 kept 7688 expected_leaves 192722 expected_ring 8165 secs 33.76
part 209/256 codes 7688 sha256 301cfb4b5a9aed5bfc60b652dd2c57f6dd92478249ee7df1b0c4eb166924c4ae
part 210/256 plantri: 1701421 polytopes written to stdout; cpu=30.11 sec wall_s 32.19
part 210/256 fg ref n 15 s 3 classes 0 expected_leaves 0 expected_ring 0
part 210/256 fg ref n 15 s 4 classes 0 expected_leaves 0 expected_ring 0
part 210/256 fg ref n 15 s 5 classes 4586 expected_leaves 156985 expected_ring 4813
part 210/256 fg ref n 15 s 6 classes 5218 expected_leaves 78180 expected_ring 5552
part 210/256 fg ref n 15 all 0 sabotage 0 read 1701421 class 1701421 kept 9804 expected_leaves 235165 expected_ring 10365 secs 32.19
part 210/256 codes 9804 sha256 95cac2b12d825015610f2ffc969a8e9f31040eab81d0cbe158cb43a32376f35a
part 211/256 plantri: 1628641 polytopes written to stdout; cpu=30.06 sec wall_s 32.16
part 211/256 fg ref n 15 s 3 classes 0 expected_leaves 0 expected_ring 0
part 211/256 fg ref n 15 s 4 classes 2 expected_leaves 104 expected_ring 9
part 211/256 fg ref n 15 s 5 classes 4271 expected_leaves 149800 expected_ring 4470
part 211/256 fg ref n 15 s 6 classes 5420 expected_leaves 87288 expected_ring 5709
part 211/256 fg ref n 15 all 0 sabotage 0 read 1628641 class 1628641 kept 9693 expected_leaves 237192 expected_ring 10188 secs 32.16
part 211/256 codes 9693 sha256 b845102cf4c15ceb77f2c1c35b2c1a5f6842d6b9321b2bad2238530d3df51532
part 212/256 plantri: 1834390 polytopes written to stdout; cpu=32.03 sec wall_s 34.37
part 212/256 fg ref n 15 s 3 classes 0 expected_leaves 0 expected_ring 0
part 212/256 fg ref n 15 s 4 classes 8 expected_leaves 628 expected_ring 10
part 212/256 fg ref n 15 s 5 classes 6401 expected_leaves 210460 expected_ring 6723
part 212/256 fg ref n 15 s 6 classes 7252 expected_leaves 105294 expected_ring 7678
part 212/256 fg ref n 15 all 0 sabotage 0 read 1834390 class 1834390 kept 13661 expected_leaves 316382 expected_ring 14411 secs 34.36
part 212/256 codes 13661 sha256 697347799b45d7ba103aa52cfcfed3b8491df3b770b54ec0e2c7caa568e923a8
part 213/256 plantri: 1774474 polytopes written to stdout; cpu=29.66 sec wall_s 31.61
part 213/256 fg ref n 15 s 3 classes 0 expected_leaves 0 expected_ring 0
part 213/256 fg ref n 15 s 4 classes 3 expected_leaves 190 expected_ring 3
part 213/256 fg ref n 15 s 5 classes 4131 expected_leaves 140985 expected_ring 4375
part 213/256 fg ref n 15 s 6 classes 4643 expected_leaves 68724 expected_ring 4906
part 213/256 fg ref n 15 all 0 sabotage 0 read 1774474 class 1774474 kept 8777 expected_leaves 209899 expected_ring 9284 secs 31.61
part 213/256 codes 8777 sha256 bf5feddc04c73a6407c6b0811cfe6cb88d9637ba8e500a0cc9966c5b2c5b388c
part 214/256 plantri: 1798458 polytopes written to stdout; cpu=31.35 sec wall_s 33.46
part 214/256 fg ref n 15 s 3 classes 0 expected_leaves 0 expected_ring 0
part 214/256 fg ref n 15 s 4 classes 0 expected_leaves 0 expected_ring 0
part 214/256 fg ref n 15 s 5 classes 4194 expected_leaves 152270 expected_ring 4416
part 214/256 fg ref n 15 s 6 classes 5680 expected_leaves 86094 expected_ring 6008
part 214/256 fg ref n 15 all 0 sabotage 0 read 1798458 class 1798458 kept 9874 expected_leaves 238364 expected_ring 10424 secs 33.46
part 214/256 codes 9874 sha256 55186578540bb3abb6433063932e6591748f77c6ba3413818b69a8eb4a036045
part 215/256 plantri: 1618406 polytopes written to stdout; cpu=29.32 sec wall_s 31.18
part 215/256 fg ref n 15 s 3 classes 0 expected_leaves 0 expected_ring 0
part 215/256 fg ref n 15 s 4 classes 17 expected_leaves 1304 expected_ring 21
part 215/256 fg ref n 15 s 5 classes 3502 expected_leaves 125570 expected_ring 3683
part 215/256 fg ref n 15 s 6 classes 4388 expected_leaves 65970 expected_ring 4593
part 215/256 fg ref n 15 all 0 sabotage 0 read 1618406 class 1618406 kept 7907 expected_leaves 192844 expected_ring 8297 secs 31.18
part 215/256 codes 7907 sha256 856e4b1ce22aba380fb803c8a5eb36311df3a92e840735344ddecb627c00979a
part 216/256 plantri: 1708985 polytopes written to stdout; cpu=29.36 sec wall_s 31.24
part 216/256 fg ref n 15 s 3 classes 0 expected_leaves 0 expected_ring 0
part 216/256 fg ref n 15 s 4 classes 8 expected_leaves 460 expected_ring 10
part 216/256 fg ref n 15 s 5 classes 4021 expected_leaves 142180 expected_ring 4200
part 216/256 fg ref n 15 s 6 classes 5108 expected_leaves 77538 expected_ring 5363
part 216/256 fg ref n 15 all 0 sabotage 0 read 1708985 class 1708985 kept 9137 expected_leaves 220178 expected_ring 9573 secs 31.24
part 216/256 codes 9137 sha256 d6bd168551d905187688796321f43ca7c575fe4c3063d7bb17c265e878355f92
part 217/256 plantri: 1775348 polytopes written to stdout; cpu=29.75 sec wall_s 31.67
part 217/256 fg ref n 15 s 3 classes 0 expected_leaves 0 expected_ring 0
part 217/256 fg ref n 15 s 4 classes 0 expected_leaves 0 expected_ring 0
part 217/256 fg ref n 15 s 5 classes 4542 expected_leaves 150600 expected_ring 4790
part 217/256 fg ref n 15 s 6 classes 4651 expected_leaves 68364 expected_ring 4962
part 217/256 fg ref n 15 all 0 sabotage 0 read 1775348 class 1775348 kept 9193 expected_leaves 218964 expected_ring 9752 secs 31.67
part 217/256 codes 9193 sha256 51fa9173656c1efa6d7c593e39ef65cc9b15d422ebd6b68eaf86e6669173e74b
part 218/256 plantri: 1892878 polytopes written to stdout; cpu=30.67 sec wall_s 32.76
part 218/256 fg ref n 15 s 3 classes 0 expected_leaves 0 expected_ring 0
part 218/256 fg ref n 15 s 4 classes 9 expected_leaves 536 expected_ring 15
part 218/256 fg ref n 15 s 5 classes 4415 expected_leaves 151660 expected_ring 4635
part 218/256 fg ref n 15 s 6 classes 5524 expected_leaves 81623 expected_ring 5954
part 218/256 fg ref n 15 all 0 sabotage 0 read 1892878 class 1892878 kept 9948 expected_leaves 233819 expected_ring 10604 secs 32.76
part 218/256 codes 9948 sha256 4102a48a8f44c32ad286255b1ccca321ffbb21c5d16faa13e2b135dffcbabe2c
part 219/256 plantri: 1755880 polytopes written to stdout; cpu=29.44 sec wall_s 31.48
part 219/256 fg ref n 15 s 3 classes 0 expected_leaves 0 expected_ring 0
part 219/256 fg ref n 15 s 4 classes 0 expected_leaves 0 expected_ring 0
part 219/256 fg ref n 15 s 5 classes 5214 expected_leaves 183215 expected_ring 5536
part 219/256 fg ref n 15 s 6 classes 6095 expected_leaves 91824 expected_ring 6489
part 219/256 fg ref n 15 all 0 sabotage 0 read 1755880 class 1755880 kept 11309 expected_leaves 275039 expected_ring 12025 secs 31.48
part 219/256 codes 11309 sha256 5614f44ac97ca950d3616495ef15c6bd331f9935d6b660bceaca29ec96855b72
part 220/256 plantri: 1722550 polytopes written to stdout; cpu=29.45 sec wall_s 31.44
part 220/256 fg ref n 15 s 3 classes 0 expected_leaves 0 expected_ring 0
part 220/256 fg ref n 15 s 4 classes 0 expected_leaves 0 expected_ring 0
part 220/256 fg ref n 15 s 5 classes 3726 expected_leaves 130250 expected_ring 3878
part 220/256 fg ref n 15 s 6 classes 4560 expected_leaves 67746 expected_ring 4848
part 220/256 fg ref n 15 all 0 sabotage 0 read 1722550 class 1722550 kept 8286 expected_leaves 197996 expected_ring 8726 secs 31.44
part 220/256 codes 8286 sha256 d51cd8826cc1539dd4fee42cd814ce90e77cf1a719fbd11a5b8c94824c7eacbb
part 221/256 plantri: 1850712 polytopes written to stdout; cpu=30.45 sec wall_s 32.49
part 221/256 fg ref n 15 s 3 classes 0 expected_leaves 0 expected_ring 0
part 221/256 fg ref n 15 s 4 classes 0 expected_leaves 0 expected_ring 0
part 221/256 fg ref n 15 s 5 classes 4968 expected_leaves 167565 expected_ring 5217
part 221/256 fg ref n 15 s 6 classes 5627 expected_leaves 82940 expected_ring 5950
part 221/256 fg ref n 15 all 0 sabotage 0 read 1850712 class 1850712 kept 10595 expected_leaves 250505 expected_ring 11167 secs 32.49
part 221/256 codes 10595 sha256 41b57fc14015a4241c4ebd366dafa0c94f65c697ffdb93d23f2cb8c6dd4d7935
part 222/256 plantri: 2021861 polytopes written to stdout; cpu=33.86 sec wall_s 36.22
part 222/256 fg ref n 15 s 3 classes 0 expected_leaves 0 expected_ring 0
part 222/256 fg ref n 15 s 4 classes 2 expected_leaves 184 expected_ring 2
part 222/256 fg ref n 15 s 5 classes 5431 expected_leaves 187320 expected_ring 5689
part 222/256 fg ref n 15 s 6 classes 7085 expected_leaves 108012 expected_ring 7473
part 222/256 fg ref n 15 all 0 sabotage 0 read 2021861 class 2021861 kept 12518 expected_leaves 295516 expected_ring 13164 secs 36.21
part 222/256 codes 12518 sha256 fa23383690419eae0776d47dfffb5b40e3dc292d12fd35804ea18d69874fdd24
part 223/256 plantri: 1856759 polytopes written to stdout; cpu=31.41 sec wall_s 33.58
part 223/256 fg ref n 15 s 3 classes 0 expected_leaves 0 expected_ring 0
part 223/256 fg ref n 15 s 4 classes 0 expected_leaves 0 expected_ring 0
part 223/256 fg ref n 15 s 5 classes 4270 expected_leaves 147410 expected_ring 4509
part 223/256 fg ref n 15 s 6 classes 5214 expected_leaves 79266 expected_ring 5528
part 223/256 fg ref n 15 all 0 sabotage 0 read 1856759 class 1856759 kept 9484 expected_leaves 226676 expected_ring 10037 secs 33.58
part 223/256 codes 9484 sha256 1a6ac6a240276465fb8e09aa660e67a1d08b138917b71a3ded6ee2283f0d19d7
part 224/256 plantri: 1780239 polytopes written to stdout; cpu=29.17 sec wall_s 31.18
part 224/256 fg ref n 15 s 3 classes 0 expected_leaves 0 expected_ring 0
part 224/256 fg ref n 15 s 4 classes 0 expected_leaves 0 expected_ring 0
part 224/256 fg ref n 15 s 5 classes 5559 expected_leaves 193865 expected_ring 5800
part 224/256 fg ref n 15 s 6 classes 6147 expected_leaves 90783 expected_ring 6424
part 224/256 fg ref n 15 all 0 sabotage 0 read 1780239 class 1780239 kept 11706 expected_leaves 284648 expected_ring 12224 secs 31.18
part 224/256 codes 11706 sha256 ec5ae4c2c6f075cfe8186b67b42169c0a4ef13e2a75f5314bb2c50c26203d579
part 225/256 plantri: 1594979 polytopes written to stdout; cpu=28.41 sec wall_s 30.24
part 225/256 fg ref n 15 s 3 classes 0 expected_leaves 0 expected_ring 0
part 225/256 fg ref n 15 s 4 classes 2 expected_leaves 168 expected_ring 3
part 225/256 fg ref n 15 s 5 classes 4673 expected_leaves 165705 expected_ring 4895
part 225/256 fg ref n 15 s 6 classes 5332 expected_leaves 79766 expected_ring 5643
part 225/256 fg ref n 15 all 0 sabotage 0 read 1594979 class 1594979 kept 10007 expected_leaves 245639 expected_ring 10541 secs 30.24
part 225/256 codes 10007 sha256 7444db15ed2791c55049e8d9b8b4da591266abe2ff0d39834ce22df74eca47f2
part 226/256 plantri: 1675150 polytopes written to stdout; cpu=28.40 sec wall_s 30.18
part 226/256 fg ref n 15 s 3 classes 0 expected_leaves 0 expected_ring 0
part 226/256 fg ref n 15 s 4 classes 0 expected_leaves 0 expected_ring 0
part 226/256 fg ref n 15 s 5 classes 3841 expected_leaves 127665 expected_ring 4035
part 226/256 fg ref n 15 s 6 classes 4664 expected_leaves 69606 expected_ring 4908
part 226/256 fg ref n 15 all 0 sabotage 0 read 1675150 class 1675150 kept 8505 expected_leaves 197271 expected_ring 8943 secs 30.18
part 226/256 codes 8505 sha256 d8aa72cf5ca0276715a38de23d779080b42685b53146256c5c39dc6bb2ddfc83
part 227/256 plantri: 1724818 polytopes written to stdout; cpu=31.27 sec wall_s 33.27
part 227/256 fg ref n 15 s 3 classes 0 expected_leaves 0 expected_ring 0
part 227/256 fg ref n 15 s 4 classes 2 expected_leaves 184 expected_ring 3
part 227/256 fg ref n 15 s 5 classes 4632 expected_leaves 154615 expected_ring 4916
part 227/256 fg ref n 15 s 6 classes 4725 expected_leaves 69684 expected_ring 5058
part 227/256 fg ref n 15 all 0 sabotage 0 read 1724818 class 1724818 kept 9359 expected_leaves 224483 expected_ring 9977 secs 33.27
part 227/256 codes 9359 sha256 c89b7f5b03299a2c440e9e30eb77ecb21bf250885e69bd531cb0c24653d06efa
part 228/256 plantri: 1730240 polytopes written to stdout; cpu=29.53 sec wall_s 31.49
part 228/256 fg ref n 15 s 3 classes 0 expected_leaves 0 expected_ring 0
part 228/256 fg ref n 15 s 4 classes 1 expected_leaves 72 expected_ring 2
part 228/256 fg ref n 15 s 5 classes 4308 expected_leaves 147930 expected_ring 4535
part 228/256 fg ref n 15 s 6 classes 5126 expected_leaves 77916 expected_ring 5448
part 228/256 fg ref n 15 all 0 sabotage 0 read 1730240 class 1730240 kept 9435 expected_leaves 225918 expected_ring 9985 secs 31.49
part 228/256 codes 9435 sha256 b5411ce6ff9b35d2b9ad39e627c1e4ba4a843a2eacc3312a76c5d5af52dfa0f2
part 229/256 plantri: 1824902 polytopes written to stdout; cpu=29.73 sec wall_s 31.70
part 229/256 fg ref n 15 s 3 classes 0 expected_leaves 0 expected_ring 0
part 229/256 fg ref n 15 s 4 classes 1 expected_leaves 44 expected_ring 1
part 229/256 fg ref n 15 s 5 classes 4769 expected_leaves 166940 expected_ring 5001
part 229/256 fg ref n 15 s 6 classes 5320 expected_leaves 78342 expected_ring 5541
part 229/256 fg ref n 15 all 0 sabotage 0 read 1824902 class 1824902 kept 10090 expected_leaves 245326 expected_ring 10543 secs 31.69
part 229/256 codes 10090 sha256 cfbbbe3e92723ddaaf8d9d622e3e08b23b50077c3843920e2435b05053c66cc0
part 230/256 plantri: 1653335 polytopes written to stdout; cpu=29.12 sec wall_s 30.95
part 230/256 fg ref n 15 s 3 classes 0 expected_leaves 0 expected_ring 0
part 230/256 fg ref n 15 s 4 classes 0 expected_leaves 0 expected_ring 0
part 230/256 fg ref n 15 s 5 classes 3741 expected_leaves 127640 expected_ring 3971
part 230/256 fg ref n 15 s 6 classes 3831 expected_leaves 58854 expected_ring 4067
part 230/256 fg ref n 15 all 0 sabotage 0 read 1653335 class 1653335 kept 7572 expected_leaves 186494 expected_ring 8038 secs 30.95
part 230/256 codes 7572 sha256 2063f50374a76e107648aff43d03870fb929ca95ea1d3258c2db4f540f9d16f2
part 231/256 plantri: 1763608 polytopes written to stdout; cpu=30.94 sec wall_s 32.91
part 231/256 fg ref n 15 s 3 classes 0 expected_leaves 0 expected_ring 0
part 231/256 fg ref n 15 s 4 classes 12 expected_leaves 896 expected_ring 16
part 231/256 fg ref n 15 s 5 classes 5560 expected_leaves 179170 expected_ring 5960
part 231/256 fg ref n 15 s 6 classes 5174 expected_leaves 75306 expected_ring 5480
part 231/256 fg ref n 15 all 0 sabotage 0 read 1763608 class 1763608 kept 10746 expected_leaves 255372 expected_ring 11456 secs 32.91
part 231/256 codes 10746 sha256 132f73af75e6fb44a6defae764dc44335a897ba06a7e6ba56a69f4f92b6a566f
part 232/256 plantri: 1644079 polytopes written to stdout; cpu=29.43 sec wall_s 31.28
part 232/256 fg ref n 15 s 3 classes 0 expected_leaves 0 expected_ring 0
part 232/256 fg ref n 15 s 4 classes 0 expected_leaves 0 expected_ring 0
part 232/256 fg ref n 15 s 5 classes 3316 expected_leaves 119160 expected_ring 3471
part 232/256 fg ref n 15 s 6 classes 4018 expected_leaves 60510 expected_ring 4261
part 232/256 fg ref n 15 all 0 sabotage 0 read 1644079 class 1644079 kept 7334 expected_leaves 179670 expected_ring 7732 secs 31.27
part 232/256 codes 7334 sha256 ef6e996156c4e406bca41b50d47844a174ee2b5c3a29c98e8ef5e6516e8e4f09
part 233/256 plantri: 1875577 polytopes written to stdout; cpu=30.67 sec wall_s 32.65
part 233/256 fg ref n 15 s 3 classes 0 expected_leaves 0 expected_ring 0
part 233/256 fg ref n 15 s 4 classes 1 expected_leaves 44 expected_ring 1
part 233/256 fg ref n 15 s 5 classes 4953 expected_leaves 169285 expected_ring 5190
part 233/256 fg ref n 15 s 6 classes 4881 expected_leaves 71496 expected_ring 5196
part 233/256 fg ref n 15 all 0 sabotage 0 read 1875577 class 1875577 kept 9835 expected_leaves 240825 expected_ring 10387 secs 32.65
part 233/256 codes 9835 sha256 1e32a14c8ac5f25165a0179fa987bd41ace7cda408eb36e5486e6263541911cb
part 234/256 plantri: 1843616 polytopes written to stdout; cpu=29.95 sec wall_s 31.97
part 234/256 fg ref n 15 s 3 classes 0 expected_leaves 0 expected_ring 0
part 234/256 fg ref n 15 s 4 classes 1 expected_leaves 96 expected_ring 1
part 234/256 fg ref n 15 s 5 classes 6488 expected_leaves 219295 expected_ring 6870
part 234/256 fg ref n 15 s 6 classes 6715 expected_leaves 96498 expected_ring 7266
part 234/256 fg ref n 15 all 0 sabotage 0 read 1843616 class 1843616 kept 13204 expected_leaves 315889 expected_ring 14137 secs 31.96
part 234/256 codes 13204 sha256 02d5e9663d3d9db5d0f752bacb8fdb33a32cab25d742e90b8f32c382b59c00a5
part 235/256 plantri: 1589179 polytopes written to stdout; cpu=29.14 sec wall_s 31.01
part 235/256 fg ref n 15 s 3 classes 0 expected_leaves 0 expected_ring 0
part 235/256 fg ref n 15 s 4 classes 0 expected_leaves 0 expected_ring 0
part 235/256 fg ref n 15 s 5 classes 3522 expected_leaves 122710 expected_ring 3685
part 235/256 fg ref n 15 s 6 classes 4005 expected_leaves 59796 expected_ring 4235
part 235/256 fg ref n 15 all 0 sabotage 0 read 1589179 class 1589179 kept 7527 expected_leaves 182506 expected_ring 7920 secs 31.01
part 235/256 codes 7527 sha256 ff8b345f8e24af72c8fa18bc831a94f50cd06b5002fa267346e77479e3a76829
part 236/256 plantri: 1653956 polytopes written to stdout; cpu=30.12 sec wall_s 32.09
part 236/256 fg ref n 15 s 3 classes 0 expected_leaves 0 expected_ring 0
part 236/256 fg ref n 15 s 4 classes 2 expected_leaves 184 expected_ring 2
part 236/256 fg ref n 15 s 5 classes 3370 expected_leaves 116155 expected_ring 3542
part 236/256 fg ref n 15 s 6 classes 4012 expected_leaves 58146 expected_ring 4285
part 236/256 fg ref n 15 all 0 sabotage 0 read 1653956 class 1653956 kept 7384 expected_leaves 174485 expected_ring 7829 secs 32.09
part 236/256 codes 7384 sha256 8e5c4d6cc02c71a3c0a8b2099d01aa24dd520aeab4a77df5897938ba4e794186
part 237/256 plantri: 1716690 polytopes written to stdout; cpu=29.84 sec wall_s 31.69
part 237/256 fg ref n 15 s 3 classes 0 expected_leaves 0 expected_ring 0
part 237/256 fg ref n 15 s 4 classes 1 expected_leaves 80 expected_ring 1
part 237/256 fg ref n 15 s 5 classes 4882 expected_leaves 157160 expected_ring 5108
part 237/256 fg ref n 15 s 6 classes 4513 expected_leaves 64539 expected_ring 4749
part 237/256 fg ref n 15 all 0 sabotage 0 read 1716690 class 1716690 kept 9396 expected_leaves 221779 expected_ring 9858 secs 31.69
part 237/256 codes 9396 sha256 13472a43cbbf479a97235e63449804e43cd2ebbc1c590a6b921d910592e862e8
part 238/256 plantri: 1805443 polytopes written to stdout; cpu=31.30 sec wall_s 33.27
part 238/256 fg ref n 15 s 3 classes 0 expected_leaves 0 expected_ring 0
part 238/256 fg ref n 15 s 4 classes 6 expected_leaves 340 expected_ring 7
part 238/256 fg ref n 15 s 5 classes 4083 expected_leaves 138815 expected_ring 4291
part 238/256 fg ref n 15 s 6 classes 4724 expected_leaves 70863 expected_ring 4963
part 238/256 fg ref n 15 all 0 sabotage 0 read 1805443 class 1805443 kept 8813 expected_leaves 210018 expected_ring 9261 secs 33.27
part 238/256 codes 8813 sha256 2fc1a46672911aa9db7389293eb90d5f15544c4155073307529561409a0e0fb8
part 239/256 plantri: 1792246 polytopes written to stdout; cpu=31.79 sec wall_s 33.76
part 239/256 fg ref n 15 s 3 classes 0 expected_leaves 0 expected_ring 0
part 239/256 fg ref n 15 s 4 classes 0 expected_leaves 0 expected_ring 0
part 239/256 fg ref n 15 s 5 classes 4768 expected_leaves 157447 expected_ring 5042
part 239/256 fg ref n 15 s 6 classes 4174 expected_leaves 61221 expected_ring 4451
part 239/256 fg ref n 15 all 0 sabotage 0 read 1792246 class 1792246 kept 8942 expected_leaves 218668 expected_ring 9493 secs 33.76
part 239/256 codes 8942 sha256 6312b45a0ad6d3a539b5c100ced17013019fbe0d3254adeead6a9af557994525
part 240/256 plantri: 1985143 polytopes written to stdout; cpu=32.89 sec wall_s 35.15
part 240/256 fg ref n 15 s 3 classes 0 expected_leaves 0 expected_ring 0
part 240/256 fg ref n 15 s 4 classes 3 expected_leaves 192 expected_ring 3
part 240/256 fg ref n 15 s 5 classes 5315 expected_leaves 179130 expected_ring 5606
part 240/256 fg ref n 15 s 6 classes 5738 expected_leaves 84244 expected_ring 6085
part 240/256 fg ref n 15 all 0 sabotage 0 read 1985143 class 1985143 kept 11056 expected_leaves 263566 expected_ring 11694 secs 35.15
part 240/256 codes 11056 sha256 4257268a89d97dc519e1bf327e11125697426818d4c0349eb7bc442d7605cc37
part 241/256 plantri: 1827719 polytopes written to stdout; cpu=31.08 sec wall_s 33.19
part 241/256 fg ref n 15 s 3 classes 0 expected_leaves 0 expected_ring 0
part 241/256 fg ref n 15 s 4 classes 0 expected_leaves 0 expected_ring 0
part 241/256 fg ref n 15 s 5 classes 5345 expected_leaves 186195 expected_ring 5625
part 241/256 fg ref n 15 s 6 classes 5965 expected_leaves 88440 expected_ring 6329
part 241/256 fg ref n 15 all 0 sabotage 0 read 1827719 class 1827719 kept 11310 expected_leaves 274635 expected_ring 11954 secs 33.19
part 241/256 codes 11310 sha256 cf9367becd602cf368066d530839a81c64b8a8b472113874c435792cbaa299dc
part 242/256 plantri: 1829116 polytopes written to stdout; cpu=30.88 sec wall_s 32.95
part 242/256 fg ref n 15 s 3 classes 0 expected_leaves 0 expected_ring 0
part 242/256 fg ref n 15 s 4 classes 2 expected_leaves 144 expected_ring 3
part 242/256 fg ref n 15 s 5 classes 4721 expected_leaves 162215 expected_ring 5022
part 242/256 fg ref n 15 s 6 classes 5128 expected_leaves 76884 expected_ring 5375
part 242/256 fg ref n 15 all 0 sabotage 0 read 1829116 class 1829116 kept 9851 expected_leaves 239243 expected_ring 10400 secs 32.95
part 242/256 codes 9851 sha256 1cf9ecc63c1406348be91b194fd1ffc380756209ec60592d17749621f051bec7
part 243/256 plantri: 1810708 polytopes written to stdout; cpu=29.99 sec wall_s 31.91
part 243/256 fg ref n 15 s 3 classes 0 expected_leaves 0 expected_ring 0
part 243/256 fg ref n 15 s 4 classes 5 expected_leaves 368 expected_ring 7
part 243/256 fg ref n 15 s 5 classes 4837 expected_leaves 154435 expected_ring 5095
part 243/256 fg ref n 15 s 6 classes 4829 expected_leaves 69882 expected_ring 5145
part 243/256 fg ref n 15 all 0 sabotage 0 read 1810708 class 1810708 kept 9671 expected_leaves 224685 expected_ring 10247 secs 31.91
part 243/256 codes 9671 sha256 58d22a895a0707605c4a3b004debefa79084c626e4039e6261c161f39547381c
part 244/256 plantri: 1866249 polytopes written to stdout; cpu=32.97 sec wall_s 35.06
part 244/256 fg ref n 15 s 3 classes 0 expected_leaves 0 expected_ring 0
part 244/256 fg ref n 15 s 4 classes 1 expected_leaves 80 expected_ring 2
part 244/256 fg ref n 15 s 5 classes 4125 expected_leaves 145635 expected_ring 4315
part 244/256 fg ref n 15 s 6 classes 4153 expected_leaves 61338 expected_ring 4462
part 244/256 fg ref n 15 all 0 sabotage 0 read 1866249 class 1866249 kept 8279 expected_leaves 207053 expected_ring 8779 secs 35.06
part 244/256 codes 8279 sha256 2705b7b32f68c887f94db5a634fb2af934dd0355269323dd838b0018675dd976
part 245/256 plantri: 1783237 polytopes written to stdout; cpu=31.21 sec wall_s 33.20
part 245/256 fg ref n 15 s 3 classes 0 expected_leaves 0 expected_ring 0
part 245/256 fg ref n 15 s 4 classes 2 expected_leaves 168 expected_ring 2
part 245/256 fg ref n 15 s 5 classes 5350 expected_leaves 181705 expected_ring 5643
part 245/256 fg ref n 15 s 6 classes 5557 expected_leaves 81856 expected_ring 5855
part 245/256 fg ref n 15 all 0 sabotage 0 read 1783237 class 1783237 kept 10909 expected_leaves 263729 expected_ring 11500 secs 33.19
part 245/256 codes 10909 sha256 f935fa4f182c5c20eb32c0cdb6124d11ec4d8b21ec95e894266f6be380fa06d3
part 246/256 plantri: 1968066 polytopes written to stdout; cpu=34.28 sec wall_s 36.70
part 246/256 fg ref n 15 s 3 classes 0 expected_leaves 0 expected_ring 0
part 246/256 fg ref n 15 s 4 classes 0 expected_leaves 0 expected_ring 0
part 246/256 fg ref n 15 s 5 classes 6146 expected_leaves 208595 expected_ring 6443
part 246/256 fg ref n 15 s 6 classes 6464 expected_leaves 96126 expected_ring 6774
part 246/256 fg ref n 15 all 0 sabotage 0 read 1968066 class 1968066 kept 12610 expected_leaves 304721 expected_ring 13217 secs 36.69
part 246/256 codes 12610 sha256 a072026d10416b0340512737c76d4d9718b72d4723e589b06333264873704593
part 247/256 plantri: 2013623 polytopes written to stdout; cpu=32.45 sec wall_s 34.70
part 247/256 fg ref n 15 s 3 classes 0 expected_leaves 0 expected_ring 0
part 247/256 fg ref n 15 s 4 classes 0 expected_leaves 0 expected_ring 0
part 247/256 fg ref n 15 s 5 classes 5674 expected_leaves 189360 expected_ring 6063
part 247/256 fg ref n 15 s 6 classes 6380 expected_leaves 95610 expected_ring 6752
part 247/256 fg ref n 15 all 0 sabotage 0 read 2013623 class 2013623 kept 12054 expected_leaves 284970 expected_ring 12815 secs 34.69
part 247/256 codes 12054 sha256 7e07d711892282c3a0167f0f228945907dcdb0d3053493f069a57fdfbc724966
part 248/256 plantri: 1854698 polytopes written to stdout; cpu=30.79 sec wall_s 32.99
part 248/256 fg ref n 15 s 3 classes 0 expected_leaves 0 expected_ring 0
part 248/256 fg ref n 15 s 4 classes 33 expected_leaves 2384 expected_ring 38
part 248/256 fg ref n 15 s 5 classes 5666 expected_leaves 174005 expected_ring 5997
part 248/256 fg ref n 15 s 6 classes 6062 expected_leaves 89148 expected_ring 6423
part 248/256 fg ref n 15 all 0 sabotage 0 read 1854698 class 1854698 kept 11761 expected_leaves 265537 expected_ring 12458 secs 32.98
part 248/256 codes 11761 sha256 2bb74e8398c97cf99ec3ef2178278a1d31bbc4246ef29c2111ec4e09d023727c
part 249/256 plantri: 1833830 polytopes written to stdout; cpu=30.63 sec wall_s 32.64
part 249/256 fg ref n 15 s 3 classes 0 expected_leaves 0 expected_ring 0
part 249/256 fg ref n 15 s 4 classes 10 expected_leaves 736 expected_ring 12
part 249/256 fg ref n 15 s 5 classes 4859 expected_leaves 159555 expected_ring 5166
part 249/256 fg ref n 15 s 6 classes 5480 expected_leaves 84294 expected_ring 5803
part 249/256 fg ref n 15 all 0 sabotage 0 read 1833830 class 1833830 kept 10349 expected_leaves 244585 expected_ring 10981 secs 32.64
part 249/256 codes 10349 sha256 2e17dbbb4b6ce0db9c9e629f6a33d9b92efc91d8d5bd45a881a1aa85d76411d7
part 250/256 plantri: 1906324 polytopes written to stdout; cpu=31.39 sec wall_s 33.47
part 250/256 fg ref n 15 s 3 classes 0 expected_leaves 0 expected_ring 0
part 250/256 fg ref n 15 s 4 classes 3 expected_leaves 240 expected_ring 4
part 250/256 fg ref n 15 s 5 classes 5802 expected_leaves 193495 expected_ring 6120
part 250/256 fg ref n 15 s 6 classes 6857 expected_leaves 102120 expected_ring 7276
part 250/256 fg ref n 15 all 0 sabotage 0 read 1906324 class 1906324 kept 12662 expected_leaves 295855 expected_ring 13400 secs 33.46
part 250/256 codes 12662 sha256 66621fc73419125a2fa765f81458bb22db49f9d4bc94f00c5e16be5765e5b6ae
part 251/256 plantri: 1846425 polytopes written to stdout; cpu=32.29 sec wall_s 34.44
part 251/256 fg ref n 15 s 3 classes 0 expected_leaves 0 expected_ring 0
part 251/256 fg ref n 15 s 4 classes 15 expected_leaves 1002 expected_ring 17
part 251/256 fg ref n 15 s 5 classes 5625 expected_leaves 181840 expected_ring 6051
part 251/256 fg ref n 15 s 6 classes 5896 expected_leaves 87984 expected_ring 6233
part 251/256 fg ref n 15 all 0 sabotage 0 read 1846425 class 1846425 kept 11536 expected_leaves 270826 expected_ring 12301 secs 34.44
part 251/256 codes 11536 sha256 f0d22176f4c16ed418feac64fb7b708a1fc435d7878076718e89f7826950ab9e
part 252/256 plantri: 1721645 polytopes written to stdout; cpu=30.33 sec wall_s 32.30
part 252/256 fg ref n 15 s 3 classes 0 expected_leaves 0 expected_ring 0
part 252/256 fg ref n 15 s 4 classes 2 expected_leaves 128 expected_ring 2
part 252/256 fg ref n 15 s 5 classes 5003 expected_leaves 165430 expected_ring 5300
part 252/256 fg ref n 15 s 6 classes 5760 expected_leaves 86676 expected_ring 6084
part 252/256 fg ref n 15 all 0 sabotage 0 read 1721645 class 1721645 kept 10765 expected_leaves 252234 expected_ring 11386 secs 32.30
part 252/256 codes 10765 sha256 3c7c4cd19b196fb59ac02ab6e0cbd71052f7c2471c6cf1b2b259d938bcd9cec5
part 253/256 plantri: 1892731 polytopes written to stdout; cpu=32.19 sec wall_s 34.42
part 253/256 fg ref n 15 s 3 classes 0 expected_leaves 0 expected_ring 0
part 253/256 fg ref n 15 s 4 classes 3 expected_leaves 192 expected_ring 4
part 253/256 fg ref n 15 s 5 classes 5102 expected_leaves 175235 expected_ring 5392
part 253/256 fg ref n 15 s 6 classes 5750 expected_leaves 86916 expected_ring 6039
part 253/256 fg ref n 15 all 0 sabotage 0 read 1892731 class 1892731 kept 10855 expected_leaves 262343 expected_ring 11435 secs 34.41
part 253/256 codes 10855 sha256 7b6ffaefed5ee77fd84fbacb321fe2bea95ee0fc4b08e65b315799e1820d81fb
part 254/256 plantri: 1783517 polytopes written to stdout; cpu=29.44 sec wall_s 31.23
part 254/256 fg ref n 15 s 3 classes 0 expected_leaves 0 expected_ring 0
part 254/256 fg ref n 15 s 4 classes 19 expected_leaves 1192 expected_ring 27
part 254/256 fg ref n 15 s 5 classes 4436 expected_leaves 147070 expected_ring 4723
part 254/256 fg ref n 15 s 6 classes 6110 expected_leaves 92634 expected_ring 6561
part 254/256 fg ref n 15 all 0 sabotage 0 read 1783517 class 1783517 kept 10565 expected_leaves 240896 expected_ring 11311 secs 31.22
part 254/256 codes 10565 sha256 4fdb094bbb799f585cab6fa00a6c7e9a7f6cdb8dbc203667251cb82c9b163ae7
part 255/256 plantri: 1771911 polytopes written to stdout; cpu=29.48 sec wall_s 29.82
part 255/256 fg ref n 15 s 3 classes 0 expected_leaves 0 expected_ring 0
part 255/256 fg ref n 15 s 4 classes 7 expected_leaves 412 expected_ring 11
part 255/256 fg ref n 15 s 5 classes 4781 expected_leaves 163035 expected_ring 5080
part 255/256 fg ref n 15 s 6 classes 4685 expected_leaves 68670 expected_ring 4967
part 255/256 fg ref n 15 all 0 sabotage 0 read 1771911 class 1771911 kept 9473 expected_leaves 232117 expected_ring 10058 secs 29.82
part 255/256 codes 9473 sha256 8e74725301ddd6b542ce92d678550b595e66b9c82e8078e33b62799167eb0f2d
